Questions;Correct Answer;1;2;3;4;Difficulty;Comment
In which phase of the CRISP-DM methodology is feature engineering typically performed?;Data Preparation;Data Understanding;Model Building;Data Preparation;Model Evaluation;Upper Intermediate;Feature engineering is usually carried out during the data preparation phase of the CRISP-DM methodology. This phase involves tasks such as cleaning, transforming, and selecting data to make it suitable for modeling. Feature engineering specifically focuses on creating new variables or features from existing data, which can help improve the performance of machine learning models. Techniques like encoding categorical variables, handling missing values, and creating interaction terms are commonly used in feature engineering to enhance the predictive power of the data.'\n\nDuring feature engineering, domain knowledge plays a crucial role in identifying relevant features and ensuring that the data is properly represented for the modeling process. By carefully engineering features in this phase, data scientists can extract valuable insights, reduce noise, and enhance the model's ability to generalize to unseen data, ultimately contributing to the success of the data mining project.
What is the difference between L1 and L2 regularization in machine learning?;L1 regularization encourages a sparse model by adding the absolute value of the coefficients to the loss function, while L2 regularization adds the sum of squared coefficients;L1 regularization scales the input features, while L2 regularization rescales the output predictions;L1 regularization uses ridge regression, while L2 regularization uses lasso regression;L1 regularization reduces the learning rate during training, while L2 regularization reduces the number of features;L1 regularization encourages a sparse model by adding the absolute value of the coefficients to the loss function, while L2 regularization adds the sum of squared coefficients;Upper Intermediate;In machine learning, L1 regularization and L2 regularization are techniques used to prevent overfitting in models. L1 regularization, also known as Lasso regularization, promotes sparsity by penalizing the absolute values of the coefficients, effectively forcing some coefficients to become zero. On the other hand, L2 regularization, or Ridge regularization, penalizes the sum of the squared coefficients, which tends to evenly reduce the impact of all coefficients without eliminating them entirely.'''L1 regularization can be useful for feature selection and creating simpler models, while L2 regularization is effective for handling multicollinearity and reducing the overall complexity of the model. Understanding the differences between L1 and L2 regularization is crucial for optimizing model performance and generalization ability in machine learning tasks.
Which algorithm can be used for both classification and regression tasks, and is based on probabilistic principles?;Naive Bayes;Support Vector Machines (SVM);Random forest;Naive Bayes;Logistic regression;Upper Intermediate;"Naive Bayes is a versatile algorithm used for both classification and regression tasks. It is based on probabilistic principles, specifically Bayes' theorem, which calculates the probability of a hypothesis given the data. In classification tasks, Naive Bayes calculates the probability of each class based on the input features and assigns the class with the highest probability. In regression tasks, the algorithm estimates the conditional probability distribution of the target variable given the input features.\n\n' \nNaive Bayes is considered ""naive"" because of the assumption of independence between features, meaning it assumes that the presence of one feature does not affect the presence of another. Despite this simplifying assumption, Naive Bayes is known for its simplicity, scalability, and efficiency in handling high-dimensional data. It is widely used in various applications like spam filtering, sentiment analysis, and medical diagnosis due to its speed and effectiveness in probabilistic calculations."
Which algorithm is known for its ability to handle imbalanced datasets and is commonly used for fraud detection?;Random Forest;Decision Trees;Support Vector Machines (SVM);Random Forest;Knearest neighbors (KNN);Upper Intermediate;Random Forest algorithm is renowned for its effectiveness in handling imbalanced datasets, where the class distribution is skewed. It employs an ensemble of decision trees that work together to provide more accurate and stable predictions. By aggregating the results from multiple trees, Random Forest can mitigate the issue of biased classification in imbalanced datasets, making it a popular choice for scenarios like fraud detection where the occurrence of fraud cases is relatively rare.\n\nRandom Forest is adept at capturing complex relationships within data and is less prone to overfitting compared to individual decision trees. It is capable of handling large volumes of data efficiently and can identify subtle patterns that may indicate fraudulent activities. With its robust performance in imbalanced dataset scenarios, Random Forest is widely used in fraud detection applications across various industries.
What algorithm is used for clustering data into non-overlapping groups?;Kmeans;Kmeans;Support Vector Machines;Linear Regression;Decision Trees;Upper Intermediate;K-means is a popular algorithm used for clustering data into non-overlapping groups. It aims to partition a dataset into K clusters where each data point belongs to the cluster with the nearest mean. The algorithm iteratively assigns data points to clusters and recalculates cluster centroids until convergence is reached.\n\nK-means is an iterative algorithm that finds the optimal cluster centers by minimizing the within-cluster variance, making it efficient and commonly used in many applications, such as customer segmentation, image processing, and anomaly detection. Its simplicity and effectiveness make it a go-to choice for clustering data into distinct and non-overlapping groups.
What is the purpose of AUC-ROC as an evaluation metric?;To measure the model's ability to discriminate between positive and negative classes;To measure the model's ability to discriminate between positive and negative classes;To measure model recall;To measure model precision;To measure model accuracy;Upper Intermediate;The purpose of Area Under the ROC Curve (AUC-ROC) as an evaluation metric is to assess a model's capability to distinguish between positive and negative classes. AUC-ROC quantifies the model's performance across various thresholds, revealing how well it separates the classes. A higher AUC-ROC value indicates superior discrimination power, with a value of 1 representing a perfect classification model.\n\n'AUC-ROC helps in comparing different models and selecting the one with the best predictive performance. It offers a comprehensive evaluation of the model's overall classification accuracy, making it a popular metric in assessing machine learning algorithms.'
What is the fundamental step to perform feature selection in a machine learning pipeline?;evaluate the importance of each Feature;evaluate the importance of each Feature;Apply Dimensionality reduction techniques;standardize the features;  train the model on the entire dataset without Feature selection;Upper Intermediate;The fundamental step to perform feature selection in a machine learning pipeline is to evaluate the importance of each feature. This process involves assessing how much each feature contributes to the prediction task, typically using techniques like feature importance scores, correlation analysis, or model-based selection methods.\n' \nBy understanding the importance of individual features, data scientists can identify which features are most relevant and impactful for the model's performance. Feature selection helps in improving model accuracy, reducing overfitting, and enhancing interpretability by focusing on the most valuable information within the dataset.
Which algorithm is commonly used for clustering data points based on similarity or distance metrics?;Kmeans clustering;Support vector machine;Kmeans clustering;Linear regression;Decision tree;Upper Intermediate;"Kmeans clustering is a popular algorithm used for grouping data points based on similarity or distance metrics. It seeks to partition a dataset into K clusters by iteratively assigning data points to the nearest cluster center and updating the center based on the mean of all assigned points.\n\nThe algorithm aims to minimize the within-cluster sum of squares, making it effective in identifying clusters with compact and well-separated boundaries. Kmeans is computationally efficient and works well with large datasets; however, it requires the user to specify the number of clusters (K) beforehand and may converge to local minima based on the initial cluster centers.\n\n"
Which technique is used to handle missing data by substituting the missing values with estimated values based on other available data points?;Imputation;Regularization;Imputation;Sampling;Feature scaling;Upper Intermediate;Imputation is the technique used to handle missing data by replacing the missing values with estimated values derived from other available data points. It is a common approach in data preprocessing to ensure that datasets are complete and suitable for analysis. Imputation methods can vary, such as mean imputation, median imputation, or predictive imputation, depending on the nature of the data and the analysis goals.\n\nBy employing imputation, data scientists can maintain the integrity and utility of datasets, enabling accurate statistical analyses and machine learning modeling. This practice helps to avoid biases that may arise from omitting incomplete records, ultimately leading to more reliable and robust insights from the data.
What is the process of reducing the dimensionality of data while preserving most of the information called?;Principal Component Analysis;Random Forest;Principal Component Analysis;Kmeans clustering;Support Vector Machines;Upper Intermediate;Principal Component Analysis (PCA) is a technique used in data science to reduce the dimensionality of data while retaining the most critical information. It works by transforming the data into a lower-dimensional space defined by the principal components. These components are orthogonal vectors that capture the maximum variance in the data, allowing for a more efficient representation while minimizing information loss.'\n\nPCA is often used for data visualization, noise reduction, and feature selection in machine learning and pattern recognition tasks. By identifying the principal components that best represent the data, PCA simplifies complex datasets and helps in uncovering underlying patterns and relationships between variables.'
Which technique is used to prevent overfitting in machine learning models by dividing the dataset into training, validation, and testing sets?;Crossvalidation;Crossvalidation;Regularization;Grid search;Traintest split;Upper Intermediate;Cross-validation is a technique used to prevent overfitting in machine learning models. It involves dividing the dataset into training, validation, and testing sets. In this method, the model is trained on the training set and evaluated on the validation set multiple times, which helps in assessing its performance and generalization capabilities.'\n\n'By using cross-validation, we can effectively tune the model's hyperparameters and ensure that it performs well on unseen data. It helps in creating a more robust and reliable machine learning model by reducing the risk of overfitting and making the model more generalizable to new data.'
Which of the following is an unsupervised learning algorithm commonly used for clustering?;Kmeans;Support Vector Machines;Kmeans;Random Forests;Decision Trees;Upper Intermediate;KMeans is a popular unsupervised learning algorithm used for clustering data points. It aims to partition the data into K clusters where each data point belongs to the cluster with the nearest mean. The algorithm iteratively assigns data points to the nearest cluster mean and updates the mean based on the average of all data points assigned to that cluster.\n\nThe KMeans algorithm is efficient and easy to implement, making it suitable for large datasets and real-world applications. It is widely used in various fields such as customer segmentation, anomaly detection, and image segmentation.
Which technique is commonly used for feature selection to reduce dimensionality?;Principal Component Analysis (PC;Association rule mining;Decision trees;Principal Component Analysis (PC;Knearest neighbors (KNN);Upper Intermediate;Principal Component Analysis (PCA) is a commonly used technique for feature selection to reduce dimensionality in data science. PCA is a statistical method that transforms the original variables into a new set of orthogonal variables called principal components. These components capture the maximum amount of variance in the data, allowing for a more efficient representation of the information present in the dataset while reducing the number of features needed for analysis.\n\nBy using PCA for feature selection, redundant or less important features are identified and eliminated, leading to a simplified and more manageable dataset with minimal loss of information. PCA helps in improving the computational efficiency of models, reducing noise in the data, and enhancing the interpretability of the results obtained from machine learning algorithms.'
Which statistical test is appropriate for comparing categorical variables in a contingency table?;Chisquared test;Ttest;ANOVA;Chisquared test;Fisher's exact test;Upper Intermediate;The appropriate statistical test for comparing categorical variables in a contingency table is the Chi-squared test. This test evaluates the independence between two or more categorical variables by comparing the observed frequencies in the contingency table with the expected frequencies under the assumption of independence. It is commonly used to determine if there is a significant association between the variables being studied based on the calculated Chi-squared statistic.\n\nThe Chi-squared test is valuable in analyzing data where the variables are categorical and the relationship between them needs to be assessed. It helps researchers understand whether the observed frequencies in the contingency table differ significantly from what would be expected if there was no association between the variables. By conducting a Chi-squared test, one can draw conclusions about the strength and significance of the relationship between the categorical variables being examined.
Which statistical analysis technique is used to identify relationships between variables?;Linear Regression;Association Rule Mining;Kmeans clustering;Linear Regression;Principal Component Analysis (PC;Upper Intermediate;Linear regression is a statistical analysis technique used to model the relationship between a dependent variable and one or more independent variables. It helps in understanding and predicting how the dependent variable changes when the independent variables are modified. By fitting a line to the data points, linear regression can identify and quantify the relationship between variables, providing insights into the strength and direction of the association.\n\nIn linear regression, the aim is to minimize the differences between the observed values and the values predicted by the model, typically achieved by finding the best-fitting line through the data points. This technique is widely used in various fields such as economics, biology, social sciences, and more to analyze and interpret relationships between variables and make informed decisions based on the observed patterns.
Which technique is used to identify the most important features in a dataset?;Principal Component Analysis (PC;Kmeans clustering;Principal Component Analysis (PC;Recursive Feature Elimination (RFE);Support Vector Machines (SVM);Upper Intermediate;Principal Component Analysis (PCA) is a popular technique used to identify the most important features in a dataset. It accomplishes this by transforming the original variables into a new set of orthogonal variables called principal components, where each component captures as much variance in the data as possible. By ranking the principal components based on their variance explained, one can determine the most significant features affecting the dataset's variability.' \n'\nPCA is widely utilized in dimensionality reduction and data visualization tasks, allowing data scientists to gain insights into the underlying patterns and relationships among different variables. Through PCA, one can simplify complex datasets to reveal the essential features that drive the data's behavior and make informed decisions based on these key components.
Which technique is used to validate and optimize a machine learning model by splitting the dataset into multiple subsets?;Crossvalidation;Boosting;Bagging;Crossvalidation;Stacking;Upper Intermediate;Cross-validation is a technique used to validate and optimize a machine learning model by splitting the dataset into multiple subsets. This ensures that the model is tested on different partitions of the data, helping to evaluate its performance under various scenarios and prevent overfitting. By repeatedly training and testing the model on different subsets, cross-validation provides a robust assessment of its generalization capability.\n\nOne common method of cross-validation is k-fold cross-validation, where the dataset is divided into k subsets, or folds. The model is trained on k-1 folds and tested on the remaining fold, and this process is repeated k times, with each fold serving as the validation set exactly once. This allows for a more comprehensive evaluation of the model's performance across different data points and helps to fine-tune its parameters for optimal results.
"In feature selection, what does the term ""collinearity"" refer to?";The high correlation between predictor variables;The imbalance between classes in a classification problem;The presence of outliers in the dataset;The high correlation between predictor variables;The presence of missing values in the dataset;Upper Intermediate;Collinearity in feature selection refers to the high correlation between predictor variables. When two or more features in a dataset are highly correlated, it can cause issues such as multicollinearity, which can lead to unstable estimates and difficulties in interpreting the model results. Detecting and addressing collinearity is essential in order to build reliable and accurate predictive models.\n\nHaving collinear variables can significantly impact the model's performance and make it challenging to determine the true relationship between predictors and the target variable. Techniques such as variance inflation factor (VIF) and principal component analysis (PCA) are commonly used to identify and mitigate collinearity in feature selection processes. Addressing collinearity can help improve the model's accuracy and stability, leading to better insights and decision-making based on the data.
Which algorithm is known for its ability to handle missing values in the dataset?;KNearest Neighbors (KNN);Support Vector Machines;Random Forest;Naive Bayes;KNearest Neighbors (KNN);Upper Intermediate;K-Nearest Neighbors (KNN) is known for its ability to handle missing values in the dataset by imputing them based on the values of the closest neighbors. It is a non-parametric algorithm that classifies a data point based on its similarity to other labeled data points. When a data point has missing values, KNN takes into account the available features of the nearest neighbors to estimate the missing values for that point.\n\nKNN is particularly useful in handling missing data because it calculates similarities based on the available features, making it robust in scenarios where other algorithms may struggle with missing values. By considering the nearest neighbors, KNN leverages existing information to impute missing values, allowing for more accurate predictions and classifications even with incomplete datasets.
What is the difference between a regression problem and a classification problem?;Regression predicts continuous numerical values, while classification predicts discrete categories;Regression and classification both predict discrete categories;Regression predicts continuous numerical values, while classification predicts discrete categories;Regression and classification both predict continuous numerical values;Regression predicts categories, while classification predicts continuous numerical values;Upper Intermediate;In data science, the primary distinction between a regression problem and a classification problem lies in the type of output they aim to predict. Regression tasks involve predicting continuous numerical values, such as house prices or temperature, based on input variables. On the other hand, classification problems focus on predicting discrete categories or classes, like whether an email is spam or not, or classifying types of flowers based on their features.\n\nIn regression, the goal is to understand the relationship between input features and the continuous target variable. This typically involves fitting a mathematical model to the data that can make predictions within a range of values. In contrast, classification algorithms are designed to classify data points into predefined categories, often referred to as classes, based on the input features. This distinction in output types drives the choice of algorithms and evaluation metrics used in solving regression and classification problems.'
What is the purpose of a dendrogram in hierarchical clustering?;It visualizes the hierarchical relationship between data points;It calculates the distance between two clusters;It determines the optimal number of clusters;It summarizes the cluster results using statistical measures;It visualizes the hierarchical relationship between data points;Upper Intermediate;A dendrogram in hierarchical clustering serves the purpose of visually representing the hierarchical relationship between data points. It provides a clear and intuitive way to understand how data points are grouped and clustered based on their similarities and differences. By displaying the structure of the clustering process in a tree-like format, a dendrogram allows for easy identification of distinct clusters and subclusters within the dataset.\n\nThe main advantage of using a dendrogram in hierarchical clustering is that it helps in determining the optimal number of clusters by identifying the points at which different branches merge. This visualization tool aids data scientists in making informed decisions about the appropriate level of granularity for clustering analysis, ultimately leading to more accurate and interpretable results.'
Which technique can handle missing data in a dataset?;Imputation;Imputation;Ensemble Methods;Dimensionality Reduction;Regularization;Upper Intermediate;Imputation is a technique used to handle missing data in a dataset. It involves estimating missing values based on the available data to provide a more complete dataset for analysis. There are various methods of imputation such as mean imputation, median imputation, and regression imputation, each suitable for different scenarios. By imputing missing values, the dataset remains usable for analysis, preventing the need to discard incomplete data and potentially losing valuable information.'\n\nImputation helps maintain the integrity and reliability of data analysis results by ensuring that missing values do not adversely impact statistical analyses. It is a common practice in data preprocessing and is essential for many machine learning algorithms that cannot handle missing data. Properly implemented imputation techniques can lead to more accurate and robust models and insights from the data.'
Which evaluation metric is appropriate for imbalanced classification problems where the focus is on detecting the minority class accurately?;Recall;F1score;Accuracy;Recall;Precision;Upper Intermediate;Recall is a suitable evaluation metric for imbalanced classification tasks focused on accurately detecting the minority class. It measures the proportion of actual positive instances correctly identified by the model, giving insight into the model's ability to capture all positive cases, including the minority class. High recall indicates fewer false negatives, which is crucial in imbalanced datasets to avoid missing potentially important instances. However, solely relying on recall may not provide a complete picture of model performance, as it does not consider false positives or precision. It is advisable to consider other metrics like precision, F1 score, or area under the ROC curve in conjunction with recall to have a more comprehensive evaluation of the model's effectiveness in imbalanced scenarios.'''
Which model evaluation metric is appropriate when the cost of false positives is significantly higher than false negatives?;Precision;Specificity;Recall;F1score;Precision;Upper Intermediate;When the cost of false positives is higher than false negatives, precision is the appropriate model evaluation metric to focus on. Precision calculates the proportion of true positive cases among all positive predictions made by the model. It is essential when the cost of misclassifying a negative instance as positive is more critical than the opposite scenario. High precision indicates a low rate of false positives, making it a valuable metric in cases where false positives are costly.\n\nIn this scenario, achieving high precision helps minimize the number of false alarms or incorrect positive predictions. By prioritizing precision, the model aims to ensure that the positive predictions it makes are highly accurate, reducing the potential negative consequences of falsely identifying something as a positive case when it is not.
When do we use stratified sampling instead of random sampling?;When the target variable is imbalanced and we want to ensure representative samples;When the target variable is imbalanced and we want to ensure representative samples;When we have a small dataset and want to reduce computation time;When the data is timeseries and we need to account for temporal dependence;When feature engineering requires generating new synthetic data points;Upper Intermediate;Stratified sampling is preferred over random sampling when there is an imbalance in the target variable across the dataset. By dividing the population into homogeneous subgroups based on certain characteristics related to the target variable, stratified sampling helps ensure that each subgroup is represented adequately in the sample. This method provides a more accurate representation of the population, especially when certain subgroups are underrepresented in the dataset.\n\nRandom sampling, on the other hand, may not guarantee an equal representation of all subgroups, leading to biased results when the target variable is imbalanced. Stratified sampling addresses this issue by proportionally sampling from each subgroup, thus providing a more reliable and representative sample for analysis.'
When evaluating a classification model, what does precision measure?;The proportion of true positive predictions among all positive predictions;The proportion of true negative predictions among all negative predictions;The proportion of true positive predictions among all actual positive instances;The proportion of true negative predictions among all actual negative instances;The proportion of true positive predictions among all positive predictions;Upper Intermediate;Precision in a classification model measures the proportion of correctly predicted positive instances (true positives) out of all instances that were predicted as positive. It focuses on the accuracy of positive predictions made by the model. Precision helps in understanding the model's ability to minimize false positives, by indicating how confident we can be when the model predicts a positive outcome.\n\nA high precision value indicates that the model is good at correctly identifying positive instances, while a low precision suggests that the model may be labeling many negative instances as positive. This metric is particularly important when the cost of false positive predictions is high in a given problem scenario, such as in medical diagnoses or fraud detection applications.
When is it appropriate to use supervised learning algorithms?;When labeled data is available for training;When labeled data is available for training;When the target variable is continuous;When the relationship between features is unknown;When the dataset has a high dimensionality;Upper Intermediate;Supervised learning algorithms are appropriate when labeled data is available for training. Labeled data consists of input-output pairs, enabling the algorithm to learn patterns and make predictions based on this guidance. This type of learning is effective in tasks such as classification and regression, where the algorithm can map inputs to outputs with high accuracy.\n\nIn supervised learning, the model is trained on historical data with known outcomes, allowing it to make predictions on new, unseen data. This method is suitable when the goal is to predict future outcomes based on existing patterns within the data. Overall, supervised learning algorithms are valuable in scenarios where a clear relationship between input and output variables exists, making them an essential tool in various machine learning applications.'
Which metric is appropriate for evaluating imbalanced classification tasks?;Area Under the ROC Curve (AUCRO;Rsquared;Area Under the ROC Curve (AUCRO;Mean Absolute Error (MAE);Mean Squared Error (MSE);Upper Intermediate;In imbalanced classification tasks, where one class heavily outweighs the other, the Area Under the ROC Curve (AUCROC) metric is often considered appropriate for evaluation. AUCROC determines the model's ability to distinguish between positive and negative class instances, providing a more informative performance measure compared to accuracy. It considers various thresholds and showcases the trade-offs between true positive rate and false positive rate, making it robust for imbalanced data evaluation.\n\nBy calculating the AUCROC, one can assess the model's overall performance across different imbalance ratios, offering a comprehensive understanding of its predictive power for rare class instances. This metric is widely used in scenarios where the dataset has significant class imbalance, ensuring a more accurate analysis of the model's classification capabilities.'
How does a decision tree split the data?;Based on feature conditions;Based on the distance between data points;Randomly;Based on the class labels;Based on feature conditions;Upper Intermediate;A decision tree splits the data by recursively dividing it based on feature conditions. At each node of the tree, a feature condition is applied to separate the data into distinct groups. The process continues until a certain criteria is met, such as a maximum tree depth or a minimum number of samples per leaf.\n\nThe splitting process aims to create subsets of data that are as pure as possible with respect to the target variable. This means that each subgroup at a node consists of similar data points with regards to the target variable, increasing the predictive power of the decision tree model.
In machine learning, which type of algorithm is used for regression tasks?;Decision tree;Kmeans clustering;Naive Bayes;AdaBoost;Decision tree;Upper Intermediate;In machine learning, decision tree algorithms are commonly used for regression tasks. Decision trees are tree-like structures where internal nodes represent feature attributes, branches represent decision rules, and leaf nodes represent the outcome. When used for regression, decision trees predict continuous values by partitioning the feature space into regions and assigning a constant value to each region based on the average target value of the training instances within that region. \nDecision trees are popular for regression tasks due to their interpretability, ease of visualization, and ability to handle both numerical and categorical data without requiring extensive preprocessing steps. They are particularly useful when dealing with non-linear relationships between variables and have the flexibility to adapt to complex datasets, making them a versatile choice for regression analysis in machine learning.'
Which algorithm is used for making predictions in regression tasks?;Linear Regression;KMeans Clustering;Naive Bayes;Linear Regression;Decision Tree;Upper Intermediate;Linear Regression is a fundamental algorithm used for making predictions in regression tasks. It models the relationship between the independent variables (features) and dependent variable (target) by fitting a straight line to the data points. The goal is to minimize the difference between the actual values and the predicted values through the line equation (y = mx + b).\n\nThis algorithm is widely employed for its simplicity and interpretability. It assumes a linear relationship between the variables, making it suitable for scenarios where a linear model can adequately capture the underlying patterns in the data. Additionally, it provides insights into the impact of each feature on the target variable, aiding in understanding the data relationships and making reliable predictions.
Which algorithm is commonly used for anomaly detection tasks to identify unusual observations in a dataset?;Isolation Forest;Random Forest;kmeans clustering;Isolation Forest;Support Vector Machines (SVM);Upper Intermediate;Isolation Forest is a commonly used algorithm for anomaly detection tasks. It works by creating isolation trees that isolate anomalies by randomly selecting features and splitting points. Anomalies are isolated in shorter paths within the tree structure, making them easier to identify as outliers in the dataset.'''\n\nIsolation Forest is efficient in identifying anomalies, especially in high-dimensional datasets, by leveraging the concept of isolation to quickly separate abnormal observations. This algorithm stands out for its ability to handle large datasets with varied features and for its effectiveness in detecting outliers without relying on complex assumptions or parameter tuning.
What technique is used to reduce the dimensionality of a dataset by projecting it onto a lower-dimensional space while preserving the variance of the original data?;Principal Component Analysis (PC;Principal Component Analysis (PC;Recurrent Neural Networks (RNN);Decision Trees;Naive Bayes;Upper Intermediate;Principal Component Analysis (PCA) is a technique used to reduce the dimensionality of a dataset by projecting it onto a lower-dimensional space while preserving the variance of the original data. It achieves this by identifying the principal components, which are the directions in which the data varies the most. These principal components are orthogonal to each other and form a basis for the new lower-dimensional space.'\n\nPCA is commonly used for data compression, visualization, and noise reduction in various fields, including image processing and finance. By retaining the most important information in the dataset, PCA helps to simplify complex datasets and make them more manageable for further analysis or modeling.'
Which evaluation metric is commonly used for binary classification tasks to assess the model's performance, particularly when dealing with imbalanced datasets?;Area Under the ROC Curve (AUCRO;Rsquared (R2);Mean Absolute Error (MAE);Mean Squared Error (MSE);Area Under the ROC Curve (AUCRO;Upper Intermediate;The Area Under the ROC Curve (AUCROC) is a commonly used evaluation metric for binary classification tasks, especially when handling imbalanced datasets. AUCROC assesses the model's ability to distinguish between the two classes by plotting the true positive rate against the false positive rate. A higher AUCROC value closer to 1 indicates a better-performing model in terms of classification accuracy.\n\nAUCROC is preferred in imbalanced datasets as it is less sensitive to class distribution and provides a more comprehensive understanding of the model's performance across different thresholds. It measures the model's overall predictive power regardless of the class distribution, making it a reliable metric for evaluating the performance of binary classification models in real-world scenarios.'
Which ensemble learning method constructs multiple decision trees and combines their predictions to make a final prediction?;Random Forest;Random Forest;XGBoost;Gradient Boosting Machine (GBM);AdaBoost;Upper Intermediate;Random Forest is an ensemble learning method that utilizes multiple decision trees to make predictions. Each decision tree in the Random Forest is trained on a different subset of the training data using a technique called bootstrapping. Then, the predictions from all the trees are combined through a process called averaging or voting to make the final prediction. This ensemble technique helps to reduce overfitting and improve the overall predictive performance of the model.''\n\nRandom Forest is known for its robustness against noisy data and outliers, making it a popular choice for various machine learning tasks such as classification and regression. By aggregating the predictions of multiple decision trees, Random Forest can capture complex relationships in the data and provide more accurate and stable predictions compared to individual trees.'
Which algorithm is used for clustering tasks that aims to group data points into a pre-specified number of clusters?;Kmeans clustering;Random Forest;Decision tree;Kmeans clustering;Support Vector Machine (SVM);Upper Intermediate;K-means clustering is a popular algorithm used for partitioning a dataset into a pre-specified number of clusters. It works by iteratively assigning data points to clusters based on the nearest centroid and then updating the centroid positions to minimize the total within-cluster variance.\n\nThe goal of K-means clustering is to minimize the distances of data points to the centroid of their assigned cluster, thus forming compact clusters. This process is repeated until a convergence criterion is met, leading to the final clustering solution. K-means is efficient, easy to implement, and suitable for large datasets, making it widely used in various applications requiring data segmentation and pattern recognition.
In which phase of the CRISP-DM process does feature engineering take place?;Data Preparation;Modeling;Data Understanding;Data Preparation;Evaluation;Upper Intermediate;Feature engineering typically occurs during the Data Preparation phase of the CRISP-DM process. This phase involves understanding, selecting, and transforming the data to ensure it is in a suitable format for modeling. Feature engineering specifically focuses on creating new features or modifying existing ones to improve the performance of machine learning models. It involves techniques such as encoding categorical variables, scaling numerical features, and creating interaction terms to capture more complex relationships within the data.''\n\nDuring feature engineering, data scientists strive to extract relevant information and insights from the raw data, ultimately enhancing the predictive power of the models. It is a crucial step in the machine learning pipeline as well-constructed features can significantly impact the model's accuracy and generalization ability. By carefully engineering features during the Data Preparation phase, data scientists can effectively leverage the data to build robust and reliable predictive models.
What is an A/B test used for in data science?;Comparing two versions of a webpage or app feature;Classifying images;Generating random numbers;Determining feature importance;Comparing two versions of a webpage or app feature;Upper Intermediate;An A/B test in data science is a controlled experiment used to compare two versions of a webpage or app feature, typically with the aim of determining which version performs better based on predefined metrics such as click-through rates, conversion rates, or user engagement metrics. By dividing users into two groups and exposing each group to a different version, data scientists can analyze the impact of the changes and make informed decisions to optimize the performance of the webpage or app feature.\n\nThis method allows businesses to make data-driven decisions and improvements to their products or services, ultimately leading to better user experiences and increased performance. It helps in understanding user behavior and preferences, as well as in identifying the most effective strategies to enhance conversion rates and overall user satisfaction.'
Which technique can be used for feature extraction on text data?;TFIDF (Term FrequencyInverse Document Frequency);TFIDF (Term FrequencyInverse Document Frequency);Principal Component Analysis (PC;KMeans Clustering;Gradient Boosting;Upper Intermediate;TFIDF (Term Frequency-Inverse Document Frequency) is a technique commonly used for feature extraction on text data. It calculates the importance of a word in a document relative to a collection of documents. The TFIDF value increases proportionally to the number of times a word appears in a document but is offset by the frequency of the word across all documents.''\n''\nTFIDF helps identify the significance of a word in a document and is often used in natural language processing tasks like text classification, information retrieval, and text mining. By assigning weights to words based on their frequency and rarity, TFIDF enables the machine learning model to focus on relevant features during analysis.'
Which evaluation metric is commonly used for regression tasks to measure the average deviation of predictions from the actual values?;Mean Absolute Error (MAE);F1 score;Accuracy;Precision;Mean Absolute Error (MAE);Upper Intermediate;Mean Absolute Error (MAE) is a common evaluation metric used for regression tasks. It calculates the average deviation of predictions from the actual values by taking the absolute difference between predicted and actual values for each data point, then averaging these differences. MAE provides a straightforward and easy-to-interpret measure of the model's accuracy in predicting continuous numerical outcomes.' \n'\nIn contrast to other metrics like Mean Squared Error (MSE), MAE does not penalize large errors as significantly, making it more robust to outliers in the data. A lower MAE indicates better performance of the regression model in terms of prediction accuracy and ability to minimize errors.
How does the Naive Bayes algorithm handle feature independence assumption?;It assumes that all features are conditionally independent given the target variable;It assumes that all features are conditionally independent given the target variable;It ignores the assumption of feature independence and considers all features equally;It calculates probabilities based on the assumption that all features are dependent;It transforms the features to make them independent before training the model;Upper Intermediate;"Naive Bayes algorithm handles feature independence assumption by assuming that all features are conditionally independent given the target variable. This means that the algorithm assumes each feature makes an independent and equal contribution to predicting the target variable. Despite its simplicity and the ""naive"" assumption, Naive Bayes can perform well on various classification tasks and is particularly efficient for text classification and spam filtering.'\n'Understanding and leveraging the feature independence assumption helps in building efficient classifiers and can be effective in situations where the assumption holds true or approximately true. However, in practice, it's important to be aware that the assumption may not always hold and can impact the accuracy of the algorithm."
Which algorithm is used for recommendation systems?;Collaborative Filtering;Gradient Boosting;Decision Trees;Collaborative Filtering;Naive Bayes;Upper Intermediate;Collaborative Filtering is the algorithm commonly used in recommendation systems to provide personalized recommendations by analyzing the preferences and behaviors of users. It works based on the idea that users who have liked or interacted with similar items in the past are likely to have similar preferences in the future.''\n''This algorithm can be implemented in two main ways: user-based collaborative filtering and item-based collaborative filtering. User-based filtering recommends items to a user that similar users have liked, while item-based filtering recommends items similar to those the user has liked in the past. Collaborative Filtering is popular due to its ability to provide accurate recommendations without requiring a deep understanding of item content.''
Which of the following is NOT a characteristic of a well-performing classification model?;Low recall;High F1 score;High accuracy;Low precision;Low recall;Upper Intermediate;Low recall is NOT a characteristic of a well-performing classification model. Recall, also known as sensitivity, measures the model's ability to correctly identify all relevant instances within a dataset. A low recall score indicates that the model is failing to capture a significant portion of relevant instances, leading to missed opportunities for correct classification.\n\nIn contrast, a well-performing classification model typically exhibits high recall along with high precision, accuracy, and F1 score. High recall ensures that the model can identify a large portion of relevant instances, minimizing false negatives and producing more reliable predictions overall.
Which method can be used for feature selection?;Recursive Feature Elimination (RFE);Bagging;Recursive Feature Elimination (RFE);AdaBoost;Lasso regularization;Upper Intermediate;Recursive Feature Elimination (RFE) is a popular method for feature selection in machine learning. It works by recursively removing attributes and building a model on the remaining attributes. The importance of each feature is then determined through the model's performance metrics. By iteratively eliminating the least important features, RFE helps identify the most relevant attributes for predicting the target variable, leading to improved model performance and reduced complexity.\n\nRFE is advantageous because it not only selects the best subset of features for a model but also helps in understanding the contribution of each feature towards the overall prediction task. This method is effective in reducing overfitting, enhancing model interpretability, and optimizing computational resources by focusing on the most informative features.
Which ensemble learning method combines multiple weak classifiers using a weighted majority vote?;AdaBoost;Random Forest;Gradient Boosting;AdaBoost;Bagging;Upper Intermediate;AdaBoost is an ensemble learning method that combines multiple weak classifiers through a weighted majority vote. It works by iteratively training the weak classifiers on the same dataset, assigning higher weights to the misclassified instances in each round. This process allows the weak learners to focus on the most challenging examples, improving the overall performance of the ensemble model.\n\nBy adjusting the weights of each weak classifier based on its performance, AdaBoost ensures that the final decision is made by considering the opinions of all classifiers in proportion to their individual strengths. This approach leads to a powerful combination of multiple weak learners, resulting in a strong ensemble model capable of making accurate predictions for complex datasets.'
What is the goal of k-fold cross-validation?;To estimate the performance of a model on unseen data;To estimate the performance of a model on unseen data;To reduce the model's complexity;To speed up the training process;To overfit the model to the training data;Upper Intermediate;The goal of k-fold cross-validation is to assess the performance of a machine learning model on new, unseen data by dividing the available dataset into k subsets. The model is trained on k-1 subsets and tested on the remaining subset, iterating this process k times to ensure thorough validation. By doing so, we can obtain a more accurate estimate of the model's performance on unseen data, avoiding bias and overfitting. This technique provides a reliable way to evaluate the model's generalization capabilities and robustness across different data partitions.\n\nK-fold cross-validation helps in validating the model's performance by effectively utilizing the entire dataset for training and testing. This method is particularly useful when the dataset is limited or when we want to maximize the use of available data for evaluation purposes. It helps in determining how well the model will perform when applied to new, unseen data, guiding us in making more informed decisions about the model's validity and generalizability.'
Which type of cross-validation technique is known for its ability to handle imbalanced datasets?;Stratified Kfold crossvalidation;Stratified Kfold crossvalidation;LeaveOneout crossvalidation;Random Kfold crossvalidation;shufflesplit crossvalidation;Upper Intermediate;Stratified Kfold cross-validation is a technique known for its effectiveness in handling imbalanced datasets. This method ensures that each fold of the dataset maintains the same class distribution as the original dataset, making it particularly useful when dealing with uneven class proportions. By preserving the class distribution in each fold, the model training and evaluation process is more representative and reliable, especially for imbalanced datasets where certain classes are underrepresented.\n\nThis technique helps prevent bias in the model by providing a fair representation of all classes during the training and testing phases. It improves the generalization performance of the model by ensuring that it is exposed to all classes equally, leading to more robust and accurate predictions on imbalanced datasets.'
Which algorithm is commonly used for collaborative filtering and recommendation systems?;Matrix Factorization;Kmeans clustering;Matrix Factorization;Decision Trees;Support Vector Machines;Upper Intermediate;Matrix factorization is a commonly used algorithm for collaborative filtering and recommendation systems. It works by decomposing a large matrix into smaller, more manageable matrices that represent latent factors. These factors capture the underlying characteristics of items and users, enabling personalized recommendations to be made based on similarities between users and items.'\n\nMatrix factorization helps to overcome the sparsity issue commonly found in recommendation systems, where not all users have rated all items. By reducing the dimensionality of the original matrix, it enables efficient computation of recommendations, making it a popular choice for modeling user preferences and making personalized suggestions.
Which of the following validation techniques is used to evaluate a model's performance on unseen data?;Holdout validation;Leaveoneout crossvalidation;Holdout validation;Kfold crossvalidation;Random sampling;Upper Intermediate;Holdout validation is a technique used to evaluate a model's performance on unseen data by splitting the available dataset into two subsets: a training set and a validation set. The model is trained on the training set and then evaluated on the validation set to assess its generalization capabilities. Holdout validation helps in estimating how well a model will perform on new data by simulating real-world scenarios where the model encounters unseen samples.\n\nThis technique is straightforward to implement and provides a quick way to assess a model's performance without the need for computationally intensive procedures like cross-validation. By using holdout validation, data scientists can gain insights into how well their model will generalize to new data, helping them make more informed decisions about the model's effectiveness and potential for deployment in production environments.
Which of the following algorithms is a variant of gradient boosting?;XGBoost;XGBoost;Random forest;Naive Bayes;Kmeans clustering;Upper Intermediate;XGBoost is a popular algorithm in machine learning that is a variant of gradient boosting. It stands for eXtreme Gradient Boosting and is known for its speed and performance. XGBoost improves upon traditional gradient boosting algorithms by employing regularization techniques and parallel processing, making it very efficient and effective for a variety of predictive modeling tasks.\n\n' \nOverall, XGBoost is widely used in data science competitions and industry applications due to its ability to produce accurate models with minimal computational resources. Its versatility, speed, and high performance make it a preferred choice for many data scientists and machine learning practitioners.
Which statistical distribution is used to model binary outcomes?;Bernoulli distribution;Exponential distribution;Bernoulli distribution;Gaussian distribution;Poisson distribution;Upper Intermediate;The Bernoulli distribution is commonly used to model binary outcomes, where there are only two possible outcomes, typically denoted as success or failure. This distribution is characterized by a single parameter, usually denoted as p, representing the probability of success. It is a discrete probability distribution that assigns a probability value to each possible outcome.\n''\nIn the context of data science and statistics, the Bernoulli distribution is vital for modeling scenarios involving binary data such as coin flips, where the outcome can be represented as 0 or 1. This distribution serves as the fundamental building block for more complex models like the Binomial and Bernoulli processes, offering a simple yet essential tool for analyzing and understanding binary outcomes.
Which method can be used to impute missing values in a dataset?;Mean imputation;Mean imputation;Mode imputation;Median imputation;Random imputation;Upper Intermediate;Mean imputation is a common method used to fill in missing values in a dataset by replacing them with the mean of the observed data for that variable. This approach is simple and easy to implement, making it a popular choice in data preprocessing. However, mean imputation may not be ideal for datasets with skewed distributions, as it can distort the true variance and relationships within the data.\n\n' Another common method to impute missing values is through techniques such as median imputation or mode imputation, which use the median or mode value instead of the mean. It's important to consider the characteristics of the data and the impact of imputation on the analysis and results when choosing the most suitable method for handling missing values in a dataset.
Which regularization technique is used to prevent overfitting in linear regression?;Ridge regression;Least squares regression;Lasso regression;Ridge regression;ElasticNet regression;Upper Intermediate;Ridge regression is a type of regularization technique used in linear regression to prevent overfitting. It adds a penalty term to the cost function, which is proportional to the square of the magnitude of the coefficients. By adding this penalty term, Ridge regression discourages large coefficients, effectively reducing the model's complexity and preventing overfitting.\n\nThe penalty term in Ridge regression helps to shrink the coefficients towards zero, providing a balance between the model's bias and variance. This regularization technique is particularly useful when dealing with multicollinearity, where predictor variables are highly correlated, as it stabilizes the regression estimates.
What is the purpose of ETL (Extract, Transform, Load) in data engineering?;Extracting data from external sources and loading it to a data warehouse or repository;Extracting data from external sources and loading it to a data warehouse or repository;Loading data into a database for storage and retrieval;Transforming data into a standardized format for analysis;All of the above;Upper Intermediate;ETL (Extract, Transform, Load) is a crucial process in data engineering that involves extracting data from various external sources, such as databases and applications. The extracted data is then transformed or cleaned to ensure consistency and accuracy before being loaded into a data warehouse or repository for further analysis. This process helps in consolidating data from multiple sources into a centralized location, making it more accessible and usable for analytics and reporting purposes.\n\nExtracting, transforming, and loading data through ETL plays a significant role in improving data quality, enabling better decision-making, and enhancing overall data management processes. It helps in integrating disparate data sources, standardizing formats, and resolving inconsistencies, ultimately providing a unified view of data across an organization. By automating the ETL process, data engineers can streamline data ingestion, ensure data integrity, and support more efficient and effective data-driven decision-making.
In natural language processing (NLP), what does stemming refer to?;Reducing words to their base or root form;Analyzing sentiment in text data;Tokenizing text into individual words;Identifying parts of speech;Reducing words to their base or root form;Upper Intermediate;In natural language processing (NLP), stemming refers to the process of reducing words to their base or root form. This involves stripping words down to their core meaning by removing prefixes or suffixes. Stemming helps in simplifying the words for analysis, ensuring that variations of the same word are treated as the same entity.''\n\nStemming is a common technique used in text processing to normalize words and improve the efficiency of algorithms like search engines, text mining, and information retrieval systems. By reducing words to their root form, stemming allows for better analysis of text data and enhances the accuracy of natural language processing tasks.
What is the purpose of the RMSProp optimization algorithm?;It adaptively sets the learning rate for each parameter to speed up convergence;It randomly selects a subset of training data for each iteration;It evaluates and selects the best hyperparameters for the model;It regularizes the model to prevent overfitting;It adaptively sets the learning rate for each parameter to speed up convergence;Upper Intermediate;The purpose of the RMSProp optimization algorithm is to adjust the learning rate for each parameter individually during training. By adapting the learning rate based on the history of gradients for each parameter, RMSProp aims to speed up convergence and improve the efficiency of the optimization process. This adaptive learning rate mechanism helps prevent oscillations and divergent behavior that can occur with fixed learning rates, making the optimization process more stable and effective.''\n''RMSProp calculates a moving average of squared gradients, allowing it to scale the learning rates differently for each parameter. This approach enables RMSProp to focus more on parameters with larger gradients and reduce the learning rate for those with smaller gradients, effectively accelerating convergence and improving the overall performance of the optimization algorithm.
In deep learning, what is the purpose of the activation function?;To introduce nonlinearities into the model;To improve the interpretability of the model predictions;To introduce nonlinearities into the model;To regularize the model and prevent overfitting;To normalize the input data before training;Upper Intermediate;The activation function serves to introduce nonlinearity to the model in deep learning. By applying the activation function to the output of each neuron, it enables the neural network to learn complex patterns and relationships within the data that a linear function wouldn't be able to capture. Nonlinear activation functions like ReLU, sigmoid, and tanh help the network to better approximate complicated functions and make more accurate predictions.\n\nThis nonlinearity allows neural networks to model and understand more intricate and sophisticated data, making them capable of handling complex tasks such as image and speech recognition, natural language processing, and more. Activation functions play a critical role in ensuring the neural network's capability to learn and adapt to the underlying patterns present in the data, thereby enhancing the model's overall performance and predictive accuracy.
What is the difference between overfitting and underfitting?;Overfitting occurs when a model is overly complex and learns the training data too well, while underfitting occurs when a model is too simple and fails to capture the underlying patterns;Overfitting occurs when a model predicts all data points correctly, while underfitting occurs when a model predicts most data points incorrectly;Overfitting occurs when a model is too simple and fails to capture the underlying patterns, while underfitting occurs when a model is overly complex and learns the training data too well;Overfitting occurs when a model is overly complex and learns the training data too well, while underfitting occurs when a model is too simple and fails to capture the underlying patterns;Overfitting occurs when a model predicts most data points incorrectly, while underfitting occurs when a model predicts all data points correctly;Upper Intermediate;Overfitting happens when a model is excessively complex, memorizing the training data to the extent that it struggles to generalize well to unseen data, showing a high variance. In contrast, underfitting arises from a model that is too simplistic, lacking the capacity to grasp the true underlying patterns of the data, leading to high bias. \nUnderfitting results in poor performance on both training and test datasets, indicating the model's inadequacy in capturing the complexities of the data. On the other hand, overfitting excels in training data but falters when presented with new, unseen data, implying an ineffective generalization capability. These phenomena highlight the importance of achieving a balance in model complexity to strike a good bias-variance tradeoff for optimal predictive performance.
What is the role of cross-validation in model evaluation?;To estimate the model's performance on unseen data;To compare the performance of different machine learning algorithms;To find the optimal hyperparameters for a given model;To ensure the model generalizes well To different datasets;To estimate the model's performance on unseen data;Upper Intermediate;Cross-validation plays a vital role in model evaluation by estimating the performance of a model on unseen data. It involves partitioning the dataset into multiple subsets, training the model on a subset, and evaluating it on the remaining subsets. This iterative process helps in assessing the model's generalization capability and identifies possible issues like overfitting.\n\nBy using cross-validation, data scientists can obtain a more reliable estimation of a model's performance compared to a single train-test split. It reduces the risk of bias in evaluating model effectiveness and helps in selecting the best model with robust performance characteristics for real-world applications.'
What is the intuition behind the k-nearest neighbors (k-NN) algorithm?;Instances with similar attributes tend to belong to the same class;The data is clustered into subgroups to perform classification;None of the above;Instances with similar attributes tend to belong to the same class;A linear decision boundary is created to separate different classes;Upper Intermediate;The k-nearest neighbors (k-NN) algorithm operates on the assumption that instances with similar attributes are likely to belong to the same class. When a new data point is to be classified, the algorithm calculates the distance between this point and its k nearest neighbors in the feature space. By considering the class labels of these nearest neighbors, the algorithm assigns the most common class label as the predicted class for the new data point.\n\nOverall, the k-NN algorithm embodies the principle of similarity: instances that are closer together in the feature space are also likely to be similar in terms of their class labels. This simple but effective concept underpins the decision-making process of the k-NN algorithm, making it a straightforward and intuitive method for classification tasks.
When building a machine learning model, which technique involves dividing the data into three sets: training set, validation set, and test set?;Traintest split;Crossvalidation;Regularization;Traintest split;Feature scaling;Upper Intermediate;The technique that involves dividing the data into three sets - training set, validation set, and test set - when building a machine learning model is called a train-test split. \nThe training set is used to train the model on a particular dataset, the validation set is used to fine-tune the model's hyperparameters, and the test set is used to evaluate the model's performance on unseen data.''' \nThis approach helps assess the model's generalization capabilities and prevents overfitting by ensuring that the model can perform well on new, unseen data points.
Which evaluation metric is commonly used for classification problems to measure the performance of a model in terms of false positives and false negatives?;F1 score;Rsquared;Root Mean Squared Error (RMSE);F1 score;Mean Absolute Error (MAE);Upper Intermediate;The F1 score is a popular evaluation metric for classification problems as it provides a balance between precision and recall, focusing on both false positives and false negatives. It considers the harmonic mean of precision and recall, providing a single metric that captures the model's performance in terms of these crucial aspects. High F1 scores indicate a model that successfully minimizes both false positives and false negatives, making it a reliable measure for assessing classification performance.\n' \nOverall, the F1 score is valuable for tasks where it is important to avoid misclassifications, as it penalizes both types of errors equally. By considering false positives and false negatives together, the F1 score offers a comprehensive evaluation of a model's effectiveness in handling both classes in a classification problem.
What are the main steps involved in the CRISP-DM (Cross-Industry Standard Process for Data Mining) framework?;Business understanding, Data understanding, Data preparation, Modeling, Evaluation, Deployment;Exploratory data analysis, Feature engineering, Model selection, Performance evaluation;Feature selection, Model evaluation, Model deployment, Model interpretation;Data collection, Data preprocessing, Data visualization, Model training, Model testing;Business understanding, Data understanding, Data preparation, Modeling, Evaluation, Deployment;Upper Intermediate;The CRISP-DM framework involves six main steps. Firstly, it starts with Business Understanding, where the project objectives and requirements are defined. Next is Data Understanding, where data sources are identified and analyzed for insight into the information available. Data Preparation follows, involving cleaning, formatting, and integrating data for analysis. Modeling is the phase where various techniques are applied to build and analyze models for patterns and relationships within the data. \nThe Evaluation step assesses the model's performance and validity before moving on to the Deployment phase, where the model is implemented into practice and operationalized for ongoing use and decision-making. Each step in the process is iterative, as findings from later phases may require revisiting earlier steps for refinement and enhancement.
Which of the following statements about deep learning is true?;Deep learning models require a large amount of labeled training data;Deep learning models require a large amount of labeled training data;Deep learning models do not require any preprocessing of the data;Deep learning models have a shallow architecture;Deep learning models perform best on structured data only;Upper Intermediate;The statement about deep learning models requiring a significant amount of labeled training data is true. Deep learning algorithms, such as neural networks, consist of multiple layers that learn complex patterns and features from data. To effectively train these models, a substantial volume of labeled data is typically needed to optimize model performance and achieve accurate predictions.'Deep learning models leverage this labeled data to update the weights and parameters of the neural network through a process called backpropagation, where the model learns to make better predictions through iterative adjustments based on the training data.'\n\nIn summary, the scalability and effectiveness of deep learning models depend on the availability of sufficient labeled training data, making data collection and labeling crucial steps in building successful deep learning applications.
Which algorithm is used for reinforcement learning?;QLearning;KMeans;QLearning;Support Vector Machines (SVM);Apriori;Upper Intermediate;QLearning is a popular reinforcement learning algorithm used for making decisions in an environment by learning from actions and rewards. It learns a policy to maximize cumulative rewards by estimating the value of taking a particular action in a given state. The algorithm updates Q-values based on the reward received and the estimated future rewards achievable from the new state, enabling the agent to make better decisions over time.'\n\nQLearning is model-free and can handle large state and action spaces efficiently, making it suitable for complex problems. Its simplicity and effectiveness have made it a fundamental algorithm in the field of reinforcement learning, applied in various real-world scenarios like game playing, robotics, and autonomous systems.
What is the main advantage of using K-fold cross-validation?;It provides a more robust estimate of model performance;It allows for better visualization of the data;It provides a more robust estimate of model performance;It improves the interpretability of the model;It reduces the training time of the model;Upper Intermediate;K-fold cross-validation is a technique used to evaluate machine learning models by splitting the data into K subsets. The main advantage of using K-fold cross-validation is that it provides a more robust estimate of model performance compared to a single train-test split. By dividing the data into multiple folds and training the model on different combinations of training and validation sets, K-fold cross-validation helps in reducing the variance in the performance metric, thus giving a more reliable assessment of the model's generalization ability.\n\nThis approach also ensures that the model is evaluated on different subsets of data, improving its ability to generalize to unseen data. By averaging the performance across K-folds, we can obtain a more accurate representation of how well the model is likely to perform on new, unseen data.
Which technique is used to solve the problem of overfitting in machine learning models?;Regularization;Regularization;Ensemble learning;Crossvalidation;Gradient descent;Upper Intermediate;Regularization is a technique used to prevent overfitting in machine learning models by adding a penalty term to the loss function during training. This penalty term discourages complex models that may fit the training data too closely, leading to poor generalization on unseen data. By incorporating regularization, the model is encouraged to find a balance between minimizing the training error and keeping the model simple and more generalizable to new data. Different forms of regularization, such as L1 (Lasso) and L2 (Ridge), offer ways to control the complexity of the model and prevent overfitting tendencies.\n\nRegularization is an essential tool in the machine learning toolbox, allowing practitioners to improve model performance and reliability by addressing the issue of overfitting. By tuning the regularization hyperparameters, such as the strength of the penalty term, data scientists can effectively control the trade-off between model complexity and performance. This helps in creating models that not only fit the training data well but also generalize better to unseen test data, ultimately improving the model's predictive power and real-world utility.'
In unsupervised learning, what is the primary goal of clustering algorithms?;To group similar data points together based on their features;To assign labels to each data point based on predefined categories;To predict the continuous target variable of a dataset;To group similar data points together based on their features;To analyze the relationship between features in the dataset;Upper Intermediate;In unsupervised learning, the primary goal of clustering algorithms is to group data points together based on their features. This process involves identifying patterns and relationships within the data without the need for labeled outcomes. Clustering helps to uncover hidden structures and insights in the dataset by organizing similar data points into distinct clusters.''\n''By grouping similar data points, clustering algorithms enable the exploration of underlying patterns and relationships that may not be immediately apparent. This segmentation of data can assist in tasks such as customer segmentation, anomaly detection, and pattern recognition in various fields like marketing, finance, and healthcare.''
Which metric is commonly used to evaluate classification models when the dataset is imbalanced?;Area Under the Receiver Operating Characteristic Curve (AUCRO;Area Under the Receiver Operating Characteristic Curve (AUCRO;Precision;Accuracy;Mean Squared Error (MSE);Upper Intermediate;The Area Under the Receiver Operating Characteristic Curve (AUCROC) is commonly used to evaluate classification models for imbalanced datasets. AUCROC provides a single scalar value that represents the overall performance of the model across different classification thresholds. It is especially useful when evaluating models on imbalanced datasets because it considers the trade-off between the true positive rate and the false positive rate, providing a more comprehensive view of the model's performance.\n\nA higher AUCROC value (closer to 1) indicates a better-performing model, while a value of 0.5 suggests a random classifier. By focusing on AUCROC when evaluating classification models on imbalanced datasets, one can assess the model's ability to distinguish between classes regardless of class imbalance, providing a more robust evaluation metric for such scenarios.
What is the purpose of dropout regularization in neural networks?;To prevent overfitting;To prevent overfitting;To speed up the training process;To reduce the dimensionality of the data;To increase the model's capacity;Upper Intermediate;Dropout regularization in neural networks aims to prevent overfitting by randomly setting a fraction of input units to zero during each forward and backward pass. This technique helps in reducing the reliance on specific weights and encourages the network to learn more robust features that are independent of each other.' \n'By forcing the network to adapt to different subsets of the data, dropout regularization encourages more generalizable learning and improves the network's performance on unseen data.
Which algorithm is an ensemble method commonly used for classification problems?;Random Forest;Kmeans Clustering;Random Forest;Linear Regression;Naive Bayes;Upper Intermediate;Random Forest is a popular ensemble learning algorithm used for classification tasks. It builds multiple decision trees during training and combines their predictions to improve accuracy and reduce overfitting. Each tree in the ensemble is trained on a random subset of the training data and features, making the algorithm robust and versatile in handling complex datasets. Random Forest is known for its scalability and ability to handle large amounts of data efficiently.\n\nThe algorithm is flexible and can work well with high-dimensional feature spaces without extensive hyperparameter tuning. Due to its ensemble nature, Random Forest is less prone to overfitting compared to individual decision trees, making it a powerful tool for various classification problems in data science and machine learning applications.
What is the main objective of data preprocessing in machine learning?;To transform raw data into a suitable format for analysis;To evaluate the performance of a model;To apply statistical tests on the data;To transform raw data into a suitable format for analysis;To select the most important features;Upper Intermediate;The main objective of data preprocessing in machine learning is to prepare and clean raw data before feeding it into machine learning algorithms. This process involves transforming the data into a usable format that enhances the accuracy and efficiency of the analysis. Data preprocessing helps in handling missing values, encoding categorical variables, scaling features, and removing outliers, ultimately improving the model's performance.\n\nBy refining the quality of the input data, data preprocessing helps in reducing errors and biases that can affect the machine learning model's predictions. It ensures that the data is consistent, accurate, and relevant for training the model, leading to better decision-making and more reliable insights. Proper data preprocessing is crucial for optimizing the performance of machine learning algorithms and achieving successful outcomes in various applications.
Which algorithm is commonly used for feature selection in high-dimensional datasets?;Principal Component Analysis (PC;Support Vector Machines (SVM);Random Forest;Naive Bayes;Principal Component Analysis (PC;Upper Intermediate;Principal Component Analysis (PCA) is a commonly used algorithm for feature selection in high-dimensional datasets. PCA works by transforming the original features into a new set of orthogonal features called principal components that capture the maximum variance in the data. These principal components are ranked based on the amount of variance they explain, allowing for the selection of the most informative features while reducing dimensionality.\n\nBy using PCA for feature selection, unnecessary or redundant features can be identified and removed, leading to a simplified yet effective dataset for subsequent analysis. PCA is especially useful in data preprocessing tasks where reducing dimensionality and retaining the most relevant features are crucial for model building and interpretation.'
What is dimensionality reduction?;A technique to reduce the number of features in a dataset;A technique to add noise to the features in a dataset;A technique to increase the number of features in a dataset;A technique to scale the features in a dataset;A technique to reduce the number of features in a dataset;Upper Intermediate;Dimensionality reduction is a process used in machine learning to decrease the number of input variables or features within a dataset. By doing so, it aims to simplify the computational complexity of models, alleviate the curse of dimensionality, and enhance visualization capabilities. This technique is crucial in handling high-dimensional data, as it helps in identifying the most important attributes while eliminating noise and redundant information.'\n\nOne common method of dimensionality reduction is Principal Component Analysis (PCA), which transforms the original features into a new set of orthogonal variables known as principal components. These components retain the essential information present in the data, allowing for more efficient analysis and modeling. Overall, dimensionality reduction is a valuable tool in optimizing model performance and understanding the underlying structure of complex datasets.
Which probability distribution is commonly used in Bayesian statistics?;Normal distribution;Poisson distribution;Normal distribution;Exponential distribution;Uniform distribution;Upper Intermediate;In Bayesian statistics, the normal distribution, also known as the Gaussian distribution, is commonly utilized due to its simplicity and flexibility. This distribution is characterized by a bell-shaped curve with symmetric properties, making it a suitable choice for representing a wide range of real-world phenomena. Additionally, the central limit theorem ensures that many natural processes tend to follow approximately normal distributions, further justifying its popularity in Bayesian analysis.\n\nThe normal distribution's key features, such as the mean and variance, allow for precise characterization of uncertainty in Bayesian inference. By leveraging this distribution, Bayesian statisticians can efficiently model various data situations and make informed decisions based on the calculated posterior probabilities. Overall, the normal distribution's robust properties and mathematical tractability make it a fundamental tool in Bayesian statistics for estimating and updating beliefs about unknown parameters.
What is an anomaly detection algorithm used for?;Identifying unusual patterns or outliers in data;Handling missing values in the dataset;Enhancing the interpretability of the model;Reducing noise in the data;Identifying unusual patterns or outliers in data;Upper Intermediate;An anomaly detection algorithm is used to identify unusual patterns or outliers within a dataset. These algorithms are crucial in uncovering data points that deviate significantly from the normal behavior or expected pattern. Anomalies could represent critical information such as potential fraud, errors, or unusual events that require further investigation or action.\n\nBy applying anomaly detection algorithms, organizations can enhance their data integrity and security by detecting abnormal behaviors promptly. This proactive approach helps in mitigating risks and making informed decisions based on accurate and reliable data.
What is the difference between accuracy and precision in classification models?;Accuracy measures the overall correctness of predictions, while precision measures the correctness of positive predictions;Accuracy measures the correctness of negative predictions, while precision measures the correctness of positive predictions;Accuracy is only relevant for binary classification, while precision is relevant for multiclass classification;Accuracy and precision have the same meaning in classification models;Accuracy measures the overall correctness of predictions, while precision measures the correctness of positive predictions;Upper Intermediate;Accuracy in classification models refers to the proportion of correctly classified instances (both True Positives and True Negatives) over the total number of instances. It provides an overall assessment of the model's performance. On the other hand, precision focuses specifically on the accuracy of positive predictions, measuring the proportion of true positive predictions among all positive predictions made by the model. Precision is especially important when the cost of false positives is high as it helps in understanding the exactness of the model's positive predictions separately from its negative predictions.'\n\nIn summary, accuracy gives a general overview of a model's correctness, whereas precision offers insight into the model's performance regarding positive predictions. It's crucial to consider both metrics in conjunction to thoroughly evaluate the effectiveness of a classification model.
Which algorithm is used for clustering data into groups with similar characteristics?;Kmeans;Decision tree;Kmeans;Support Vector Machine;Random forest;Upper Intermediate;K-means is a popular algorithm used for clustering data into groups with similar characteristics. It is an unsupervised machine learning technique that aims to partition the data into K clusters based on similarities between data points. The algorithm iteratively assigns data points to the nearest cluster center and updates the centroids until convergence, minimizing the within-cluster sum of squares. This process helps in identifying patterns and relationships within the data by grouping similar data points together.\n\n' \nK-means is efficient and effective for large datasets and is widely used in various applications such as customer segmentation, image processing, and anomaly detection. However, it is sensitive to the initial placement of centroids and may converge to local optima, requiring multiple runs with different initializations to improve results. Overall, K-means is a powerful tool for exploratory data analysis and pattern recognition in data science projects dealing with clustering tasks.
What is the role of hyperparameters in machine learning algorithms?;They define the configuration of the model and impact its learning process;They are the output variables predicted by the model;They represent the training examples used to fit the model;They are used to label the data for supervised learning tasks;They define the configuration of the model and impact its learning process;Upper Intermediate;Hyperparameters in machine learning algorithms play a crucial role in defining the configuration of the model and determining how it learns from the data. These parameters are set before the learning process begins and can significantly impact the model's performance and behavior. By tuning hyperparameters effectively, data scientists can optimize the model's learning process and enhance its predictive capabilities.\n''\nTweaking hyperparameters such as learning rate, regularization strength, and kernel type allows data scientists to fine-tune the model's performance and generalization ability. Finding the right combination of hyperparameters is essential for achieving the best results in machine learning applications. It requires experimentation and optimization to strike the right balance and improve the overall effectiveness of the model.
What is the main goal of unsupervised learning?;Discovering patterns in unlabeled data;Classifying instances into predefined categories;Discovering patterns in unlabeled data;Predicting numerical values;Evaluating the model's performance;Upper Intermediate;The main goal of unsupervised learning is to discover patterns in unlabeled data. This type of machine learning algorithm is used to explore the data and find hidden structures or clusters without the help of labeled outcomes or feedback. Unsupervised learning is especially useful in situations where there is no predefined target variable, allowing for the identification of relationships and trends that may not be obvious at first glance.'\n\nUnsupervised learning techniques include clustering, dimensionality reduction, and association rule mining, which can help in data exploration and gaining insights into the underlying patterns and structures within the data. By uncovering these patterns, unsupervised learning can aid in tasks such as customer segmentation, anomaly detection, and recommendation systems, ultimately enhancing decision-making processes and driving business outcomes.
What is the purpose of the Exploratory Data Analysis (EDA) phase in a data science project?;To gain insights into the data and identify patterns or trends;To perform statistical hypothesis testing;To implement machine learning models and algorithms;To create visualizations and reports for stakeholders;To gain insights into the data and identify patterns or trends;Upper Intermediate;The purpose of the Exploratory Data Analysis (EDA) phase in a data science project is crucial for understanding the characteristics of the dataset. It involves examining the data to gain insights and identify patterns or trends that can inform subsequent analyses. By exploring the data through visualizations and statistical summaries, data scientists can uncover relationships, outliers, and potential issues that may impact model performance or decision-making.\n\nThrough EDA, data scientists can also detect data quality problems, such as missing values or inconsistencies, and decide on appropriate data preprocessing steps. This phase helps in formulating hypotheses to test and selecting the most suitable techniques for further analysis. Ultimately, EDA sets the foundation for building accurate and reliable models by ensuring a comprehensive understanding of the data at hand.'
What is the purpose of feature scaling?;To bring all features to the same scale;To remove outliers from the dataset;To handle missing values in the dataset;To bring all features to the same scale;To reduce the dimensionality of the dataset;Upper Intermediate;Feature scaling is an essential preprocessing step in machine learning to ensure that all features contribute equally to the model. By bringing all features to the same scale, it prevents attributes with larger magnitudes from dominating those with smaller values during model training. This process improves the accuracy and performance of the machine learning model by providing a level playing field for all features to contribute meaningfully to the prediction process.''\n\nScaling also aids in optimizing the convergence speed of machine learning algorithms and enhancing their stability. It can help algorithms that are sensitive to the scale of features, such as distance-based models like K-Nearest Neighbors, to perform more effectively. Overall, feature scaling is crucial for standardizing the input data and enabling models to make better-informed decisions based on the features' relative importance.
What regularization technique can be used to reduce overfitting in a machine learning model?;L2 regularization (Ridge regularization);L2 regularization (Ridge regularization);Elastic Net regularization;Dropout regularization;L1 regularization (Lasso regularization);Upper Intermediate;L2 regularization, also known as Ridge regularization, is a common technique used to prevent overfitting in machine learning models. It adds a penalty term to the model's loss function, which encourages the model to choose simpler coefficients by shrinking them towards zero. This helps to reduce the model's sensitivity to the training data and improves its generalization performance on unseen data.\n\nIn the context of L2 regularization, the regularization term is proportional to the square of the magnitude of the coefficients. By including this term in the loss function, the model is incentivized to find a balance between fitting the training data well and keeping the model coefficients small. This ultimately leads to a more generalized and robust model that performs better on new, unseen data.'
Which evaluation metric is appropriate for regression tasks?;Mean Absolute Error (MAE);Receiver Operating Characteristic (RO curve;F1 Score;Precision;Mean Absolute Error (MAE);Upper Intermediate;Mean Absolute Error (MAE) is a popular evaluation metric for regression tasks because it measures the average magnitude of errors in a predicted numerical value compared to the actual value. It is calculated by taking the absolute differences between predicted and actual values, then averaging these differences across all data points. MAE provides a straightforward interpretation as it is in the same unit as the original target variable, making it easy to understand the average size of errors in the model predictions.\n\nCompared to other metrics like Mean Squared Error (MSE), MAE is less sensitive to outliers since it does not square the errors. This makes MAE a robust choice for regression tasks where outliers may exist and when you want to understand the average error in prediction without emphasizing extreme values. Overall, using MAE as an evaluation metric in regression tasks helps to assess the model's performance in a more balanced way, considering the absolute errors without amplifying the impact of outliers.
Which regression algorithm is commonly used for predicting continuous numerical values?;Linear regression;Linear regression;Support vector regression;Decision tree regression;Logistic regression;Upper Intermediate;Linear regression is a widely used regression algorithm for predicting continuous numerical values. It establishes a linear relationship between the input variables and the target variable by fitting a straight line to the data points. This algorithm is particularly useful for understanding the relationship between variables and making predictions based on that relationship.\n\nIn linear regression, the goal is to find the best-fitting line that minimizes the difference between the predicted values and the actual values. This is achieved by calculating the coefficients of the linear equation that best fits the data. Linear regression is simple, easy to interpret, and provides insights into how the independent variables impact the target variable.
Which clustering algorithm is used to partition data points into groups based on similarity?;Kmeans;Support Vector Machines (SVM);Kmeans;Random Forest;Principal Component Analysis (PC;Upper Intermediate;K-means is a popular clustering algorithm used to partition data points into groups based on similarity. It aims to find cluster centers (centroids) that minimize the sum of squared distances between data points and their assigned cluster centroids. The algorithm iteratively assigns each data point to the nearest centroid and updates the centroids until convergence is reached.\n\nOne of the key advantages of the K-means algorithm is its simplicity and efficiency, making it suitable for large datasets. However, it is sensitive to the choice of initial centroids and can converge to suboptimal solutions based on the initial configuration. Despite these limitations, K-means remains widely used in various applications for its effectiveness in grouping similar data points together.'
Which statistical test is appropriate for comparing categorical variables in a contingency table?;Chisquared test;Ttest;ANOVA;Chisquared test;Fisher's exact test;Upper Intermediate;The Chi-squared test is commonly used to compare categorical variables in a contingency table. It assesses whether there is a significant association between the variables. By calculating the expected frequencies and comparing them to the observed frequencies, the Chi-squared test helps determine if the variables are independent or dependent of each other.\n\nTo conduct a Chi-squared test, data gathered in a contingency table is organized by categories and frequencies. The test then evaluates the differences between the observed and expected values to determine if these differences are statistically significant. This test is valuable for understanding the relationships and dependencies between different categorical variables in a dataset.''
Which method is used to reduce the dimensionality of a dataset in unsupervised learning?;Principal Component Analysis (PC;Ridge regression;Gradient boosting;Naive Bayes classifier;Principal Component Analysis (PC;Upper Intermediate;Principal Component Analysis (PCA) is a widely used method in unsupervised learning to reduce the dimensionality of a dataset. PCA aims to transform the high-dimensional data into a lower-dimensional space by finding the directions (principal components) along which the data varies the most. By retaining only a subset of these principal components that capture the maximum variance in the data, PCA helps in simplifying the dataset without losing much information.\n\nPCA is based on the concept of linear algebra and statistical analysis. It works by projecting the original data points onto the new set of orthogonal axes represented by the principal components. This transformation allows for a more efficient representation of the data, making it easier to visualize and analyze complex datasets.
What is the purpose of bagging (bootstrap aggregating) in ensemble learning?;To reduce the variance of a model;To handle missing values in a dataset;To convert categorical variables into numerical representations;To increase the bias of a model;To reduce the variance of a model;Upper Intermediate;The purpose of bagging (bootstrap aggregating) in ensemble learning is to improve the predictive performance by reducing the variance of a model. Bagging involves training multiple individual models on different subsets of the training data by sampling with replacement. By aggregating the predictions from these models, the overall variance of the ensemble is reduced, leading to a more robust and accurate prediction. Bagging helps to create more stable and reliable predictions by combining the strengths of multiple models and reducing the risk of overfitting.'\n\nBagging is particularly useful when dealing with complex, high-variance models such as decision trees. By combining multiple trees trained on bootstrapped samples, bagging mitigates the risk of overfitting and enhances the generalization ability of the ensemble model. Overall, the key advantage of bagging is its ability to increase predictive accuracy and stability by lowering the variance of the individual models within the ensemble.
What does AUC-ROC measure in classification models?;The probability that a randomly chosen positive instance will rank higher than a randomly chosen negative instance;The probability that a randomly chosen positive instance will rank higher than a randomly chosen negative instance;The accuracy of the model in predicting positive instances;The precision of the model in predicting positive instances;The recall of the model in predicting positive instances;Upper Intermediate;The AUC-ROC (Area Under the Receiver Operating Characteristic) metric in classification models measures the probability that a randomly chosen positive instance will rank higher than a randomly chosen negative instance. It evaluates the model's ability to distinguish between positive and negative classes by calculating the area under the ROC curve, which plots the true positive rate against the false positive rate at various threshold settings.' \n' A higher AUC-ROC value (closer to 1) indicates a better-performing model in terms of classification accuracy and overall predictive power, whereas a value of 0.5 suggests that the model performs no better than random chance.
"What does the term ""precision"" represent in the context of classification models?";The ratio of correctly predicted positive instances to the total predicted positive instances;The ability of the model to perform well on unseen data;The ability of the model to correctly identify all positive instances;The ratio of correctly predicted negative instances to the total predicted negative instances;The ratio of correctly predicted positive instances to the total predicted positive instances;Upper Intermediate;"In the context of classification models, ""precision"" represents the accuracy of positive predictions made by the model. It is calculated as the ratio of correctly predicted positive instances to the total instances predicted as positive. Precision helps in understanding the reliability of positive predictions and the model's ability to avoid false positives.\n\nA high precision value indicates that the model rarely misclassifies negative instances as positive, leading to more confident positive predictions. On the other hand, a lower precision value may suggest that the model is incorrectly labeling negative instances as positive, indicating a need for improvement in the model's performance."
Which statistical hypothesis test is suitable for comparing the means of two groups?;Student's ttest;Student's ttest;ANOVA test;Pearson correlation test;Chisquare test;Upper Intermediate;The Student's t-test is the appropriate statistical hypothesis test for comparing the means of two groups. It is used to determine if there is a significant difference between the means of two independent samples. The t-test assesses the probability of obtaining the observed difference in means if the null hypothesis of no difference is true. By comparing the means and variations within each group, the t-test provides insight into whether the observed difference is statistically significant or simply due to random chance.\n\nIt is crucial to select the Student's t-test when working with two groups and wanting to investigate whether the difference in their means is statistically significant. This hypothesis test is widely utilized in various research fields to compare the means of different samples and draw meaningful conclusions about the underlying populations being studied.
Which method is used for tuning hyperparameters in machine learning models?;Grid search;Grid search;Sequential ModelBased Optimization (SMBO);All of the above;Random search;Upper Intermediate;Grid search is a popular method used for hyperparameter tuning in machine learning models. It involves exhaustively searching through a specified subset of hyperparameters to determine the best combination that optimizes the model's performance. In grid search, a grid of hyperparameter values is defined, and the model is trained and evaluated for each combination to find the optimal configuration.\n\nBy systematically exploring various hyperparameter values, grid search helps in finding the best set of hyperparameters for a given model. It simplifies the process of tuning hyperparameters by providing a structured approach to search through the parameter space, thereby improving the model's predictive capability and generalization performance for unseen data.'
Which algorithm is a popular method for handling text classification tasks?;Naive Bayes;Kmeans clustering;Naive Bayes;Support Vector Machines;Decision trees;Upper Intermediate;Naive Bayes is a popular algorithm for text classification tasks due to its simplicity and effectiveness. It is based on Bayes' theorem and assumes that the presence of a particular feature in a class is independent of other features. This assumption simplifies the calculations and makes it computationally efficient for processing large amounts of text data. Naive Bayes is commonly used for tasks like spam filtering, sentiment analysis, and document categorization.' \n'Overall, Naive Bayes is a reliable and straightforward choice for handling text classification tasks, making it a go-to algorithm for many data scientists and practitioners in the field of natural language processing.
What is the objective function in a machine learning algorithm?;The function to be optimized during model training;The weight of a specific feature in the model;The function to be optimized during model training;The evaluation metric used to measure model performance;The regularization term used to prevent overfitting;Upper Intermediate;The objective function in a machine learning algorithm serves as the metric to be enhanced and refined during the model training process. It encapsulates the target outcome the algorithm aims to achieve, by evaluating the performance based on defined parameters and adjustments made to the model's internal parameters. As the model iteratively learns from data, the objective function guides the optimization process towards achieving the best possible predictive accuracy or desired outcome.\n\n'' \n\nIn essence, the objective function acts as the compass for the learning algorithm, steering it towards minimizing errors or maximizing performance based on the specific problem being addressed. It plays a critical role in the model optimization process, guiding the algorithm in adjusting its parameters and fine-tuning its predictions to ultimately enhance its effectiveness in making accurate decisions.
Which type of sampling technique ensures that each member of the population has an equal chance of being selected for the sample?;Cluster sampling;Cluster sampling;Convenience sampling;Stratified sampling;Systematic sampling;Upper Intermediate;Cluster sampling is a type of sampling technique where the population is divided into clusters or groups, and then a random sample of clusters is selected to represent the entire population. Within the selected clusters, all individuals are included in the sample, ensuring that each member of the population has an equal chance of being selected. This method is efficient when it is difficult or costly to obtain a complete list of the population, as it reduces the resources needed for sampling while still maintaining representativeness.\n\n' Cluster sampling is different from simple random sampling, where every individual in the population has an equal chance of being selected. In cluster sampling, the primary sampling units are clusters rather than individuals. This technique is commonly used in large-scale surveys and studies where it is impractical to sample every individual in the population, making it a useful and cost-effective method for obtaining representative samples.'
Which data visualization library in Python is commonly used for creating interactive visualizations?;Seaborn;matplotlib;Seaborn;Bokeh;Plotly;Upper Intermediate;Seaborn is a popular data visualization library in Python that is commonly used for creating interactive visualizations. It is built on top of Matplotlib and provides a high-level interface for creating attractive and informative statistical graphics. Seaborn offers a variety of functions to visualize data such as scatter plots, line plots, bar plots, and more, with added interactivity and customization options.\n\nOne of the key advantages of using Seaborn is its ability to easily create aesthetically pleasing visualizations with just a few lines of code. It also offers built-in themes and color palettes to enhance the overall look of the plots. With Seaborn, users can quickly explore and analyze their data through interactive plots, making it a valuable tool for data scientists and analysts.
In machine learning, what is ensemble learning?;technique that combines multiple models To improve predictive performance;technique that removes outliers from the dataset;technique that combines multiple models To improve predictive performance;technique that scales features To a specific range;technique that imputes missing values in the dataset;Upper Intermediate;Ensemble learning in machine learning is a technique that involves combining multiple models to improve predictive performance. Rather than relying on a single model, ensemble methods leverage the diversity of multiple models to deliver more accurate predictions. By combining the predictions from different base models, ensemble learning can reduce overfitting, enhance generalization, and provide more robust results across various datasets and scenarios.\n\nEnsemble learning techniques such as bagging, boosting, and stacking are widely used in various machine learning algorithms to achieve better predictive accuracy and model robustness. These methods harness the collective wisdom of multiple models to produce results that are often superior to those of individual models, making ensemble learning a powerful tool in the data scientist's toolkit.
Which of the following is an ensemble learning technique that combines multiple weak models to create a stronger model?;Random Forest;Linear Regression;KMeans Clustering;Principal Component Analysis;Random Forest;Upper Intermediate;Random Forest is an ensemble learning technique that combines multiple weak models, typically decision trees, to form a more accurate and robust model. Each weak model in the Random Forest is trained independently on random subsets of the training data, and the final prediction is made by aggregating the predictions of all individual models. This aggregation helps to reduce overfitting and improve the generalization performance of the model.\n\nRandom Forest is known for its ability to handle high-dimensional data, maintain good performance even with noisy and irrelevant features, and provide insights into feature importance. Its random selection of both data samples and features during training enhances diversity among the ensemble models, leading to more accurate predictions and better resilience against overfitting.
Which regression technique is suitable for predicting a continuous target variable with multiple input features?;Multiple Linear Regression;Logistic Regression;Decision Tree Regression;KNearest Neighbors Regression;Multiple Linear Regression;Upper Intermediate;Multiple Linear Regression is suitable for predicting a continuous target variable with multiple input features. It involves modeling the relationship between the target variable and two or more independent variables by fitting a linear equation to the data. This technique assumes a linear relationship between the target and input features, making it appropriate for scenarios where multiple predictors influence the outcome simultaneously, such as sales forecasting or price prediction.\n\nIn Multiple Linear Regression, the model estimates the coefficients of each input feature to determine their impact on the target variable. By considering various predictors simultaneously, this technique provides insights into how each input feature contributes to the overall prediction, allowing for better understanding and interpretation of the relationships within the data.''
In natural language processing, which technique is used to convert text data into numerical representations?;Word Embedding;Random Forest;Support Vector Machines;Word Embedding;Decision Tree;Upper Intermediate;Word embedding is the technique used in natural language processing to convert text data into numerical representations. It represents words as dense vectors in a continuous vector space, capturing semantic relationships among words. Word embedding algorithms like Word2Vec and GloVe learn these vector representations by analyzing the context in which words appear in a large corpus of text.\n' \nThis method helps in understanding textual data and enables machine learning models to work with text by treating words as numerical inputs. Word embeddings increase efficiency in language-related tasks like sentiment analysis, text classification, and machine translation by preserving the meaning and context of words within numerical vectors.
Which method is commonly used for dimensionality reduction, aiming to find a lower-dimensional representation of high-dimensional data while preserving its variance?;Principal Component Analysis;Principal Component Analysis;KMeans Clustering;Apriori Algorithm;Support Vector Machines;Upper Intermediate;Principal Component Analysis (PCA) is a widely used method for dimensionality reduction in data analysis. It aims to find a reduced set of new variables, known as principal components, that capture the maximum variance present in the original high-dimensional data. By projecting the data onto these principal components, PCA enables us to represent the data in a lower-dimensional space while retaining important information and minimizing information loss.\n\nPCA works by identifying the directions in which the data varies the most and creating new axes along these directions. These new axes, or principal components, are ordered by the amount of variance they explain, allowing for a lower-dimensional representation that focuses on the most significant patterns in the data.'
In machine learning, what is the main purpose of regularization?;To prevent overfitting;To introduce noise to the data;To prevent overfitting;To decrease model accuracy;To increase model complexity;Upper Intermediate;Regularization in machine learning is a technique used to prevent overfitting, which occurs when a model learns to fit the training data too closely, leading to poor generalization performance on unseen data. The main purpose of regularization is to add a penalty term to the model's cost function, discouraging overly complex models by imposing constraints on the model parameters. This helps to strike a balance between fitting the training data well and avoiding overfitting, thus improving the model's ability to make accurate predictions on new, unseen data.\n\nRegularization techniques like L1 (Lasso) and L2 (Ridge) regularization are commonly used to control the complexity of models by penalizing large coefficients and promoting simpler models. By incorporating regularization into the model training process, data scientists can effectively manage the bias-variance trade-off, leading to models that generalize better and perform more reliably in real-world scenarios.'
In Python, which library is commonly used for data manipulation and analysis?;NumPy;PyTorch;TensorFlow;NumPy;Scikitlearn;Upper Intermediate;NumPy is a popular Python library for numerical computing, particularly suited for handling large datasets and arrays. It provides a powerful collection of mathematical functions and operations that are essential for data manipulation and analysis tasks. With NumPy, users can perform complex calculations efficiently and effectively, making it a fundamental tool for various data science projects.\n\nOne of the key features of NumPy is its multidimensional array object, which allows for seamless manipulation of data in the form of arrays. This makes it easier to work with numerical data and perform operations such as slicing, indexing, and reshaping. Additionally, NumPy integrates well with other Python libraries like Pandas and Matplotlib, further enhancing its capabilities in data analysis and visualization.'
Which technique is commonly used for handling categorical variables in machine learning?;OneHot Encoding;Zscore normalization;Principal Component Analysis;MinMax Scaling;OneHot Encoding;Upper Intermediate;"OneHot Encoding is a technique commonly used to handle categorical variables in machine learning. It converts categorical values into a binary matrix where each category is represented by a binary value. For each category, only one bit is hot (1) while the rest are cold (0), hence the name ""OneHot Encoding"". This method is effective for algorithms that cannot directly handle categorical data, by encoding it into a format that is understandable by machine learning models.' \n'OneHot Encoding allows the model to learn the relationships between different categories without assigning any ordinal relationship between them. It is a popular choice for dealing with categorical variables in tasks such as classification and regression."
"What does the term ""precision"" represent in binary classification evaluation metrics?";The proportion of true positive predictions among all positive predictions;The ability of the model to correctly identify both positive and negative instances;The overall accuracy of the model;The proportion of true negative predictions among all negative predictions;The proportion of true positive predictions among all positive predictions;Upper Intermediate;Precision in binary classification evaluation metrics refers to the accuracy of positive predictions made by a model. It is calculated as the ratio of true positive predictions to the sum of true positive and false positive predictions. High precision indicates that the model makes fewer false positive predictions, which means it is more accurate in identifying true positive cases. Precision is crucial when the focus is on minimizing false positives and when the cost of misclassification is high.\n\nIn simpler terms, precision measures how well a model performs in correctly identifying positive cases without wrongly labeling negative cases as positive. It is an important metric to consider alongside other evaluation metrics such as recall and F1 score to get a comprehensive understanding of a model's performance in binary classification tasks.
Which method is commonly used for handling missing data in a machine learning dataset?;Imputation;Dimensionality reduction;Samping techniques;Outlier detection;Imputation;Upper Intermediate;Imputation is a common method for handling missing data in machine learning datasets. It involves filling in missing values with estimated or calculated values based on the available data. This helps to preserve the dataset's integrity and ensures that the machine learning model can still learn from the incomplete data.\n\nImputation techniques can vary, with popular methods including mean imputation, median imputation, or more advanced methods like K-Nearest Neighbors (KNN) imputation or MICE (Multiple Imputation by Chained Equations). Each method has its pros and cons, depending on the specific dataset and the nature of the missing values.
Which algorithm is known for its ability to handle large datasets and high-dimensional data?;Random Forest;Kmeans clustering;Random Forest;Decision Trees;Principal Component Analysis (PC;Upper Intermediate;Random Forest is a versatile ensemble learning algorithm known for its efficiency in handling large datasets and high-dimensional data. It operates by constructing multiple decision trees during training and makes predictions based on the majority vote of individual trees. This technique reduces overfitting and enhances accuracy by aggregating the predictions of multiple trees.\n\nRandom Forest's robustness and scalability make it a popular choice for various machine learning tasks, such as classification and regression. Its ability to handle large datasets by parallelizing computations across multiple trees makes it suitable for real-world applications where speed and accuracy are crucial. This algorithm's capability to manage high-dimensional data effectively makes it a valuable tool for data scientists working on diverse datasets with numerous features.'
Which method in machine learning is used for determining the importance of features by assigning weights to each feature?;Recursive Feature Elimination;Support Vector Machines;Kmeans clustering;Principal Component Analysis;Recursive Feature Elimination;Upper Intermediate;Recursive Feature Elimination (RFE) is a method commonly used in machine learning to determine feature importance by iteratively assigning weights to each feature. It works by fitting the model on the full feature set and eliminating the least important features based on their weights, repeating this process until the desired number of features is reached. RFE helps in selecting the most relevant features for the model, thus improving its performance and interpretability.\n\nBy ranking features based on their importance through iterative elimination, RFE provides insights into the impact of each feature on the model's predictive power. This method is particularly useful when dealing with high-dimensional datasets where feature selection is crucial for building efficient and accurate machine learning models.
Which statistical measure is used to evaluate the performance of a regression model by calculating the average squared difference between the predicted and actual values?;Mean Squared Error;Rsquared;Area Under the Curve;F1 Score;Mean Squared Error;Upper Intermediate;Mean Squared Error (MSE) is a statistical measure commonly used to assess the accuracy of a regression model by measuring the average squared difference between the predicted values and the actual values in the dataset. It provides a quantitative measure of how well the model fits the data by summarizing the variance between predicted and observed values in a single metric. A lower MSE indicates a better fit of the regression model to the data, whereas a higher MSE suggests a larger discrepancy between predicted and actual values.\n\nMSE is calculated by averaging the squared differences between predicted and actual values for each data point. It penalizes larger errors more severely due to the squaring operation, making it a popular choice for evaluating regression models where accurate predictions are essential. By interpreting the MSE, data scientists can gain insights into the performance and predictive power of their regression models, helping them make informed decisions about model improvement and optimization strategies.
Which technique can be used to reduce dimensionality while preserving most of the information in a dataset?;Principal Component Analysis (PC;Principal Component Analysis (PC;Random Forests;Gradient Boosting;Support Vector Machines (SVM);Upper Intermediate;Principal Component Analysis (PCA) is a popular technique used to reduce dimensionality while retaining most of the information in a dataset. It works by transforming the original features into a new set of orthogonal variables called principal components. These components are ordered by the amount of variance they capture, allowing the most important information to be preserved in a lower-dimensional space.\n\nBy selecting the top principal components that contain the most variance, PCA can effectively reduce the dimensions of a dataset while minimizing information loss. This process aids in simplifying the data for analysis and visualization purposes, making it easier to interpret and understand the underlying patterns and relationships within the dataset.
In the context of natural language processing, which technique is used to convert textual data into a numerical format that can be processed by machine learning algorithms?;BagofWords;Knearest neighbors;BagofWords;Principal Component Analysis;Naive Bayes;Upper Intermediate;"In natural language processing, the Bag of Words technique is utilized to transform textual data into a numerical format suitable for machine learning algorithms. This method involves representing text as a simple collection of words, disregarding grammar and word order, to create a ""bag"" of words''.\n' \nEach unique word in the text is assigned an index or numerical value, and the resulting vector represents the frequency of each word in the document. Bag of Words is a fundamental technique for text analysis and is commonly employed in tasks such as sentiment analysis, document classification, and information retrieval in natural language processing applications."
Which statistical measure is used to describe the spread or dispersion of a dataset?;Variance;Standard deviation;Variance;Median;Mean;Upper Intermediate;Variance is a statistical measure commonly used to quantify the spread or dispersion of a dataset. It calculates how far each data point in the dataset is from the mean, providing insights into the variability of the data. Mathematically, variance is computed as the average of the squared differences between each data point and the mean.\n\nUnderstanding variance is essential in assessing the consistency and variability of data points within a dataset. A higher variance signifies greater diversity among the data points, while lower variance indicates more uniformity or clustering around the mean values. Researchers and analysts rely on variance to gain valuable insights into the distribution and variability of the data they are studying.'
Which algorithms are used for unsupervised learning?;KMeans clustering and DBSCAN;Support Vector Machines and KNearest Neighbors;KMeans clustering and DBSCAN;Decision trees and Random Forests;Logistic regression and Naive Bayes;Upper Intermediate;In unsupervised learning, algorithms such as KMeans clustering and DBSCAN are commonly utilized. KMeans clustering aims to group data points into distinct clusters based on similarities in their features, with the number of clusters specified in advance. It iteratively assigns data points to the nearest cluster centroid and updates the centroids until the clusters become stable. On the other hand, DBSCAN (Density-Based Spatial Clustering of Applications with Noise) identifies dense regions in data space as clusters, while also labeling outliers as noise points. It does not require the number of clusters to be predefined and can handle irregularly shaped clusters.\n\nIn summary, KMeans clustering is effective for partitioning data into well-defined clusters based on the proximity of data points, whereas DBSCAN is suitable for identifying clusters of varying shapes and sizes within the data based on density. Both algorithms play crucial roles in unsupervised learning tasks by enabling the exploration and extraction of valuable insights from unlabeled data.
Which statistical concept is used to measure the central tendency of a dataset?;Mean;Standard deviation;Correlation coefficient;Mean;Variance;Upper Intermediate;The mean is a statistical concept used to measure the central tendency of a dataset. It is calculated by adding up all the values in the dataset and then dividing by the total number of values. The mean represents the average value of the dataset and is a commonly used measure of central tendency in statistics.\n' \nAnother way to think of the mean is as the balance point of the dataset, where the sum of all the values on one side equals the sum of all the values on the other side. It is important to note that outliers can significantly influence the value of the mean, so it may not always be the most representative measure of central tendency for skewed or heavily skewed datasets.
How do you assess the performance of a classification model?;Accuracy, Precision, Recall, F1score;Accuracy, Precision, Recall, F1score;Mean Squared Error, Rsquared;Mean Absolute Error, Median Absolute Error;Correlation Coefficient, Chisquare test;Upper Intermediate;To assess the performance of a classification model, several metrics can be used. Accuracy measures the overall correctness of the model predictions. Precision focuses on the proportion of true positive predictions among all positive predictions made by the model, emphasizing the exactness of the model's predictions. Recall, also known as sensitivity, measures the proportion of actual positives that were correctly predicted by the model. F1 score is a harmonic mean of precision and recall, providing a balance between these two metrics, particularly useful when the class distribution is imbalanced.\n''\nEach of these metrics provides a different perspective on the performance of a classification model, helping to evaluate its effectiveness in making accurate predictions. By considering a combination of accuracy, precision, recall, and F1 score, one can gain a comprehensive understanding of the strengths and weaknesses of the model, allowing for adjustments and improvements to enhance its predictive capabilities.'
What is the goal of hypothesis testing in statistical analysis?;To determine the statistical significance of a hypothesis;To summarize and visualize data distributions;To identify outliers in a dataset;To determine the statistical significance of a hypothesis;To estimate the accuracy of a machine learning model;Upper Intermediate;The goal of hypothesis testing in statistical analysis is to assess the statistical significance of a hypothesis. This process involves comparing observed data with what would be expected under a null hypothesis, which assumes no effect or relationship. By performing hypothesis testing, researchers can make informed decisions about whether to accept or reject the null hypothesis based on the evidence provided by the data.''\n''\nHypothesis testing allows researchers to draw conclusions about population parameters from sample data, helping to understand the relationships and patterns in the data. It provides a structured approach to making inferences and evaluating the strength of evidence in support of a hypothesis, ultimately guiding decision-making processes based on the findings of the analysis.
Which algorithm is commonly used for clustering in unsupervised machine learning?;Kmeans algorithm;Kmeans algorithm;Support Vector Machines algorithm;Random Forest algorithm;Naive Bayes algorithm;Upper Intermediate;The K-means algorithm is a widely used clustering method in unsupervised machine learning. It aims to divide a dataset into K clusters based on their similarities in feature space. The algorithm iteratively assigns data points to the nearest cluster centroid and then recalculates the centroids until convergence, optimizing the clustering solution.\n\nK-means is a simple yet powerful algorithm that efficiently partitions data into distinct groups. It is popular due to its ease of implementation, scalability, and effectiveness in identifying natural groupings within the data.
Which statistical test is appropriate for analyzing the relationship between two categorical variables?;Chisquare test;ttest;ANOVA;Chisquare test;Pearson correlation;Upper Intermediate;The Chi-square test is used to analyze the relationship between two categorical variables. It helps determine if there is a significant association between them or if the variables are independent of each other. This test is suitable for variables that are non-parametric and have categories or groups.\n\nChi-square test calculates the expected frequencies and compares them to the observed frequencies to evaluate if any differences are due to chance or if there is a meaningful relationship. By conducting this test, researchers can draw conclusions about the strength and direction of the relationship between the categorical variables being studied.
What is the purpose of exploratory data analysis in the data science workflow?;To understand the main characteristics of the data;To evaluate model performance;To understand the main characteristics of the data;To visualize predictions;To train machine learning models;Upper Intermediate;Exploratory data analysis (EDA) is a crucial step in the data science workflow as it helps in uncovering the main characteristics of the data. By using various statistical techniques and visualization tools, EDA allows data scientists to gain insights into the distribution, relationships, and patterns within the dataset. This understanding helps in guiding further analysis and decision-making processes.\n'\nMoreover, EDA aids in identifying potential outliers, missing values, and anomalies in the data, which are essential for data cleaning and preprocessing. By exploring the data at the initial stages, data scientists can form hypotheses, detect potential issues, and ensure that the data is reliable and suitable for building predictive models or drawing meaningful conclusions.
In ensemble learning, what is the role of bagging?;To train multiple models independently and average their predictions;To boost the performance of weak learners by assigning them weights;To combine the predictions of multiple models through majority voting;To train multiple models independently and average their predictions;To randomly select subsets of features to train each model;Upper Intermediate;In ensemble learning, bagging (Bootstrap Aggregating) involves training multiple models independently on different subsets of the training data. Each model learns to make predictions based on its own unique perspective of the data. Bagging aims to reduce overfitting by averaging the predictions of these diverse models, thereby improving the overall predictive performance and generalization of the ensemble.\n''\nBy using bagging in ensemble learning, the final prediction is a combination of the individual predictions from each model, which helps to reduce variance and improve the stability of the overall model. This technique is particularly effective when dealing with complex and high-dimensional datasets, as it leverages the collective wisdom of multiple models to make more accurate predictions.
What is the process of removing outliers from a dataset called?;Outlier detection;Data cleansing;Outlier removal;Data normalization;Outlier detection;Upper Intermediate;The process of removing outliers from a dataset is known as outlier detection. Outliers are data points that significantly differ from the rest of the data and can skew statistical analysis and machine learning models. Outlier detection involves identifying these anomalies through various statistical techniques, such as Z-score, IQR, or clustering algorithms, and then deciding whether to remove them from the dataset to improve the overall data quality and model performance.\n' \nBy accurately detecting and handling outliers, data scientists can ensure that their analysis and predictions are based on reliable and meaningful data. Outlier detection is a crucial step in data preprocessing that helps to maintain the integrity and accuracy of the dataset, leading to more robust and trustworthy analytical results.
What is the purpose of the F1 score in machine learning evaluation?;To measure the balance between precision and recall;To assess the model's ability to predict probability scores;To evaluate the complexity of the model;To calculate the accuracy of the model;To measure the balance between precision and recall;Upper Intermediate;The F1 score in machine learning evaluation is a metric used to assess the balance between precision and recall of a model. It takes into account both false positives and false negatives, providing a single value that represents the model's overall performance. A high F1 score indicates that the model has both high precision and high recall, striking a balance between the two metrics.\n\nIn essence, the purpose of the F1 score is to provide a holistic evaluation of a model's performance, considering both its ability to correctly identify positive instances (precision) and its ability to capture all positive instances (recall). By using the F1 score, data scientists can gain a more comprehensive understanding of how well a model is performing in terms of both false positives and false negatives.
Which algorithm is suitable for dealing with high-dimensional data?;Principal Component Analysis (PC );Linear regression;Principal Component Analysis (PC);Naive Bayes;Kmeans clustering;Upper Intermediate;Principal Component Analysis (PCA) is a powerful algorithm that is particularly well-suited for handling high-dimensional data. PCA works by transforming the original features into a new set of orthogonal variables called principal components, which are arranged in descending order of variance. By retaining only a few top principal components that capture the most variation in the data, PCA effectively reduces the dimensionality of the dataset while preserving most of the important information.\n\nThis reduction in dimensions helps in simplifying the data analysis process, making it easier to visualize and interpret the information present in the high-dimensional dataset. By using PCA, data scientists can address issues like multicollinearity and overfitting commonly associated with high-dimensional data, leading to more efficient and accurate modeling results.
When dealing with imbalanced datasets, which evaluation metric is better suited than accuracy?;F1 score;Recall;F1 score;ROCAUC score;Precision;Upper Intermediate;When dealing with imbalanced datasets, the F1 score is better suited than accuracy as an evaluation metric. The F1 score takes into account both precision (the number of true positives divided by the sum of true positives and false positives) and recall (the number of true positives divided by the sum of true positives and false negatives). It provides a balance between these two metrics, making it more appropriate for imbalanced datasets where the classes are not evenly distributed.''\n\nIn contrast, accuracy can be misleading with imbalanced datasets because it does not consider the class distribution and may favor the majority class. The F1 score is a more reliable metric in such cases as it considers both false positives and false negatives, providing a more comprehensive assessment of a model's performance on imbalanced data.
What are the assumptions of linear regression?;Linearity, independence of errors, constant variance (homoscedasticity), and normality of errors;Nonlinearity, dependence of errors, nonconstant variance, and normality of errors;Linearity, independence of errors, constant variance (homoscedasticity), and normality of errors;Linearity, independence of errors, constant variance, and skewness of errors;Nonlinearity, independence of errors, constant variance (homoscedasticity), and normality of residuals;Upper Intermediate;The assumptions of linear regression are crucial for the validity of its results. Firstly, linearity assumes that the relationship between the independent and dependent variables can be accurately captured by a straight line. Secondly, independence of errors posits that the errors or residuals in the model are not correlated with each other.\n\nConstant variance or homoscedasticity assumes that the variance of errors should remain consistent across all values of the independent variable. Lastly, normality of errors requires that the residuals follow a normal distribution, which is important for statistical inference. Violation of these assumptions can lead to biased and unreliable results in linear regression analysis.
What is the main objective of A/B testing in data science?;To compare the performance of two different versions of a webpage or application;To identify hidden patterns and relationships in large datasets;To predict future customer behavior based on historical data;To analyze social media sentiment of a particular brand or product;To compare the performance of two different versions of a webpage or application;Upper Intermediate;The main objective of A/B testing in data science is to compare the performance of two different versions of a webpage or application. It helps in determining which version is more effective in achieving the desired outcome, such as higher click-through rates or conversion rates. By presenting these variations to a sample of users and analyzing the results statistically, A/B testing allows data scientists to make data-driven decisions and optimize the design or features of a product for better performance.\n''\nA/B testing enables companies to make informed decisions based on concrete evidence rather than assumptions or guesswork. It provides valuable insights into user behavior and preferences, helping businesses tailor their strategies to maximize engagement and conversions. Overall, the primary goal of A/B testing is to continuously improve and refine products or services based on real-world data analysis, leading to better user experiences and business outcomes.
Which algorithm can be used for both classification and regression tasks, and is based on probabilistic principles?;Naive Bayes;Support Vector Machines (SVM);Random forest;Naive Bayes;Logistic regression;Upper Intermediate;Naive Bayes is a versatile algorithm that can be used for both classification and regression tasks, relying on probabilistic principles. In classification, Naive Bayes calculates the probability that a data point belongs to a particular class based on the feature values. It utilizes Bayes' Theorem to make predictions by assuming independence between the features ('naive' assumption).\n\nOn the other hand, in regression tasks, Naive Bayes estimates the probability distribution of the target variable based on the input features. By leveraging conditional probability and statistical methods, Naive Bayes can predict continuous values in regression problems. Its simplicity, efficiency, and ability to handle multidimensional data make Naive Bayes a popular choice for various data science applications.'
Which technique is used to handle missing data by substituting the missing values with estimated values based on other available data points?;Imputation;Regularization;Imputation;Sampling;Feature scaling;Upper Intermediate;Imputation is the technique used to handle missing data by substituting the missing values with estimated values based on other available data points. This method helps in maintaining the integrity of the dataset and ensures that it can still be used for analysis without losing information due to missing values.'''Imputation is particularly useful in situations where removing missing data would lead to a significant loss of information and affect the validity of the analysis results. By imputing missing values based on existing data patterns, the overall dataset remains complete and can be effectively utilized in data analysis.
Which algorithm is suitable for handling high-dimensional data and reducing its dimensionality?;Principal Component Analysis (PC;Random Forest;Principal Component Analysis (PC;Support Vector Machine (SVM);Naive Bayes;Upper Intermediate;Principal Component Analysis (PCA) is the go-to algorithm for handling high-dimensional data and reducing its dimensionality effectively. PCA works by transforming the original variables into a new set of uncorrelated variables called principal components. These components capture the maximum amount of variance in the data, allowing for dimensionality reduction while retaining as much information as possible.\n\nBy retaining the most important information in the data while discarding less significant details, PCA helps simplify complex datasets and facilitates easier interpretation and visualization. It is widely used in various fields such as image processing, bioinformatics, and finance to streamline data analysis processes and enhance overall efficiency.'