Questions;Correct Answer;1;2;3;4;Difficulty;Comment
In Python, which library is widely used for numerical computing and data manipulation?;NumPy;TensorFlow;Scikitlearn;Matplotlib;NumPy;beginner;NumPy is a popular Python library for numerical computing and data manipulation, offering powerful data structures and functions for efficiently performing mathematical operations on arrays and matrices. With NumPy, users can easily manipulate large datasets, perform complex computations, and work with multi-dimensional arrays, making it an essential tool for data science, machine learning, and scientific computing tasks. NumPy's optimized performance and extensive mathematical functions make it a go-to choice for handling numerical operations in Python. Its seamless integration with other popular libraries like pandas and matplotlib further enhances its utility for data analysis and visualization tasks.
In natural language processing (NLP), what is the term used to represent the occurrence of a word in a document?;Term Frequency (TF);Word Embedding;Term Frequency (TF);Inverse Document Frequency (IDF);Word2Vec;beginner;In natural language processing (NLP), Term Frequency (TF) represents the occurrence of a word in a document, indicating how often a word appears within the text. TF is calculated by counting the number of times a specific word occurs in a document and is used to assess the relevance of the word within the context of that document. Higher TF values indicate that a word is more important to the document's content. TF is a fundamental concept in text mining and information retrieval, aiding in tasks such as text classification, clustering, and information extraction. By understanding the TF of words, NLP algorithms can prioritize key terms and better comprehend the significance of specific terms in documents, enabling more accurate analysis and interpretation of textual data.'
What is the term used to describe the process of transforming categorical variables into numerical representations?;Onehot encoding;Feature scaling;Label encoding;Onehot encoding;Normalization;beginner;The term used to describe the process of transforming categorical variables into numerical representations is called one-hot encoding. One-hot encoding involves creating binary columns for each unique category in the original categorical variable. Each binary column corresponds to a different category, with a value of 1 indicating the presence of that category and 0 indicating the absence. This method enables machine learning algorithms to interpret and process categorical data effectively.\n\nOne-hot encoding is a crucial technique in data preprocessing for machine learning tasks, allowing models to incorporate categorical information into their calculations. By converting categorical variables into numerical form, one-hot encoding preserves the categorical distinctions without imposing any ordinal relationship between categories. This process helps prevent bias in the model training process and ensures accurate representation of categorical data in the final analysis.
Which data type is used to store values with decimal places in Python?;Float;Boolean;Float;String;Integer;beginner;In Python, the 'float' data type is used to store values with decimal places. Float stands for floating-point number, and it can represent real numbers, both rational and irrational, with decimal points. Float data type is essential for computations requiring precision and accuracy, such as scientific calculations and financial modeling.\n' \n' \nWhen working with floating-point numbers, it's crucial to be aware of potential precision issues due to the way computers represent these values. Understanding how to properly handle and manipulate float data types is essential for accurate results in computations involving decimal values in Python.
What is meant by overfitting in machine learning?;When a model performs well on the training data but poorly on unseen data;When a model performs well on the training data but poorly on unseen data;When a model performs poorly on the training data but well on unseen data;When a model has high bias and low variance;When a model has low bias and high variance;beginner;Overfitting in machine learning occurs when a model becomes overly complex and performs exceptionally well on the training data but fails to generalize to new, unseen data. This happens when the model learns noise or random fluctuations in the training data instead of the underlying patterns. Overfitting is a critical issue as it can result in poor predictive performance and lack of generalization to real-world scenarios.\n\nTo combat overfitting, techniques such as cross-validation, regularization, and early stopping are commonly employed. Cross-validation helps assess the model's performance on unseen data, regularization adds constraints to the model to prevent it from becoming too complex, and early stopping stops the training process before the model starts to overfit. These strategies help strike a balance between model complexity and generalization, ultimately improving the model's performance on new data.
Which statistical measure is commonly used to evaluate regression models?;Mean Squared Error (MSE);Accuracy;F1 Score;Area Under the Curve (AU;Mean Squared Error (MSE);beginner;Mean Squared Error (MSE) is a commonly used statistical measure to evaluate regression models. It calculates the average squared difference between the actual values and the predicted values by the model. Lower MSE values indicate that the model's predictions are closer to the actual data points, while higher MSE values signify greater prediction errors. By minimizing MSE, regression models can be optimized to make more accurate predictions and improve overall performance.' \n' MSE is a valuable metric in assessing the goodness of fit of a regression model, providing insight into the model's predictive capabilities and helping to identify potential areas for improvement. Its calculation involves squaring the residuals (the differences between the predicted and actual values) and taking the average across all data points, making it a reliable measure for evaluating the model's accuracy.
Which algorithm is a type of unsupervised learning and is used for clustering similar data points together?;Kmeans;Logistic Regression;Support Vector Machine;Kmeans;Random Forest;beginner;K-means is an unsupervised learning algorithm used for clustering similar data points together. It partitions a dataset into K clusters based on their characteristics, aiming to minimize the sum of distances within each cluster. Initially, it randomly assigns centroids to clusters and iteratively adjusts them to optimize cluster assignments until convergence.\n' \nK-means is widely applied in various fields such as image processing, market segmentation, and anomaly detection. It is efficient for large datasets and generally works well when clusters are well-separated and have similar densities.
What is an outlier in a dataset?;A data point that deviates significantly from other observations;A data point that remains constant throughout the dataset;A data point that is missing or has incomplete information;A data point that deviates significantly from other observations;A highly influential data point that affects the overall trend;beginner;An outlier in a dataset is a data point that deviates significantly from other observations. Outliers are data points that are unusually far from the central tendency of the data set, and they can have a substantial impact on statistical analyses and machine learning models. Identifying and handling outliers is important in data analysis to ensure the accuracy and reliability of insights drawn from the data.\n\nOutliers can occur due to measurement errors, data processing errors, or represent genuine but unusual observations. It is crucial to detect and address outliers appropriately to prevent skewed results and biased interpretations of data patterns.'
Which data type is used to represent textual data in machine learning?;String;Integer;Boolean;String;Float;beginner;"In machine learning, textual data is represented using the data type called ""String."" Strings are sequences of characters, such as letters, numbers, symbols, or spaces, that are used to store and manipulate text information. In the context of machine learning algorithms, strings are commonly used for processing text data like names, descriptions, and other natural language inputs.\n\nUsing the String data type allows machine learning models to handle and analyze text-based information effectively. By encoding textual data as strings, algorithms can extract meaningful patterns, relationships, and insights from text datasets, enabling tasks such as sentiment analysis, text categorization, and information retrieval in the field of machine learning."
Which data structure is commonly used for implementing a queue?;Linked list;Linked list;Heap;Stack;Array;beginner;A linked list is a common data structure used for implementing a queue. In a queue, elements are added at one end and removed from the other end. A linked list allows for efficient insertion and deletion operations, making it suitable for queue implementations. Each element in the linked list points to the next element in the queue, creating a linear sequence of nodes.\n\nIn a linked list implementation of a queue, adding elements involves creating a new node and updating the pointers in the list to connect the new node at the end of the queue. Similarly, removing elements from the queue entails updating the pointers to remove the front element efficiently. Overall, a linked list offers flexibility and efficient operations for implementing a queue data structure.
In natural language processing (NLP), what is the process of transforming words into their base or root form called?;Lemmatization;Partofspeech tagging;Stemming;Tokenization;Lemmatization;beginner;Lemmatization is the process in NLP that involves transforming words into their base or root form. This technique reduces words to their dictionary form, known as the lemma. Lemmatization helps in standardizing words to improve text analysis by grouping words with the same meaning together. It is often preferred over stemming, as it considers the context of the word in the sentence to derive its base form accurately.\n\nBy lemmatizing words, variations like plurals and verb tenses are reduced to their base forms, aiding in tasks such as text classification, sentiment analysis, and topic modeling. This process is crucial for enhancing the accuracy and efficiency of NLP applications by simplifying word representation and improving language understanding.
What do we call the technique used to handle missing data in a dataset?;Imputation;Imputation;Outlier detection;Data augmentation;Normalization;beginner;The technique used to handle missing data in a dataset is called imputation. Imputation involves filling in missing values with estimated or calculated values based on the known data within the dataset. This technique helps to maintain the integrity and quality of the data for analysis and modeling purposes.\n'Imputation methods can vary, including mean imputation, median imputation, mode imputation, or more advanced techniques like predictive modeling-based imputation. Choosing the appropriate imputation method is crucial to ensure accurate and reliable results in data analysis and machine learning tasks.
Which metric is commonly used for evaluating clustering algorithms?;Silhouette coefficient;Silhouette coefficient;Rsquared coefficient;Mean Absolute Error (MAE);Area Under the Curve (AU;beginner;The Silhouette coefficient is a commonly used metric for evaluating clustering algorithms. It measures the cohesion and separation of clusters by calculating the mean distance between a data point and all other points in the same cluster, as well as the mean distance between the data point and all points in the nearest neighboring cluster. This results in a score between -1 and 1, where a higher score indicates better-defined clusters.\n\nA Silhouette coefficient close to 1 suggests that the data points are appropriately clustered, with well-defined boundaries between clusters. Conversely, a score close to -1 indicates poor clustering, where data points may be assigned to incorrect clusters or have overlapping boundaries. Overall, the Silhouette coefficient provides a comprehensive way to assess the quality of clustering results and helps in selecting the optimal number of clusters for a given dataset.' 
In which stage of the data science workflow is data preprocessing typically performed?;Data Collection;Data Modeling;Data Visualization;Data Collection;Data Analysis;beginner;Data preprocessing is usually carried out in the early stage of the data science workflow that is the data collection phase. This involves cleaning, transforming, and organizing raw data to make it suitable for further analysis. Data preprocessing is crucial as it helps in enhancing the quality of the data and improving the effectiveness of machine learning models.'\n\nPerforming data preprocessing during the data collection stage ensures that the data is accurate and relevant for analysis. It involves tasks like handling missing values, removing duplicates, standardizing data formats, and handling outliers, laying a strong foundation for successful data analysis and model building.''
What is the main difference between precision and recall?;Precision measures the accuracy of positive predictions, while recall measures the completeness of positive predictions;Precision measures the accuracy of negative predictions, while recall measures the completeness of negative predictions;Precision measures the accuracy of positive predictions, while recall measures the completeness of positive predictions;Precision measures the completeness of negative predictions, while recall measures the accuracy of negative predictions;Precision measures the completeness of positive predictions, while recall measures the accuracy of positive predictions;beginner;Precision and recall are two essential metrics used in evaluating the performance of machine learning models, especially in classification tasks. Precision quantifies the accuracy of positive predictions made by the model. It is calculated as the ratio of correctly predicted positive instances to the total number of instances predicted as positive. A high precision score indicates that when the model predicts an outcome as positive, it is more likely to be correct.\n\nOn the other hand, recall, also known as sensitivity or true positive rate, measures the completeness of positive predictions made by the model. It is computed as the ratio of correctly predicted positive instances to the total number of actual positive instances in the data. A high recall score suggests that the model is effective at capturing all positive instances, regardless of the number of false positives. Striking a balance between precision and recall is crucial in developing a well-performing machine learning model.
When dealing with missing values in a dataset, which technique is commonly used to impute the missing values?;Mean imputation;Mean imputation;Median imputation;Mode imputation;Random imputation;beginner;Mean imputation is a common technique used to handle missing values in a dataset. It involves replacing any missing values with the mean of the non-missing values in the same column. By imputing the mean, the overall structure and statistical properties of the data are preserved, making it a simple and effective method for dealing with missing data.' \n'One drawback of mean imputation is that it may introduce bias and reduce the variability of the dataset. It assumes that the missing values are missing completely at random, which may not always be the case in real-world datasets. Care should be taken when using mean imputation to ensure that it is appropriate for the specific dataset and research question.
Which algorithm is specifically designed for handling categorical variables in a dataset?;OneHot Encoding;Decision Trees;Kmeans Clustering;OneHot Encoding;Support Vector Machines;beginner;OneHot Encoding is an algorithm specifically designed to handle categorical variables in a dataset. Categorical variables are variables that can take on a limited, fixed number of possible values. OneHot Encoding is a technique that converts categorical variables into a numerical format that can be used for machine learning algorithms. It works by creating binary columns for each category within the categorical variable, where a '1' indicates the presence of that category and '0' indicates the absence.\n\nThis technique is essential because many machine learning algorithms cannot directly work with categorical data, as they require numerical input. OneHot Encoding helps to overcome this limitation by transforming categorical variables into a format that is suitable for these algorithms to interpret and process effectively.''
In which step of the machine learning pipeline is feature scaling typically performed?;Data loading;Data loading;Model training;Model evaluation;Feature selection;beginner;Feature scaling is typically performed in the preprocessing step of the machine learning pipeline. This step involves transforming the data to a standardized format before feeding it into a machine learning model. Feature scaling ensures that all input features have the same scale, preventing certain features from dominating the model due to their larger values. Common techniques for feature scaling include standardization and normalization, which adjust the range and distribution of features to improve model performance.\n\nData loading, the initial step in the pipeline, involves retrieving the dataset from a source such as a database or a file. However, feature scaling is typically carried out after data loading in the preprocessing phase to prepare the data for training. By standardizing or normalizing the features, machine learning algorithms can better interpret the input data and make more accurate predictions.
Which statistical measure provides information about the central tendency of a dataset?;Median;Variance;Median;Standard deviation;Range;beginner;The median is a statistical measure that represents the middle value in a dataset when the values are arranged in ascending order. Unlike the mean, which can be influenced by extreme values, the median gives a more robust indication of the central tendency of the data. It is particularly useful when dealing with skewed or non-normally distributed data, providing a more accurate representation of the typical value in the dataset.'\n''By looking at the median, one can understand where the center of the data is concentrated, making it a valuable measure for summarizing the central tendency of a dataset in a concise and interpretable way. In summary, the median is a key statistical measure that helps in understanding the central position of the data points and is often used in conjunction with other measures like the mean and mode for a comprehensive analysis.'
Which of the following libraries in Python is commonly used for performing numerical computations and data manipulation?;Scikitlearn;Scikitlearn;PyTorch;NumPy;TensorFlow;beginner;Scikit-learn is a widely used Python library for numerical computations and data manipulation, particularly in the field of machine learning. It offers a variety of tools for tasks like classification, regression, clustering, and dimensionality reduction. Scikit-learn is known for its user-friendly interface and extensive documentation, making it popular among both beginners and experienced data scientists.\n'\nOverall, Scikit-learn provides efficient and simple solutions for complex machine learning problems, allowing users to easily implement and experiment with different algorithms. Its versatility, robustness, and high performance make it a go-to choice for many data science projects requiring numerical computations and data manipulation in Python.
What is the standard deviation?;A measure of the dispersion or variability of data;The sum of all data points;The average of a set of values;The midpoint of a distribution;A measure of the dispersion or variability of data;beginner;Standard deviation is a statistical measure that indicates how data points are spread out around the mean in a dataset. It quantifies the amount of variation or dispersion within the data set, helping to understand the consistency or volatility of the values. A lower standard deviation suggests that the data points are closer to the mean, while a higher standard deviation indicates that the data points are more spread out.\n\nIn essence, the standard deviation provides insight into the degree of uncertainty or risk associated with the data, making it a crucial tool in various fields such as finance, research, and quality control. It is calculated by taking the square root of the variance, which is the average of the squared differences of each data point from the mean. A thorough understanding of standard deviation is essential for analyzing and interpreting the distribution and patterns within a dataset.
Which algorithm is commonly used for decision tree based classification and regression?;Random Forest;Kmeans clustering;Random Forest;Support Vector Machines (SVM);Naive Bayes;beginner;Random Forest is a popular algorithm commonly used for decision tree-based classification and regression tasks. It is an ensemble learning technique that builds multiple decision trees and combines their results to improve prediction accuracy. Random Forest randomly selects subsets of features and data points to build each tree, reducing overfitting and increasing model robustness.' \n'This algorithm is widely used in various fields due to its versatility, scalability, and ability to handle large datasets with high dimensionality. It is known for providing reliable and accurate predictions, making it a powerful tool for data science practitioners and researchers alike.
Which algorithm is most commonly used for linear regression?;Linear Discriminant Analysis;Principal Component Analysis;Linear Discriminant Analysis;KNearest Neighbors;Ordinary Least Squares regression;beginner;Linear Discriminant Analysis (LDA) is a classification algorithm that is commonly used for solving classification problems. It is not typically used for linear regression, which is a different concept in data science. Linear regression aims to predict continuous outcomes based on the relationship between input variables and the output variable. In contrast, LDA focuses on finding the best linear combination of features to distinguish between classes in a supervised classification setting.\n\nWhile LDA can be seen as a linear technique, it is distinct from linear regression in terms of the problem it addresses and the methodology it employs. Linear regression is specifically designed for predicting continuous numerical values, whereas LDA is geared towards separating data into distinct categories based on a set of features. Understanding the differences between these algorithms is crucial for selecting the most appropriate method for a given data science problem.
In which scenario would you use a decision tree algorithm?;When working on a classification problem;When dealing with continuous data;When handling timeseries data;When working on a classification problem;When working with unstructured data;beginner;A decision tree algorithm is commonly used in scenarios where the objective is to classify data into distinct categories. It is a versatile and interpretable machine learning technique that breaks down a dataset into smaller subsets based on a series of decision rules. Each internal node of the tree represents a decision based on a feature, guiding the classification path until a final outcome (leaf node) is reached. Decision trees are effective for both binary and multi-class classification tasks, making them suitable for a wide range of applications where understanding the decision-making process is valuable.' \n'In practice, decision trees are useful in industries such as finance for credit scoring, healthcare for disease diagnosis, and marketing for customer segmentation. By building a tree structure that mirrors the decision-making process of experts, the algorithm can generate transparent and easy-to-understand models that can be crucial in guiding decision-making processes.
Which of the following is NOT a commonly used performance metric for classification models?;Rsquared;Recall;Precision;Accuracy;Rsquared;beginner;R-squared is not a commonly used performance metric for classification models. R-squared, also known as the coefficient of determination, is typically used in regression analysis to measure how well the regression model explains the variability of the response variable. It is not suitable for evaluating classification models because it is tailored for continuous outcomes, not categorical ones.' \n\nCommonly used performance metrics for classification models include accuracy, precision, recall, F1 score, and area under the receiver operating characteristic curve (ROC AUC). These metrics provide insights into the predictive power and effectiveness of classification models in correctly identifying different classes within the dataset.
In the context of machine learning evaluation, what is precision?;The number of true positive predictions divided by the total number of positive predictions;The number of true positive predictions divided by the total number of relevant instances;The number of true positive predictions divided by the total number of positive predictions;The number of positive predictions divided by the total number of true positive predictions;The number of true positive predictions divided by the total number of instances in the dataset;beginner;Precision in the context of machine learning evaluation is a measure of the accuracy of positive predictions made by a model. It is calculated as the number of true positive predictions divided by the total number of positive predictions. Precision indicates the proportion of correctly predicted positive instances out of all instances predicted as positive by the model.'\n'\nA high precision value indicates that the model is good at avoiding false positives, meaning it correctly identifies positive cases with low misclassification rate. Precision is commonly used in conjunction with recall to provide a more comprehensive evaluation of a model's performance, especially in tasks where false positives are costly.
Which library in Python is commonly used for numerical computations and data analysis?;NumPy;scikitlearn;TensorFlow;matplotlib;NumPy;beginner;NumPy is a widely-used library in Python for numerical computations and data analysis. It provides support for large, multi-dimensional arrays and matrices, along with a collection of mathematical functions to operate on these arrays efficiently. NumPy is essential for tasks such as linear algebra, statistical analysis, and manipulating numerical data in Python projects.\n\nOne of NumPy's key features is its ability to perform element-wise operations on arrays, which allows for fast and efficient computation compared to traditional Python lists. Its comprehensive functionality and performance optimizations make it a preferred choice for scientific computing and data analysis tasks in the Python ecosystem.'
Which loss function is commonly used for training a linear regression model?;Mean Squared Error (MSE);Binary Cross Entropy Loss;KullbackLeibler Divergence;Mean Squared Error (MSE);Cross Entropy Loss;beginner;Mean Squared Error (MSE) is a commonly used loss function for training linear regression models. It calculates the average of the squared differences between the predicted and actual values. By minimizing MSE during training, the model aims to make its predictions as close as possible to the true values. This helps to quantify the overall performance and accuracy of the linear regression model.\n\nIn linear regression, MSE provides a measure of how well the model is capturing the underlying relationship between the features and the target variable. Lower MSE values indicate a better fit of the model to the data, while higher MSE values suggest poor performance. Ultimately, using MSE as the loss function guides the learning process to optimize the model parameters for improved prediction outcomes.'
When would you choose to use k-nearest neighbors (KNN) algorithm?;When the data has multiple classes and is nonlinearly separable;When the data is sequential and requires time series analysis;When the data is highdimensional and requires dimensionality reduction;When the data has multiple classes and is nonlinearly separable;When you have a large dataset and want to build an efficient model;beginner;K-nearest neighbors (KNN) algorithm is typically chosen when dealing with data that has multiple classes and is nonlinearly separable. This means that the data points belonging to different classes are not easily separable by a straight line or linear boundary. Instead, KNN calculates the distance between data points and classifies them based on the nearest neighbors, adjusting to the intricate boundaries between classes.\n\nBy using KNN in such scenarios, it allows for flexibility in handling complex data patterns with multiple classes. It is a simple yet effective algorithm that does not assume a specific data distribution, making it suitable for diverse datasets with varying degrees of nonlinearity. However, it is important to consider the impact of selecting the appropriate value for the 'k' parameter in KNN to prevent overfitting or underfitting the model.'
Which algorithm is used to recommend similar items to a user based on their past behavior or preferences?;Collaborative Filtering;Collaborative Filtering;KNearest Neighbors;hierarchical clustering;Apriori algorithm;beginner;Collaborative Filtering is the algorithm commonly used to recommend similar items to users based on their past behavior or preferences. It works by analyzing interactions among users and items to make recommendations. By identifying patterns in user behavior and preferences, collaborative filtering can suggest items that users might like, even if they have not interacted with those items before.\n' \n' \nOverall, collaborative filtering is an effective approach for providing personalized recommendations in various fields such as e-commerce, social media, and entertainment platforms, enhancing user experience and engagement.
Which statistical measure is useful for understanding the spread of a dataset?;Standard deviation;Standard deviation;Median;Mode;Mean;beginner;Standard deviation is a statistical measure that quantifies the amount of variation or dispersion in a dataset. It is useful for understanding the spread of data points around the mean, providing insights into how closely individual data points cluster around the average value. A higher standard deviation indicates greater dispersion, while a lower standard deviation signifies that data points are closer to the mean.'\n''By calculating the standard deviation, data analysts can interpret the relative consistency or variability within a dataset, helping them make informed decisions about the data distribution and the reliability of statistical conclusions drawn from the dataset. Overall, standard deviation is a crucial tool in data analysis for measuring the extent to which data points deviate from the mean, offering valuable insights into the distribution and variability of the data.''
What is an evaluation metric commonly used in regression problems to assess the performance of a machine learning model?;Mean Squared Error (MSE);F1 Score;Accuracy;Precision;Mean Squared Error (MSE);beginner;Mean Squared Error (MSE) is a popular evaluation metric in regression problems that calculates the average of squared differences between actual and predicted values. It provides a quantitative measure of how well the model's predictions align with the true values, with lower MSE values indicating better performance. MSE is commonly used in regression tasks because it penalizes larger errors more significantly due to the squaring operation.\n\nMSE is easy to interpret and can help in comparing different models or tuning hyperparameters to improve performance. However, it is sensitive to outliers and may not be suitable if the dataset contains extreme values. In practice, understanding MSE can aid in assessing the accuracy and reliability of a machine learning model's predictions in regression tasks.
Which data structure is used to store key-value pairs in Python?;Dictionary;List;Dictionary;Tuple;set;beginner;In Python, the data structure used to store key-value pairs is called a dictionary. Dictionaries are unordered collections of items where each item is stored as a key-value pair. This allows for efficient access to values based on their corresponding keys.''Dictionaries in Python are mutable, meaning that their elements and size can be changed after creation. They are particularly useful for tasks such as mapping and looking up values based on specific keys, providing a flexible and powerful way to manage and manipulate data in Python programs.
In linear regression, what does the R-squared value indicate?;the proportion of the variance in the dependent variable that is predictable from the independent variables;the proportion of outliers in the dataset;the strength of the Linear relationship between the independent and dependent variables;the average Squared difference between the predicted and actual values;the proportion of the variance in the dependent variable that is predictable from the independent variables;beginner;The R-squared value in linear regression indicates the proportion of the variance in the dependent variable that can be explained or predicted by the independent variables. Specifically, it measures how well the regression model fits the actual data points, with a higher R-squared value indicating a better fit. It ranges from 0 to 1, where 0 means the model does not explain any variance and 1 means the model perfectly predicts the outcome based on the independent variables.\n\n'R-squared is a useful metric for evaluating the goodness of fit of a linear regression model. However, it does not indicate the strength or direction of the relationship between variables, so it should be used in conjunction with other metrics to fully assess the quality of the model.'
How does the k-nearest neighbors (KNN) algorithm make predictions?;It finds the majority class among the k nearest neighbors and assigns that as the prediction;It computes the average of the k nearest neighbors and assigns that as the prediction;It calculates the cosine similarity between the samples and finds the closest match as the prediction;It finds the majority class among the k nearest neighbors and assigns that as the prediction;It fits a linear regression model to the k nearest neighbors and predicts the continuous value;beginner;The k-nearest neighbors (KNN) algorithm makes predictions by calculating the distance between the new data point and its k closest neighbors in the training set. Once the k neighbors are identified, the algorithm then identifies the majority class among these neighbors. This majority class is then assigned as the prediction for the new data point. KNN is a simple yet effective algorithm that relies on the assumption that data points in the same vicinity tend to have similar characteristics and thus belong to the same class.'KNN is a non-parametric algorithm, meaning it does not make strong assumptions about the underlying data distribution. However, it can be sensitive to outliers and high-dimensional data, so it is important to preprocess the data accordingly before applying the algorithm.
Which statistical distribution is commonly used for hypothesis testing?;Normal distribution;Binomial distribution;Poisson distribution;Exponential distribution;Normal distribution;beginner;The normal distribution, also known as the Gaussian distribution, is commonly used for hypothesis testing due to its mathematical properties. It is bell-shaped and symmetric around the mean, with crucial characteristics like mean and standard deviation that help in analyzing data variability and making statistical inferences. Hypothesis tests often rely on assuming that the data follows a normal distribution to determine probabilities and draw conclusions about population parameters.\n\nIn hypothesis testing, the assumption of normality is essential for making reliable statistical inferences. The normal distribution's widespread use is attributed to the Central Limit Theorem, which states that the sample mean of a sufficiently large sample size will follow a normal distribution regardless of the data's original distribution. This makes the normal distribution a suitable choice for hypothesis testing scenarios, where researchers aim to assess the significance of their findings based on sample data and draw valid conclusions about the population parameters.
In machine learning, what metric is typically used to evaluate a classification model's performance?;Accuracy;Accuracy;Precision;F1 score;Recall;beginner;In machine learning, accuracy is a commonly used metric for evaluating the performance of a classification model. Accuracy measures the ratio of correct predictions to the total number of predictions made by the model. It is calculated as the number of correct predictions divided by the total number of predictions, providing a straightforward way to assess the model's overall correctness.\n\nWhile accuracy is a simple and intuitive metric, it may not be the most suitable in all scenarios. For imbalanced datasets, where one class is significantly more prevalent than others, accuracy alone may be misleading. In such cases, additional metrics like precision, recall, F1 score, or area under the receiver operating characteristic curve (AUC-ROC) are often used to provide a more comprehensive evaluation of the model's performance.'
Which algorithm is commonly used for supervised learning tasks such as binary classification?;Decision Trees;Principal Component Analysis;Neural Networks;Decision Trees;Kmeans Clustering;beginner;Decision Trees are commonly used for supervised learning tasks like binary classification due to their simplicity and interpretability. They work by recursively partitioning the data based on feature values, creating a tree-like structure that helps in making decisions. Each internal node represents a feature, and each leaf node corresponds to a class label. By asking a series of yes/no questions, decision trees efficiently classify instances into different categories.\n\nOne of the advantages of Decision Trees is their ability to handle both numerical and categorical data. They are intuitive and easy to understand, making them a popular choice for beginners and experts alike in the field of machine learning. The main challenge with decision trees is their tendency to overfit the training data, but this can be mitigated with techniques like pruning and ensemble methods.'
In machine learning, what is the purpose of the training set?;To build the model;To build the model;To validate the model;To evaluate the model;To test the model;beginner;The training set in machine learning serves as the foundational data used to build a predictive model. It consists of labeled examples that the algorithm analyzes to learn patterns and relationships within the data. By training the model on this set, it becomes equipped to make accurate predictions or classifications based on new, unseen data points. The training set essentially provides the framework for the model to understand and extrapolate patterns, enabling it to generalize well to make predictions.\n\n' \n\nWithout a sufficient and well-prepared training set, the model's ability to learn and infer from the data is compromised. The quality of the training set directly impacts the model's performance and predictive accuracy. Therefore, a carefully curated training set is essential for creating a robust and reliable machine learning model.
What is the purpose of one-hot encoding in feature engineering?;Converting categorical variables into binary vectors;Extracting important features using statistical tests;Converting categorical variables into binary vectors;Preprocessing text data by removing stop words;Scaling numerical variables to have zero mean and unit variance;beginner;One-hot encoding is a crucial technique in feature engineering, converting categorical variables into binary vectors. It is used to represent categorical data as numerical values to enable machine learning algorithms to interpret and process them effectively. Each category becomes a separate binary feature, with a value of 1 to represent its presence and 0 to show absence. This process prevents the model from assigning false significance to categorical variables based on numerical labels.\n\nBy transforming categorical data into binary representations, one-hot encoding helps avoid unintended ordinal relationships between categories that may influence model predictions erroneously. This technique enables algorithms to work with categorical data by encoding them in a way that ensures each category is understood independently. As a result, one-hot encoding is essential for building accurate and efficient machine learning models when dealing with categorical variables.
Which algorithm is suitable for linear regression problems?;Support Vector Machines (SVM);Support Vector Machines (SVM);Random Forest;Kmeans clustering;Linear Regression (LR);beginner;Support Vector Machines (SVM) are suitable for linear regression problems due to their ability to handle both linear and non-linear datasets effectively. SVM works well with high-dimensional data and can find the optimal linear hyperplane that best separates the data points. It aims to maximize the margin between different classes, making it robust and accurate for regression tasks where the relationship between variables is linear. SVM also provides flexibility by using different kernel functions to capture non-linear patterns in the data.\n\nFurthermore, SVM is known for its ability to handle outliers effectively in linear regression problems. By focusing on the support vectors, which are the data points closest to the decision boundary, SVM is less sensitive to outliers that can affect the performance of other algorithms like ordinary least squares. This robustness to outliers makes SVM a reliable choice for linear regression tasks where the presence of outliers is common.'
Which Python library is commonly used for scientific computing and data analysis?;Matplotlib;Scikitlearn;TensorFlow;Matplotlib;NumPy;beginner;Matplotlib is a popular Python library utilized for scientific computing and data analysis. It is widely employed for creating visualizations such as plots, charts, and graphs to represent data in a visually appealing manner. Matplotlib offers diverse plotting features and customization options, making it a valuable tool for data analysts and researchers to explore and communicate their findings effectively.'\n\nMatplotlib provides a high level of flexibility and control over visualizations, enabling users to adjust various aspects of the plots to meet specific requirements. It integrates seamlessly with other libraries such as NumPy and Pandas, further enhancing its capabilities in data manipulation and analysis.'
What is the purpose of a lambda function in Python?;To create anonymous functions;To execute a block of code repeatedly;To Define classes and objects;To handle exceptions in code;To create anonymous functions;beginner;A lambda function in Python is used to create anonymous functions, which are small, inline functions without a defined name. These functions are often used for short, simple operations where defining a full function would be unnecessary. Lambda functions are commonly employed in situations where a function is required temporarily or for a specific purpose within a program, making code more concise and readable by eliminating the need for an explicit function definition.\n\nLambda functions are particularly useful in situations where a function is used as an argument to another function, such as in the case of sorting or filtering data. Their compact nature and ability to be written in a single line make them a convenient tool for functional programming and for enhancing the efficiency and readability of code.
Which algorithm is NOT considered a supervised learning algorithm?;Kmeans clustering;Decision tree;Support vector machine (SVM);Kmeans clustering;Knearest neighbors (KNN);beginner;Kmeans clustering is NOT considered a supervised learning algorithm. This algorithm belongs to the category of unsupervised learning techniques, which aims to cluster data points into groups without any predefined labels or target output. \nIt is commonly used to identify patterns or groupings in the data based on their similarities and differences, by iteratively assigning data points to clusters and optimizing the centers of these clusters.\n\nIn contrast to supervised learning, where the model learns from labeled data to predict outcomes, unsupervised algorithms like Kmeans clustering work with unlabeled data to identify hidden structures or patterns within the dataset. They help in exploratory data analysis and can be applied in various fields like customer segmentation, anomaly detection, and image compression.
What is the most commonly used evaluation metric for regression models?;Mean Squared Error (MSE);F1 score;Precision;Mean Squared Error (MSE);Accuracy;beginner;The most commonly used evaluation metric for regression models is the Mean Squared Error (MSE). It measures the average squared difference between the predicted values and the actual values in the dataset. A lower MSE indicates a better fit of the model to the data, as it represents the closeness of the predicted values to the true values in the dataset.\n\nMSE is preferred for regression models because it penalizes larger errors more significantly due to squaring them, making it sensitive to outliers. It provides a straightforward way to compare the performance of different regression models and assess their accuracy in predicting the target variable.'
Which machine learning algorithm is commonly used for regression tasks?;Linear regression;Decision trees;Kmeans clustering;Linear regression;Naive Bayes;beginner;Linear regression is a fundamental machine learning algorithm typically used for regression tasks. It works by finding a linear relationship between the input features and the target variable, allowing for predictions of continuous values. The goal is to minimize the difference between the predicted values and the actual target values by adjusting coefficients to best fit the data.\n\nIn essence, linear regression is a simple yet powerful algorithm that serves as a baseline for more complex models. It is widely employed in various fields due to its interpretability, ease of implementation, and ability to provide insights into relationships between variables.
Which Python library is commonly used for visualizing data in the form of statistical graphics?;Matplotlib;Pandas;Matplotlib;Tensorflow;Scikitlearn;beginner;Matplotlib is a widely used Python library for creating statistical graphics and visualizations. It provides a versatile range of plotting options, such as line plots, scatter plots, bar plots, histograms, and more. Matplotlib is highly customizable, allowing users to adjust colors, labels, titles, and other visual elements to effectively communicate insights from data.\n\n'Matplotlib's intuitive interface and extensive documentation make it an essential tool for data scientists and analysts looking to create informative and visually appealing plots. With Matplotlib, users can generate publication-quality graphics for presentations, reports, and publications, making it a valuable asset in the field of data visualization.'
What is a confusion matrix used for in binary classification?;Evaluating the performance of a classifier;Calculating the precision and recall of a model;Evaluating the performance of a classifier;Assessing model interpretability;Determining class imbalances in the dataset;beginner;A confusion matrix is used in binary classification to summarize the performance of a classifier by showcasing the counts of true positive, true negative, false positive, and false negative predictions. True positive represents correct positive predictions, true negative indicates correct negative predictions, false positive shows incorrect positive predictions, and false negative signifies incorrect negative predictions. It helps in assessing the effectiveness of the classifier in terms of accuracy, precision, recall, and F1 score.\n\nBy analyzing the confusion matrix, one can gain insights into the strengths and weaknesses of a classifier and make informed decisions about fine-tuning the model for better performance. It provides a clear breakdown of how well the classifier is distinguishing between the two classes and is an essential tool for understanding the quality of predictions in binary classification tasks.
"What does the term ""supervised learning"" refer to in machine learning?";Learning from labeled data where the model is trained to predict the correct outcomes;Learning from unlabeled data to discover underlying patterns and structures;Learning from labeled data where the model is trained to predict the correct outcomes;Learning from data with missing values using imputation techniques;Learning from a combination of labeled and unlabeled data to improve model accuracy;beginner;Supervised learning in machine learning refers to a method where the algorithm learns patterns from labeled training data. The data includes both input and output labels, allowing the model to predict correct outcomes based on the patterns it identifies. This type of learning is guided by a supervisor or a teacher, ensuring that the model can make accurate predictions on unseen data.' \n\nBy repeatedly comparing its predictions to the correct outcomes during the training phase, the model adjusts its internal parameters to minimize errors. Supervised learning is widely used in various applications such as classification and regression tasks, where the goal is to predict discrete categories or continuous values based on input features.
Which data structure would you use to efficiently store and retrieve key-value pairs?;Dictionary;Dictionary;Queue;Linked list;Array;beginner;A dictionary data structure is commonly used to efficiently store and retrieve key-value pairs in data science. In Python, for example, dictionaries provide a way to map unique keys to corresponding values. This allows for quick access to specific values based on their associated keys without needing to iterate through the entire dataset. Dictionaries are versatile and powerful due to their quick lookup capabilities, making them a preferred choice for many data science applications.\n\nDictionaries are particularly useful when dealing with large datasets that require speedy access to specific information. By organizing data into key-value pairs, dictionaries streamline the process of retrieving values based on their corresponding keys, improving overall efficiency in data retrieval tasks. Their simplicity and effectiveness make dictionaries a fundamental data structure in data science for storing and accessing key-value pairs conveniently.'
Which programming language is widely used for data analysis and statistical modeling?;Python;Python;C++;R;Java;beginner;Python is widely used for data analysis and statistical modeling due to its versatility, ease of use, and vast library ecosystem. Python's libraries such as Pandas, NumPy, and Matplotlib provide powerful tools for data manipulation, analysis, and visualization. Moreover, Python's simplicity and readability make it an ideal choice for both beginners and experienced data scientists.\n\nPython's popularity in the data science community is also attributed to its strong community support and active development. The availability of numerous machine learning libraries like Scikit-learn and TensorFlow further solidify Python's position as the preferred programming language for data analysis and statistical modeling tasks.
Which programming language is commonly used for data science and machine learning?;Python;C++;JavaScript;Java;Python;beginner;Python is the most widely used programming language in data science and machine learning due to its simplicity, flexibility, and extensive libraries such as NumPy, Pandas, and Scikit-learn. Python's readability and ease of use make it ideal for data manipulation, analysis, and modeling tasks. Its strong community support and active development further contribute to its popularity in the data science field.\n\nPython's versatility allows data scientists and machine learning practitioners to efficiently prototype and deploy powerful algorithms and solutions. Its integration capabilities with other tools and technologies, as well as its scalability, make it a top choice for handling large datasets and building complex machine learning models. Its robust ecosystem and open-source nature also make it convenient for collaboration and sharing within the data science community.
What is the process of converting categorical variables into numerical representations called?;Encoding;Decoding;Encoding;Standardization;Normalization;beginner;The process of converting categorical variables into numerical representations is called encoding. Encoding involves transforming qualitative data into a format that can be utilized for analysis by algorithms. It helps data scientists work with categorical variables in machine learning models, where numerical data is typically required for computation and modeling.' \n'Encoding techniques such as one-hot encoding, label encoding, and ordinal encoding are commonly used methods to convert categorical variables into numerical form, enabling the data to be processed and interpreted effectively in data science tasks.
Which programming language is commonly used for data extraction and data manipulation in data science projects?;Python;Python;C++;Java;R;beginner;Python is the most commonly used programming language for data extraction and manipulation in data science projects. It offers a wide array of libraries and tools such as NumPy, Pandas, and Scikit-learn that facilitate handling and analyzing large datasets efficiently. Python's simplicity, readability, and versatility make it a preferred choice among data scientists for tasks like cleaning, transforming, and exploring data.\n\nFurthermore, Python's extensive community support and comprehensive documentation make it easy for data scientists to find solutions to various data-related challenges. Its compatibility with other data science tools and languages also enhances its usage in data extraction and manipulation processes.
What is the purpose of the root mean squared error (RMSE) metric?;To measure the average difference between predicted and actual values in regression problems;To identify outliers in datasets;To evaluate the performance of unsupervised learning algorithms;To measure the accuracy of classification models;To measure the average difference between predicted and actual values in regression problems;beginner;The root mean squared error (RMSE) metric serves as a quantitative measure of the average disparity between predicted and actual values in regression analysis. By calculating the square root of the average squared differences between predicted and true values, RMSE provides a comprehensible assessment of the model's accuracy in estimating the target variable.''Utilized commonly in data science and machine learning, RMSE is particularly valuable as it penalizes large errors due to the squaring operation, providing a more balanced perspective on prediction accuracy and enabling model performance comparisons across various datasets or algorithms.
What does the acronym AUC stand for in machine learning?;Area Under the Curve;Algorithm Using Convergence;Accuracy Under Consideration;Area Under the Curve;Average Unweighted Classifications;beginner;In machine learning, AUC stands for Area Under the Curve. AUC is a popular metric used to evaluate the performance of binary classification models. It provides a single scalar value that represents the overall performance of the model in terms of its ability to discriminate between positive and negative classes. The AUC value ranges from 0 to 1, where a higher value indicates better predictive performance of the model.\n' \n' \nCalculating the AUC involves plotting the Receiver Operating Characteristic (ROC) curve, which compares the true positive rate against the false positive rate at various threshold settings. The AUC is then calculated as the area under this curve, providing a comprehensive assessment of the model's performance across different classification thresholds.
Which metric is suitable for evaluating a classification model?;Accuracy;Root Mean Squared Error;Rsquared;Accuracy;Mean Squared Error;beginner;Accuracy is a commonly used metric for evaluating a classification model as it measures the proportion of correct predictions among all predictions made by the model. It is calculated by dividing the number of correct predictions by the total number of predictions. While accuracy is a straightforward and intuitive metric, it may not be suitable for imbalanced datasets where one class dominates the dataset, leading to misleading results.\n\nOther evaluation metrics such as precision, recall, F1 score, and area under the receiver operating characteristic curve (AUC-ROC) can provide more insights into the performance of a classification model, especially in cases with imbalanced classes or when different errors have different costs. It is important to consider the specific characteristics of the dataset and the business context when choosing the appropriate evaluation metric for a classification model.'
Which language is commonly used for data manipulation and analysis in data science?;Python;R;Python;C++;JavaScript;beginner;Python is the dominant language for data manipulation and analysis in data science due to its versatility, ease of use, and powerful libraries such as Pandas, NumPy, and SciPy. Python's syntax is straightforward and readable, making it a popular choice for data scientists to perform tasks like data cleaning, transformation, exploration, and modeling efficiently.\n\nPython's extensive ecosystem also includes tools for visualization, machine learning, and statistical computing, making it a comprehensive language for all stages of the data science workflow. Its flexibility, rich library support, and active community contribute to its widespread adoption in the data science field, enabling professionals to work with large datasets and complex analyses effectively.'
What is the formula for precision in binary classification?;True Positive / (True Positive + False Positive);True Positive / (True Positive + False Negative);True Negative / (True Negative + False Positive);True Positive / (True Positive + False Positive);False Positive / (True Positive + False Positive);beginner;Precision in binary classification is a metric that measures the accuracy of positive predictions. The formula for precision is calculated as the number of True Positive predictions divided by the sum of True Positive and False Positive predictions. A high precision value indicates that the model makes few incorrect positive predictions.\n\nFor example, if a model correctly identifies 80 positive cases (True Positive) but also incorrectly labels 20 negative cases as positive (False Positive), the precision would be calculated as 80 / (80 + 20) = 0.80 or 80%. Precision helps assess the model's ability to avoid false positives and is essential for tasks where the cost of false positives is high.
Which evaluation metric is commonly used for regression problems in data science?;Mean Squared Error (MSE);Accuracy Score;F1 Score;Mean Squared Error (MSE);Receiver Operating Characteristic (RO AUC;beginner;Mean Squared Error (MSE) is a widely used evaluation metric for regression problems in data science. It measures the average squared difference between the predicted values and the actual values in the dataset. A lower MSE indicates a better model fit to the data. It is calculated by averaging the squared differences between predicted and actual values.\n\nMSE provides a good indication of how well the model is performing in terms of prediction accuracy. It is easy to interpret and is commonly used in regression tasks to compare different models and select the best one based on their performance in predicting continuous numeric values.'
What is the main difference between categorical and numerical data?;Categorical data represents qualitative information;Numerical data is always represented in the form of digits;Numerical data can be further divided into continuous and discrete data;Categorical data can take any value within a certain range;Categorical data represents qualitative information;beginner;Categorical data represents qualitative information that is non-numeric and can be divided into distinct categories or groups, such as colors or types of animals. This type of data is used to label or categorize variables and does not have a natural numerical value associated with it. On the other hand, numerical data represents quantitative information that is measurable and typically expressed in terms of numbers. Numerical data can be further divided into discrete (distinct and separate values) or continuous (values that can take any numerical value within a range)'.\n\nUnderstanding the difference between categorical and numerical data is essential in data science and statistical analysis as it determines the type of analysis and visualizations that can be performed on the data. Categorical data is often used in descriptive statistics to summarize and describe characteristics of a dataset, while numerical data allows for mathematical calculations and more advanced statistical techniques such as regression analysis and hypothesis testing.
What is the statistical measure that represents the average distance between each data point and the mean of the data called?;Standard deviation;Covariance;Variance;Standard deviation;Correlation coefficient;beginner;Standard deviation is a statistical measure that represents the average distance between each data point and the mean of the data. It provides insights into the spread or dispersion of the data points around the mean. A smaller standard deviation indicates that the data points are closer to the mean, while a larger standard deviation suggests that the data points are more spread out. It is a crucial tool for understanding the variability and distribution of data in a dataset.\n\nBy calculating the standard deviation, analysts and researchers can assess the consistency or variability within a dataset, enabling them to make informed decisions and draw meaningful conclusions. It is widely used in various fields, including finance, research, and quality control, to analyze and interpret data effectively.
Which algorithm is commonly used for regression tasks and is based on the principle of least squares?;Linear Regression;Support Vector Machines;KMeans;Linear Regression;Random Forest;beginner;Linear Regression is the most commonly used algorithm for regression tasks. It is based on the principle of least squares, aiming to minimize the sum of the squared differences between the observed values and the values predicted by the linear model. The algorithm seeks to identify the line that best fits the data points, making it a simple yet powerful tool in predicting continuous values.\n\nLinear Regression is a fundamental concept in data science and machine learning, as it provides insights into the relationships between variables and helps in making predictions. By fitting a linear equation to the data, it allows for the understanding and visualization of trends and patterns within the dataset, making it a versatile technique in various applications.'
Which algorithm is commonly used for classification problems with categorical input variables?;Decision Tree;Decision Tree;Linear Regression;Support Vector Machine;KMeans Clustering;beginner;Decision trees are commonly used for classification problems with categorical input variables. They are graphical models representing a decision-making process based on splitting the data into branches to reach a prediction or classification. Each internal node represents a feature to split the data on, while each leaf node represents the class label.\n\nDecision trees are popular due to their simplicity and interpretability, making it easy to understand the reasoning behind the model's predictions. They are also robust to irrelevant features and can handle both categorical and numerical data efficiently.'
What is the purpose of a t-test in statistical analysis?;Comparing means of two independent groups;Comparing means of two independent groups;Assessing the correlation between two variables;Determining the significance of a regression coefficient;Testing for normality of data;beginner;The purpose of a t-test in statistical analysis is to determine whether there is a significant difference between the means of two independent groups. It is commonly used when the data is normally distributed and the sample sizes are small. By calculating the t-statistic from the data, the t-test helps in assessing the probability of observing the difference in means if there is actually no difference in the population.\n\nThis hypothesis testing method is crucial in various fields, such as psychology, biology, and economics, to draw conclusions about the significance of differences between group means. It provides statistical evidence to support or reject the null hypothesis that there is no true difference between the population means of the two groups being compared, aiding researchers and analysts in making informed decisions based on data.'
What is the purpose of the train-test split in machine learning?;To assess the model's performance on unseen data;To assess the model's performance on unseen data;To reduce the dimensionality of the dataset;To identify the most important features in the dataset;To handle missing values in the dataset;beginner;The train-test split in machine learning is a technique used to evaluate the performance of a model on data it has not been trained on. By splitting the dataset into two subsets - one for training the model and the other for testing its performance - the train-test split helps to assess how well the model generalizes to unseen data. This process is crucial for measuring the model's ability to make accurate predictions on new, real-world data and to avoid overfitting, where the model memorizes the training data instead of learning the underlying patterns.\n\nIn essence, the purpose of the train-test split is to provide a reliable estimate of the model's performance by simulating its behavior on new data. This allows data scientists and machine learning practitioners to make informed decisions about the model's effectiveness and generalization capabilities before deploying it in real-world applications. By validating the model on unseen data, the train-test split helps to ensure that the model's performance is robust and not just a result of memorizing the training data.
Which of the following algorithms is commonly used for ensemble learning?;Random Forest;Linear Regression;Random Forest;KMeans Clustering;Naive Bayes;beginner;Random Forest is a popular ensemble learning algorithm that combines multiple decision trees to improve prediction accuracy and reduce overfitting. It builds multiple trees and merges their predictions to make a final prediction. Random Forest is versatile, robust, and suitable for both classification and regression tasks. It handles large datasets with high dimensionality well and provides feature importance measures.\n\nEnsemble learning techniques like Random Forest are used in various real-world applications such as finance, healthcare, and marketing to improve predictive performance and model generalization. By leveraging the diversity of multiple base learners, Random Forest enhances model performance and can provide more reliable predictions compared to individual models.
Which evaluation metric is commonly used for evaluating the performance of a binary classification model?;Area Under the ROC Curve (AUCRO;Mean Squared Error (MSE);F1score;Rsquared (R2);Area Under the ROC Curve (AUCRO;beginner;The evaluation metric commonly used for assessing the performance of a binary classification model is the Area Under the ROC Curve (AUCROC). AUCROC provides a measure of how well the model distinguishes between the two classes by plotting the true positive rate against the false positive rate at various threshold settings. Higher AUCROC values (closer to 1) indicate better model performance in terms of class separation.\n\nIn practice, AUCROC is favored over accuracy for imbalanced datasets or when the costs of false positives and false negatives differ. It offers a more comprehensive view of model performance across various thresholds, making it a robust metric for evaluating binary classification models.'
Which of the following is an example of a supervised learning algorithm?;Random Forest;Kmeans;Principal Component Analysis;Random Forest;Apriori;beginner;Random Forest is a popular example of a supervised learning algorithm where the model learns patterns from labeled training data to make predictions or decisions. It belongs to the ensemble learning methods, consisting of multiple decision trees that work together to improve accuracy and reduce overfitting. Each tree in the forest is built using a random subset of features, resulting in a diverse set of predictors that collectively provide reliable predictions. Ensemble methods like Random Forest are robust, versatile, and widely used in various applications due to their ability to handle complex datasets and produce accurate results.'\n\nSupervised learning algorithms like Random Forest are beneficial for tasks such as regression and classification. In regression, the algorithm predicts continuous values, while in classification, it assigns data points to predefined categories. Random Forest's strength lies in its ability to handle large datasets with high dimensionality, noisy data, and nonlinear relationships. It is also known for its interpretability, scalability, and efficiency in handling missing values and outliers, making it a valuable tool for data science practitioners.''
Which of the following statements is true about supervised learning?;It requires labeled training data;It is only applicable for image classification tasks;It does not require any training data;It requires labeled training data;It cannot handle categorical data;beginner;Supervised learning is a type of machine learning where the model learns from labeled training data. In supervised learning, the algorithm is trained on a dataset that is already labeled with the correct answers, allowing the model to learn the mapping between inputs and outputs. This labeled training data is essential for the algorithm to make predictions or decisions in new, unseen data based on the patterns it has learned.\n\nBy having labeled training data, supervised learning algorithms can be evaluated on their accuracy in predicting the correct outputs. The goal of supervised learning is to develop a function that can map inputs to outputs accurately, based on the patterns present in the training data. The use of labeled data distinguishes supervised learning from other types of machine learning, such as unsupervised learning or reinforcement learning.
"What is the purpose of the evaluation metric ""AUC-ROC"" in classification problems?";Measuring the performance of a binary classifier at various classification thresholds;Assessing the quality of a regression model by comparing predicted and actual values;Capturing the tradeoff between true positive rate and false positive rate;Measuring the performance of a binary classifier at various classification thresholds;Evaluating the stability and consistency of a clustering algorithm;beginner;"The purpose of the evaluation metric ""AUC-ROC"" in classification problems is to assess the performance of a binary classifier across different classification thresholds. Area Under the Receiver Operating Characteristic curve (AUC-ROC) quantifies the classifier's ability to distinguish between positive and negative classes. It provides an overall measure of the model's performance by capturing the trade-off between true positive rate and false positive rate.\n\nA higher AUC-ROC score indicates better classifier performance, with a value of 1 representing a perfect classifier. By analyzing the AUC-ROC curve, practitioners can understand the model's ability to make accurate predictions and can compare different models based on their discriminative power.'"
Which algorithm can be used for both classification and regression problems?;Random Forest;Decision Trees;Support Vector Machines (SVM);Knearest neighbors (KNN);Random Forest;beginner;Random Forest is a versatile algorithm that can be used for both classification and regression problems. It is an ensemble method that builds multiple decision trees during training and combines their predictions to make more accurate and robust predictions. For classification tasks, Random Forest uses a majority vote from the individual trees, while for regression tasks, it aggregates the predictions to form the final output.\n\nOne of the key advantages of Random Forest is its ability to handle large datasets with high dimensionality and noisy data. Additionally, it is less prone to overfitting compared to individual decision trees, making it a popular choice for various machine learning tasks.'
What is the primary task of data preprocessing?;cleaning and transforming raw data;cleaning and transforming raw data;training the machine learning model;evaluating the performance of a model;visualizing data patterns;beginner;The primary task of data preprocessing is to ensure that the data is clean and transformed into a format that is suitable for analysis. Cleaning involves identifying and handling missing or inconsistent data values, removing duplicates, and correcting errors. Transforming the data includes standardizing numerical values, encoding categorical variables, and scaling features for better model performance.\n\nData preprocessing is crucial as it sets the foundation for accurate and reliable data analysis. By cleaning and transforming raw data, it becomes more structured and suitable for machine learning algorithms to extract meaningful insights and patterns. This process enhances the quality of the data and improves the effectiveness of future data analysis tasks.'
Which algorithm is commonly used for classification problems when the target variable is categorical?;Logistic Regression;Kmeans Clustering;Decision Tree Regression;Logistic Regression;Support Vector Machines;beginner;Logistic Regression is a commonly used algorithm for classification problems where the target variable is categorical. It predicts the probability of occurrence of an event by fitting data to a logistic curve. Unlike linear regression, which predicts continuous values, logistic regression predicts the probability that an instance belongs to a particular category.\n\nThe algorithm is popular due to its simplicity and ease of interpretation. It provides insights into the relationships between the dependent and independent variables. Logistic Regression is also robust to noise and works well with both binary and multiclass classification problems.
What is the goal of the Apriori algorithm in association rule mining?;Finding frequent itemsets in a transactional dataset;Classifying data points into predefined categories;Clustering similar data points together;Predicting a continuous value given a set of input features;Finding frequent itemsets in a transactional dataset;beginner;The goal of the Apriori algorithm in association rule mining is to identify frequent itemsets within a transactional dataset. Frequent itemsets are combinations of items that appear together frequently in the dataset. By finding these frequent itemsets, the algorithm aims to uncover patterns and relationships between items that can help in generating association rules. These association rules can then be used to make predictions or recommendations based on the relationships discovered in the data.\n'\nThe Apriori algorithm achieves this by employing a level-wise search strategy that incrementally builds candidate itemsets and prunes those that do not meet the minimum support threshold. This process efficiently narrows down the search space, focusing on itemsets that are likely to be frequent. Ultimately, the algorithm's goal is to extract meaningful associations from the dataset that can provide insights for decision-making and business applications.
What is the formula for calculating the F1 score, a commonly used evaluation metric for classification tasks?;(precision + recall) / 2;(precision + recall) / 2;recall / (precision + recall);precision / (precision + recall);2 * (precision * recall) / (precision + recall);beginner;The F1 score is a metric that combines precision and recall into a single value, providing a balanced assessment of a classifier's performance on a dataset. The formula for calculating the F1 score is (2 * precision * recall) / (precision + recall), where precision is the ratio of correctly predicted positive observations to the total predicted positives, and recall is the ratio of correctly predicted positive observations to the all observations in actual class.\n\nThis formula balances precision and recall, taking into account both false positives and false negatives, to provide a comprehensive evaluation of a classification model's accuracy. A high F1 score indicates that the model has a good balance between precision and recall, making it a valuable metric for assessing classification performance.
What is the main objective of k-means clustering algorithm?;To partition a dataset into k distinct nonoverlapping clusters;To predict a continuous target variable based on a set of predictor variables;To partition a dataset into k distinct nonoverlapping clusters;To classify data instances into multiple classes;To minimize the squared error between predicted and actual values;beginner;The main objective of the k-means clustering algorithm is to partition a dataset into k distinct, nonoverlapping clusters. This algorithm aims to group data points into clusters such that data points within the same cluster are more similar to each other compared to data points in other clusters. By defining the number of clusters (k) as a parameter in the algorithm, k-means helps in organizing the data into meaningful groups based on similarities.\n\nK-means clustering works by iteratively assigning data points to the nearest cluster centroid and updating the centroids based on the mean of the points in each cluster. This process continues until the centroids converge and the clusters stabilize. The algorithm's objective is to minimize the within-cluster variation while maximizing the between-cluster variation, enabling the identification of distinct groups within the dataset.
Which of the following is NOT an assumption of linear regression?;NonNormality of residuals;NonNormality of residuals;Independence of observations;Linearity between the predictors and the response;Homoscedasticity of residuals;beginner;One of the key assumptions of linear regression is normality of residuals, which means that the residuals should follow a normal distribution. This is important because normality ensures that the statistical tests and confidence intervals used in regression analysis are valid. Non-normality of residuals can lead to biased estimates and incorrect inferences. Despite this, linear regression does not assume the residuals to be normal, so the presence of non-normal residuals does not necessarily violate the assumptions of the model.\n\nOther key assumptions of linear regression include linearity, independence of residuals, homoscedasticity (constant variance of residuals), absence of multicollinearity, and independence of predictors. Violation of these assumptions can impact the reliability and interpretability of the regression model results, highlighting the importance of checking assumptions before drawing conclusions from a linear regression analysis.
What is the purpose of the R-squared (coefficient of determination) metric?;To measure the proportion of the dependent variable's variance explained by the independent variables;To select the optimal subset of features for a model;To assess the normality of the residuals in regression models;To measure the degree of multicollinearity between independent variables;To measure the proportion of the dependent variable's variance explained by the independent variables;beginner;The purpose of the R-squared metric, also known as the coefficient of determination, is to quantify the extent to which variations in the dependent variable can be attributed to the independent variables in a regression model. It represents the proportion of the variance of the dependent variable that is predictable or explainable by the independent variables used in the model. Higher values of R-squared indicate a stronger relationship between the independent and dependent variables, suggesting that the model provides a better fit to the data.\n\nR-squared is a crucial metric in evaluating the goodness of fit of a regression model, as it helps assess the model's predictive power and reliability. It ranges from 0 to 1, with higher values implying more accurate predictions based on the independent variables. However, it is essential to interpret R-squared in conjunction with other evaluation metrics to gain a comprehensive understanding of the model's effectiveness and potential limitations.'
What is gradient descent used for in machine learning?;Finding the optimal parameters of a model by minimizing the loss function;Regularizing the model to prevent overfitting;Randomly initializing model weights;Finding the optimal parameters of a model by minimizing the loss function;Transforming the input features into a higherdimensional space;beginner;Gradient descent is a popular optimization algorithm in machine learning used to find the optimal parameters of a model by minimizing the loss function. It works by iteratively updating the model parameters in the direction of the negative gradient of the loss function. This process continues until the algorithm converges to a minimum, signifying the best set of parameters for the model.\n\nBy employing gradient descent, machine learning models can efficiently navigate the parameter space and converge towards the optimal values that minimize prediction errors. This optimization technique is crucial for training complex models with large datasets and numerous parameters, making it a fundamental tool in the field of machine learning.
Which data preprocessing technique is suitable for handling missing values?;Imputation;Feature scaling;Principal Component Analysis;Imputation;Onehot encoding;beginner;Imputation is a data preprocessing technique used to handle missing values by filling in the gaps with estimated values. These estimated values can be the mean, median, mode, or more advanced methods like k-Nearest Neighbors or predictive modeling. Imputation helps to maintain the integrity and quality of the data set by providing a complete and usable dataset for further analysis.'\n\nImputation is a commonly used approach in data preprocessing because it allows for the utilization of otherwise incomplete data without the need to discard valuable information. By imputing missing values, data scientists can ensure that their analyses are based on a more complete dataset, leading to more accurate and reliable results.''
What is gradient boosting?;An ensemble technique that combines multiple weak learning models to create a strong predictive model;None of the above;A technique used for data preprocessing and feature extraction;A deep learning algorithm for computer vision tasks;An ensemble technique that combines multiple weak learning models to create a strong predictive model;beginner;Gradient boosting is an ensemble technique that iteratively builds a series of weak predictive models, typically decision trees, and combines them to create a powerful and accurate predictive model. It aims to minimize errors by focusing on the mistakes made by the previous models in the series. By continuously adjusting the weights given to each model based on its performance, gradient boosting gradually improves the overall predictive capability of the ensemble. \n\nThis iterative process of boosting weak learners with attention to the residuals results in a robust and high-performing model that is widely used in machine learning competitions and applications where accurate predictions are crucial. Overall, gradient boosting is a popular technique in the realm of machine learning due to its ability to handle complex datasets and deliver excellent predictive performance.
Which algorithm is known for ensemble learning and combines multiple weak classifiers to make predictions?;Random Forest;Kmeans clustering;Naive Bayes;Support Vector Machine;Random Forest;beginner;Random Forest is an ensemble learning algorithm that combines multiple decision trees to improve predictive performance. It aggregates the predictions of individual trees to make a final prediction, reducing overfitting and increasing accuracy. By using a random subset of features and observations for each tree, Random Forest mitigates the risk of high variance and improves generalization.\n\nOne of the key advantages of Random Forest is its ability to handle high-dimensional data efficiently while maintaining high accuracy. The algorithm is robust against noisy data and outliers, making it a popular choice for various machine learning tasks where robustness and accuracy are essential.'
What is the difference between stratified sampling and random sampling?;Stratified sampling ensures that each class in the dataset is represented proportionally in the train and test sets;Stratified sampling ensures that each class in the dataset is represented proportionally in the train and test sets;Random sampling ensures that the distribution of features remains similar in train and test sets;Random sampling selects the samples without any bias or preference;Stratified sampling only considers the target variable while selecting samples;beginner;Stratified sampling divides the dataset into subgroups or strata based on certain characteristics. It ensures proportional representation of each subgroup in the train and test sets. This method reduces the risk of bias and ensures a more accurate representation of the population.\n\nOn the other hand, random sampling involves selecting data points randomly from the dataset without considering any specific characteristics or subgroups. This method may not guarantee proportional representation of different classes or groups, which can lead to potential biases in the sampling process.
Which regularization technique adds a penalty term to the loss function to prevent overfitting in linear regression models?;Lasso regularization;Lasso regularization;Ridge regularization;Elastic Net regularization;None of the above;beginner;Lasso regularization is a technique that adds a penalty term to the loss function in linear regression models to prevent overfitting. This penalty term is based on the sum of the absolute values of the coefficients, which helps in shrinking the less important feature coefficients to zero. By doing so, Lasso helps in feature selection by promoting sparsity in the model, resulting in a simpler and more interpretable model.' \n' \nIn contrast to Ridge regularization, which penalizes the sum of squared coefficients, Lasso is particularly useful when dealing with high-dimensional data where many features are irrelevant or redundant. The tuning parameter in Lasso can control the strength of regularization, allowing for a balance between model complexity and predictive accuracy.
What is the purpose of gradient descent optimization algorithm?;To minimize the loss function and find optimal model parameters;To maximize the loss function and find optimal model parameters;To minimize the loss function and find optimal model parameters;To increase the model complexity;To remove all the features with low importance;beginner;The purpose of the gradient descent optimization algorithm is to minimize the loss function in a machine learning model by iteratively adjusting the model parameters. By moving in the direction opposite to the gradient of the loss function, the algorithm aims to find the optimal set of parameters that provide the best fit for the data. This iterative approach allows the algorithm to converge towards the minimum loss, leading to a more accurate and efficient model.\n\nGradient descent is a crucial optimization technique used in various machine learning algorithms, such as linear regression, logistic regression, and neural networks. It helps in efficiently updating the model parameters to improve the model's performance and make better predictions. By continuously adjusting the parameters based on the gradient of the loss function, gradient descent enables the model to learn from the data and find the optimal solution for the given problem.'
In which scenario should you use k-means clustering algorithm?;When you want To partition data into K distinct clusters based on their similarity;When you want To perform regression Analysis on the dataset;When you want To partition data into K distinct clusters based on their similarity;When you want To classify data into multiple classes;When you want To predict categorical labels for data points;beginner;You should use the k-means clustering algorithm when you want to partition data into K distinct clusters based on their similarity. This algorithm is suitable for scenarios where you have a clear idea of the number of clusters you want to identify in your dataset and where you want each data point to belong to one specific cluster. K-means clustering is a popular choice for tasks such as customer segmentation, pattern recognition, and anomaly detection.\n\nK-means clustering works by iteratively assigning data points to the nearest cluster centroid and then updating the centroid based on the mean of the data points in that cluster. This process continues until the centroids no longer change significantly, indicating convergence. It is a simple and efficient algorithm that is widely used in various fields due to its effectiveness in grouping data points with similar characteristics into distinct clusters.
What is gradient descent?;Gradient descent is an optimization algorithm used to minimize the cost function of a machine learning model;Gradient descent is a method to maximize the accuracy of a model by adjusting hyperparameters;Gradient descent is an optimization algorithm used to minimize the cost function of a machine learning model;Gradient descent is a way to handle outliers in a dataset by removing them;Gradient descent is a technique to compute the derivative of a function with respect to a parameter;beginner;Gradient descent is an iterative algorithm that helps in reducing the cost function of a machine learning model. It works by calculating the gradient of the cost function with respect to the model's parameters and updating these parameters in the direction that minimizes the cost. By taking small steps in the opposite direction of the gradient, the algorithm aims to find the optimal set of parameters that lead to the lowest possible cost.\n\nThe key idea behind gradient descent is to adjust the model's parameters in small increments, guided by the gradient of the cost function. This iterative process continues until the algorithm converges to a minimum, indicating that the model has reached an optimal state in terms of minimizing the cost function.'
"What does the term ""R-squared"" measure in linear regression?";the proportion of variance in the dependent variable explained by the independent variables;the proportion of variance in the dependent variable explained by the independent variables;the Mean Squared Error of the model predictions;the relationship between the residuals and the predicted values;the significance of the coefficients in the model;beginner;R-squared measures the proportion of variance in the dependent variable that can be explained by the independent variables in a linear regression model. It is a statistical measure that helps assess how well the independent variables predict the variations in the dependent variable. An R-squared value closer to 1 indicates a better fit of the model to the data, suggesting that the independent variables explain a larger portion of the variance in the dependent variable.'\n\nIn simple terms, R-squared provides insight into the goodness of fit of a regression model. It ranges from 0 to 1, where 0 indicates that the model does not explain any variability, and 1 signifies that the model perfectly predicts the dependent variable based on the independent variables.
Which data structure is best suited for efficient retrieval of specific elements based on unique keys?;Hash table;Queue;Hash table;Linked list;Stack;beginner;A hash table is a data structure that is well-suited for efficient retrieval of specific elements based on unique keys. It provides constant-time average-case complexity for search, insert, and delete operations by using a hash function to map keys to indexes in an underlying array. This allows for quick access to elements in the table without the need for sequential searching.\n\nHash tables are highly efficient when dealing with large datasets, as they offer a balance between memory consumption and retrieval speed. By storing elements based on their keys and hashing them to unique indexes, hash tables optimize the process of locating specific elements without traversing the entire structure. Overall, for scenarios where quick and direct access to elements based on keys is crucial, hash tables are the ideal choice.
Which algorithm is used to group similar data points together based on their characteristics?;Kmeans clustering;Linear regression;Kmeans clustering;Decision Tree;Gaussian Naive Bayes;beginner;KMeans clustering is the algorithm used to group similar data points together based on their characteristics. It works by iteratively assigning each data point to the nearest cluster centroid and recalculating the centroids until the clusters stabilize. \nThis iterative process aims to minimize the within-cluster sum of squared distances, effectively finding the best way to group the data points into distinct clusters. \n\nKMeans is widely used in various fields such as machine learning, pattern recognition, and image analysis for tasks like customer segmentation, anomaly detection, and data compression due to its simplicity and efficiency.
What is the purpose of bagging in ensemble models?;To reduce variance and improve model performance;None of the above;To increase bias and decrease model performance;To reduce variance and improve model performance;To reduce bias and improve model performance;beginner;Bagging (Bootstrap Aggregating) in ensemble models aims to reduce variance by combining multiple base learners to create a more robust and accurate predictive model. Each base learner is trained on a bootstrap sample of the original data, and their predictions are then aggregated to produce a final prediction. This helps smooth out the fluctuations in individual models, leading to improved overall performance and generalization on unseen data.\n\nBy leveraging bagging, the ensemble model becomes less sensitive to noise and outliers in the training data, resulting in a more stable and reliable prediction. The main goal of bagging is to enhance model accuracy and mitigate overfitting by averaging multiple models' predictions, ultimately providing a more robust and well-performing predictive model for various machine learning tasks.'
What is the difference between correlation and causation in the context of statistical analysis?;Correlation describes the relationship between variables, while causation implies a causeandeffect relationship;Correlation is only applicable in linear relationships, while causation applies to any type of relationship;Correlation and causation are interchangeable terms, referring to the same concept;Correlation describes the relationship between variables, while causation implies a causeandeffect relationship;Correlation implies a causeandeffect relationship, while causation describes the relationship between variables;beginner;Correlation in statistical analysis refers to the degree to which two variables change together. It indicates the strength and direction of a relationship between variables but does not imply causation. On the other hand, causation suggests that one variable directly influences the change in another variable, establishing a cause-and-effect relationship.\n\nIt is essential to understand the distinction between correlation and causation in data analysis to avoid drawing incorrect conclusions. While correlation helps identify associations between variables, careful interpretation and further analysis are necessary to establish a causal relationship and determine the true impact of one variable on another.'
What does it mean for a model to be overfitting?;The model has learned the training data too well, resulting in poor generalization to new data;The model is overregularized, leading to biased predictions;The model is underutilizing the available features, resulting in suboptimal performance;The model performs poorly on the training data but generalizes well to new data;The model has learned the training data too well, resulting in poor generalization to new data;beginner;Overfitting occurs when a model learns the training data too well, capturing noise or randomness instead of general patterns. This leads to high accuracy on the training data but poor performance on unseen data, as the model fails to generalize effectively. It essentially memorizes the training data rather than learning the underlying relationships, making it less capable of making accurate predictions on new data.\n\nIn practical terms, an overfit model may be too complex for the problem at hand, incorporating too many features or being trained for too many iterations. To address overfitting, techniques like regularization, cross-validation, and feature selection can be employed to help the model generalize better to unseen data and improve its overall performance.
What is the purpose of using K-means clustering algorithm?;To partition data into K distinct groups based on similarity;To partition data into K distinct groups based on similarity;To perform outlier detection in the dataset;To visualize highdimensional data;To classify data into binary classes;beginner;The purpose of using the K-means clustering algorithm is to segregate a dataset into K different clusters, each representing data points that are similar to one another. This grouping helps in identifying underlying patterns or structures within the data, enabling better understanding and interpretation of the information. By categorizing data based on similarities, K-means clustering simplifies data analysis and supports decision-making processes in various fields like marketing, customer segmentation, and image processing.' \nK-means clustering is an unsupervised machine learning technique that iteratively assigns data points to clusters and adjusts cluster centroids until the groups are optimized. This algorithm is efficient in handling large datasets and is widely used due to its simplicity and effectiveness in identifying clusters in multidimensional spaces.
In linear regression, what method is used to minimize the sum of squared residuals and find the best-fitting line?;Ordinary least squares;Maximum likelihood estimation;Ordinary least squares;Gradient boosting;L1 regularization;beginner;In linear regression, ordinary least squares (OLS) is the method used to minimize the sum of squared residuals and determine the best-fitting line. OLS aims to find the line that minimizes the vertical distances between the observed data points and the regression line. By calculating the sum of squared differences between the observed and predicted values, OLS provides a way to estimate the regression coefficients that best describe the relationship between the independent and dependent variables.\n\nThis method is widely used in linear regression because it is relatively straightforward and provides a clear way to optimize the model parameters. By minimizing the sum of squared residuals, OLS helps to create a regression line that best represents the relationship among the variables, making it a fundamental tool in predictive modeling and statistical analysis.
Which method is used to measure the association between two categorical variables?;Chisquared test;Pearson correlation;Chisquared test;ANOVA;ttest;beginner;The chi-squared test is utilized to evaluate the relationship between two categorical variables. It determines whether there is a significant association between the variables by comparing the observed frequencies in a contingency table with the frequencies that would be expected if there was no association. This statistical test is commonly used to analyze data when the variables under study are categorical in nature and can provide insights into the strength and significance of the association.\n\nOne key assumption of the chi-squared test is that the observations are independent of each other, and it is important to ensure that the sample size is large enough for the test to be valid. By conducting a chi-squared test, researchers can determine if there is a statistically significant relationship between two categorical variables, helping to uncover patterns, dependencies, or associations within the data.'
What is the main advantage of using ensemble methods?;Increased model accuracy;Faster training time;Reduced model complexity;Improved interpretability;Increased model accuracy;beginner;Ensemble methods offer the main advantage of enhanced model accuracy by combining the predictions of multiple individual models. By leveraging the strengths and reducing the weaknesses of each model, ensembles can achieve superior performance compared to standalone models. This approach helps mitigate overfitting and biases present in any single model, leading to more robust and reliable predictions.' \n'Ensemble methods, such as random forests or gradient boosting, work by aggregating the diverse predictions from individual models to provide a more accurate and stable prediction. This diversity in predictions helps capture complex patterns in the data and improve generalization, making ensemble methods a popular choice in various machine learning tasks.
Which of the following is the correct definition of regularization in machine learning?;A technique used to prevent overfitting by adding a penalty term to the objective function;The process of feature selection in a model;A process of converting categorical variables into numerical values;A method for handling missing data in a dataset;A technique used to prevent overfitting by adding a penalty term to the objective function;beginner;Regularization in machine learning is a technique employed to combat overfitting by introducing a penalty term to the objective function. This penalty term helps to control the complexity of the model, discouraging it from fitting noise in the training data and promoting generalization to unseen data. Regularization methods such as L1 (Lasso) and L2 (Ridge) regularization can impose constraints on the model's parameters during training, encouraging smoother and more generalized solutions.\n\nRegularization is essential in achieving better model performance and preventing overfitting, particularly when working with complex datasets or models. By striking a balance between fitting the data well and maintaining simplicity, regularization ensures that the model can make accurate predictions on new, unseen data points, thus improving its overall robustness and reliability.'
Which method is typically used for dimensionality reduction in datasets with high feature dimensionality?;Principal Component Analysis (PC;Principal Component Analysis (PC;Decision Trees;Linear Regression;Ridge Regression;beginner;Principal Component Analysis (PCA) is the method commonly used for dimensionality reduction in datasets with high feature dimensionality. PCA transforms the original features into a new set of uncorrelated variables called principal components while retaining as much variance as possible. By selecting only the principal components with the most important information, the data's dimensionality is reduced without significant loss of information.\n\nPCA helps in simplifying complex datasets, making them easier to analyze and visualize. It is a powerful tool for feature selection and can aid in improving model performance by reducing noise and multicollinearity in the data.'
What is an effective technique for handling missing data in a dataset?;Deleting the rows with missing values;Ignoring missing values during analysis;Replacing missing values with the mode;Deleting the rows with missing values;Imputing missing values with the mean;beginner;Deleting rows with missing values is a simple and straightforward technique for handling missing data in a dataset. This approach involves removing rows that contain missing values, thus ensuring that the dataset is complete and all observations have values for all variables. However, this method can lead to loss of valuable information and potentially bias the analysis if the missing data is not entirely at random. It is essential to carefully assess the implications of deleting missing values before applying this technique.\n\nAlternatively, imputation methods can be used to estimate or fill in missing values based on the available data. Imputation techniques such as mean, median, mode imputation, or more advanced methods like k-Nearest Neighbors (KNN) imputation can help retain information and reduce the impact of missing data on the analysis. These techniques can provide more accurate insights while preserving the integrity of the dataset.'
"What is the purpose of the term ""dropout"" in neural networks?";Prevent overfitting;Prevent overfitting;Accelerate training time;Improve model generalization;Boost model interpretability;beginner;"The purpose of the term ""dropout"" in neural networks is to prevent overfitting. Overfitting occurs when a model learns the details and noise in the training data to an extent that it negatively impacts the model's performance on new, unseen data. Dropout helps in reducing overfitting by randomly deactivating a certain percentage of neurons during each training iteration, which forces the network to learn a more robust and generalizable representation of the data.\n\nBy dropping out neurons during training, the network becomes less reliant on specific neurons, which encourages different parts of the network to learn more independently. This, in turn, helps in creating a more adaptive and versatile model that performs better on unseen data."
Which regression technique is appropriate when the response variable takes binary values?;Logistic regression;Decision tree regression;Linear regression;Logistic regression;Ridge regression;beginner;Logistic regression is the appropriate technique when the response variable takes binary values, such as yes/no, 0/1, true/false. Unlike linear regression which is used for continuous variables, logistic regression predicts the probability that a given data point belongs to a certain category based on the input variables. It models the relationship between the independent variables and the probability of the binary outcome using the logistic function.\n\nLogistic regression calculates the odds of the event happening, and the odds ratio helps to quantify the strength of the association between the variables. It is widely used in various fields like finance, marketing, healthcare, etc., for binary classification problems. The output of logistic regression is a probability score that can be converted into class labels based on a chosen threshold.
Which statistical test is used to determine the dependence or independence between two categorical variables?;Chisquare test;ANOVA test;Ttest;Pearson correlation;Chisquare test;beginner;The Chi-square test is employed to assess the association between two categorical variables. It helps to determine if there is a significant relationship, or if they are independent of each other. The test calculates whether the observed frequencies of the categories deviate significantly from the expected frequencies based on chance alone.\n\nChi-square test involves creating a contingency table to categorize the data and comparing the observed frequencies with the expected frequencies using statistical calculations. By analyzing the differences between the observed and expected values, the test quantifies the degree of association or independence between the categorical variables.
Which of the following is true about random forests?;Random forests are an ensemble learning method;Random forests are an ensemble learning method;Random forests perform poorly when dealing with highdimensional data;Random forests are suitable only for regression problems;Random forests do not use decision trees as base classifiers;beginner;Random forests are an ensemble learning method that utilizes multiple decision trees to improve predictive accuracy. Each decision tree in the forest is built independently, and the final prediction is made by aggregating the predictions of all individual trees. This ensemble approach helps reduce overfitting and increase the model's robustness and accuracy.\n\nAdditionally, random forests can handle a large number of input variables and are capable of ranking the importance of features in the dataset. This makes them a popular choice for both classification and regression tasks in data science, as they tend to produce reliable and accurate results even with noisy and unstructured data.'
"What does the term ""k-fold cross-validation"" refer to?";Dividing the data into k equalsized folds and using each fold as a validation set once while rest of the data is used for training;Using the entire dataset for training and evaluating the model on a separate holdout dataset;Randomly selecting k samples as the test set and using the rest for training;Dividing the data into k equalsized folds and using each fold as a validation set once while rest of the data is used for training;Training the model on k different random subsets of the data and evaluating the performance on the remaining data;beginner;K-fold cross-validation is a technique used to assess the performance of a machine learning model by dividing the dataset into k equally sized subsets or folds. Each fold is then used as a validation set once, while the rest of the data is utilized for training the model. This process is repeated k times with each fold serving as the validation set exactly once to ensure that the model's performance is evaluated across different subsets of data.\n\nBy implementing k-fold cross-validation, the model can be evaluated on multiple validation sets, providing a more robust estimate of its performance compared to a single train-test split. This technique helps in reducing variance and provides a more accurate assessment of the model's ability to generalize to unseen data. It is a commonly used method in machine learning to validate and fine-tune models before deployment.
Which of the following clustering algorithms is based on the concept of density?;DBSCAN;Hierarchical clustering;Kmeans;Gaussian Mixture Models (GMM);DBSCAN;beginner;DBSCAN (Density-Based Spatial Clustering of Applications with Noise) is a clustering algorithm that is based on the concept of density. It groups together data points that are closely packed, identifying regions of high density as clusters. DBSCAN is effective at detecting clusters of arbitrary shapes and is robust to noise and outliers.\n'\nIn DBSCAN, clusters are formed by finding core points that have a minimum number of neighboring points within a specified distance epsilon. Data points that are within the epsilon neighborhood of a core point are considered directly reachable, forming a cluster. Points that are not core points but are within the neighborhood of a core point or reachable from other points are considered border points, while isolated points are treated as outliers.
What is an appropriate metric to evaluate classification models when the classes are imbalanced?;Area Under the ROC Curve (AUCRO;Precision;Mean Squared Error (MSE);Accuracy;Area Under the ROC Curve (AUCRO;beginner;When dealing with imbalanced classes in classification models, one appropriate metric to evaluate model performance is the Area Under the ROC Curve (AUCROC). AUCROC measures the ability of the model to distinguish between the positive and negative classes by plotting the True Positive Rate against the False Positive Rate. A higher AUCROC value closer to 1 indicates better model performance in handling imbalanced classes.\n\nThe benefit of using AUCROC is that it is not affected by class imbalance like accuracy metrics. It gives a holistic view of the model's performance across different classification thresholds. Evaluating a classification model based on AUCROC is particularly useful in scenarios where the positive class is significantly smaller than the negative class, providing a robust assessment of the model's predictive power in such imbalanced settings.
Which algorithm is appropriate for solving multi-label classification problems?;Binary Relevance;KNearest Neighbors (KNN);Logistic Regression;Random Forest;Binary Relevance;beginner;Binary Relevance is an algorithm often used for solving multi-label classification problems. In this approach, the problem is transformed into multiple independent binary classification tasks, where each label is treated as a separate binary classification problem. It is a simple yet effective method that allows the modeling of label dependencies by training separate classifiers for each label.\n\nBy utilizing Binary Relevance, data scientists can address multi-label classification problems by breaking them down into more manageable binary classification tasks. This approach enables flexibility in the choice of base classifiers for each label and can be adapted to various types of datasets and problem complexities.
What is the process of selecting the optimal hyperparameters for a machine learning model called?;Hyperparameter tuning;Feature extraction;Dimensionality reduction;Hyperparameter tuning;Model fitting;beginner;Hyperparameter tuning is the process of selecting the optimal values for the hyperparameters of a machine learning model to improve its performance and generalization ability. Hyperparameters are parameters that are not directly learned during the training process but are set before the learning process begins.\n\n' \nHyperparameter tuning involves methods such as grid search, random search, and Bayesian optimization to search through the hyperparameter space efficiently and find the combination that results in the best model performance. Finding the right hyperparameters can significantly impact the model's accuracy and efficiency.
Which of the following is a dimensionality reduction technique commonly used in machine learning?;Principal Component Analysis (PC;Support Vector Machines (SVM);Principal Component Analysis (PC;KNearest Neighbors (KNN);Random Forest;beginner;Principal Component Analysis (PCA) is a widely-used dimensionality reduction technique in machine learning. It works by transforming the original variables into a new set of uncorrelated variables called principal components. These components capture the maximum amount of variation present in the data, allowing for a more concise representation without losing much information. PCA is beneficial for reducing the computational complexity of models and addressing multicollinearity issues that can arise when dealing with high-dimensional data.\n\nAnother advantage of PCA is its ability to highlight patterns and relationships within the data, making it easier to visualize and understand complex datasets. By selecting only the most significant principal components, PCA streamlines the data while maintaining most of its original information content, improving the efficiency and interpretability of machine learning algorithms.'
What is the purpose of a decision tree algorithm?;Making predictions based on a sequence of ifelse conditions;Making predictions based on a sequence of ifelse conditions;Extracting important features from highdimensional data;Clustering data points into groups of similar items;Calculating the gradient in gradient boosting algorithms;beginner;The purpose of a decision tree algorithm is to create a predictive model that follows a sequence of if-else conditions to make predictions. Decision trees are versatile and easy to interpret, making them valuable in various fields such as finance, healthcare, and marketing. By splitting the data based on different attributes, decision trees help in classifying and predicting outcomes for new instances.\n\nDecision trees are popular in machine learning due to their ability to handle both numerical and categorical data. The algorithm helps in understanding the underlying patterns in the data by recursively partitioning it, resulting in a tree-like structure representing decisions and their outcomes. This makes decision trees a widely used tool for classification and regression tasks.
Which algorithm is used for image recognition tasks?;Convolutional neural Networks (CNN);Convolutional neural Networks (CNN);Support Vector Machines (SVM);Kmeans clustering;Decision Trees;beginner;Convolutional Neural Networks (CNN) are widely used for image recognition tasks due to their ability to automatically extract features from images. CNNs consist of multiple layers such as convolutional layers and pooling layers which help in capturing patterns and structures in images. The convolution operation in CNNs enables learning of spatial hierarchies of features, making them effective for tasks like object detection and image classification.\n\nCNNs have revolutionized the field of computer vision by outperforming traditional algorithms in tasks like facial recognition, object tracking, and image segmentation. The hierarchical structure of CNNs enables them to learn complex patterns and variations in images, leading to accurate recognition and classification. Overall, CNNs have become the go-to algorithm for image recognition tasks in various domains including healthcare, autonomous vehicles, and security systems.
Which algorithm is suitable for time series forecasting?;ARIMA;Decision tree;Kmeans clustering;Support Vector Machines (SVM);ARIMA;beginner;ARIMA (AutoRegressive Integrated Moving Average) is a popular algorithm for time series forecasting. It combines autoregressive and moving average components with differencing to handle non-stationary data. ARIMA models are adept at capturing trends, seasonality, and cyclic patterns in time series data. They are versatile and widely used in various industries such as finance, economics, and meteorology.\n\nAnother advantage of ARIMA is its capability to provide reliable predictions even with limited historical data. By analyzing past values and making adjustments based on patterns observed in the data, ARIMA can generate accurate forecasts for future time points. Its simplicity and effectiveness make it a suitable choice for time series forecasting tasks.
What is bagging in ensemble learning?;Combining predictions from multiple models trained on different subsets of the dataset;Combining predictions from multiple models trained on different subsets of the dataset;Training multiple models sequentially, where each model corrects the mistakes of the previous model;Combining predictions from multiple models trained on the same subset of the dataset;Training multiple models in parallel, where each model has a different set of hyperparameters;beginner;Bagging, short for bootstrap aggregating, is a technique in ensemble learning where multiple models are trained on different subsets of the dataset. Each model is trained independently to make predictions, and then the final prediction is generated by combining the predictions from all the models. By using diverse subsets for training, bagging helps reduce overfitting and improve the overall prediction accuracy of the ensemble model.\n' \nEnsemble models using bagging are often more robust and generalize better to unseen data, making them popular choices in machine learning tasks. Bagging is commonly used with decision tree-based models, such as random forests, to enhance their performance and reliability.
Which algorithm is commonly used for principal component analysis (PCA)?;Singular value decomposition (SV;Naive Bayes;Kmeans clustering;Random forest;Singular value decomposition (SV;beginner;Singular Value Decomposition (SVD) is commonly used for Principal Component Analysis (PCA). SVD breaks down a matrix into three separate matrices to capture the underlying structure of the data and identify patterns. In PCA, SVD helps in reducing the dimensionality of the data by transforming it into a set of orthogonal components that capture the most variance.\n\nBy applying SVD in PCA, the data can be represented in a more concise manner without losing crucial information. This allows for easier interpretation and visualization of the data while retaining the essential patterns and relationships within the dataset.
Which type of validation technique is commonly used to prevent overfitting in machine learning models?;Crossvalidation;Crossvalidation;Holdout validation;Random sampling;Stratified sampling;beginner;Cross-validation is a common validation technique used to prevent overfitting in machine learning models. It involves dividing the dataset into multiple subsets, then training the model on several different combinations of these subsets. By testing the model on different subsets, cross-validation helps to provide a more robust evaluation of the model's performance and prevent it from fitting too closely to the training data.\n\nThis technique allows for assessing the model's generalization ability and helps in identifying any potential issues with overfitting. Cross-validation is particularly useful when the dataset is limited in size or when traditional train-test splitting may lead to biased model evaluation.
What is the purpose of normalization and standardization in data preprocessing?;To scale the features so that they have zero mean and unit variance;To reduce the dimensionality of the dataset;To convert categorical variables into numerical representations;To remove missing values from the dataset;To scale the features so that they have zero mean and unit variance;beginner;Normalization and standardization are vital data preprocessing techniques in machine learning. Normalization adjusts the scale of features to a common range, typically between 0 and 1, to ensure equal importance in the model. On the other hand, standardization transforms data to have a mean of zero and a standard deviation of one, making it easier to interpret and compare different features with varying scales. These techniques alleviate issues caused by varying feature scales and can improve the performance and convergence of machine learning algorithms.' \n'By applying normalization and standardization, the models become less sensitive to the scale of features, leading to more stable and accurate predictions. It also helps in speeding up the training process and aids in avoiding numerical instabilities in the optimization algorithms.
What is a p-value in hypothesis testing?;A measure of the strength of evidence against the null hypothesis;A measure of the effect size;A measure of the sample mean;A measure of the strength of evidence against the null hypothesis;A measure of the sample variance;beginner;A p-value in hypothesis testing is a statistical measure that quantifies the strength of evidence against the null hypothesis. It indicates the probability of obtaining results as extreme as the ones observed, assuming that the null hypothesis is true. A lower p-value suggests stronger evidence against the null hypothesis, leading to its rejection in favor of the alternative hypothesis.\n\nIn hypothesis testing, researchers typically set a significance level (often 0.05) to compare the p-value to. If the p-value is less than the chosen significance level, it is considered statistically significant, indicating that the null hypothesis is unlikely to be true. Understanding p-values is crucial in determining the significance of research findings and drawing valid conclusions based on data analysis.'
"What is the meaning of ""precision"" in the context of binary classification?";The ratio of true positives to the total number of predicted positives;The ratio of true positives to the sum of true positives and false positives;The ratio of true positives to the sum of true positives and false negatives;The ratio of true positives to the total number of actual positives;The ratio of true positives to the total number of predicted positives;beginner;Precision in binary classification refers to the proportion of true positive predictions among all predicted positive instances. It is calculated as the ratio of true positives to the sum of true positives and false positives. Essentially, precision measures the accuracy of positive predictions made by the model and showcases how reliable these predictions are.\n\nHigh precision indicates that when the model predicts a positive outcome, it is highly likely to be correct. On the other hand, a lower precision value suggests that there are more false positives in the model's predictions, indicating a less precise performance in identifying true positives. Achieving a balance between precision and recall is essential in evaluating the overall effectiveness of a binary classification model.
When evaluating a classification model, which metric should be used to account for both false positives and false negatives?;F1score;Precision;Accuracy;Recall;F1score;beginner;The F1 score is a popular metric for evaluating classification models that balances both precision and recall, making it suitable for scenarios where both false positives and false negatives are critical. It considers the harmonic mean of precision and recall, providing a single score that incorporates information about both types of errors. A high F1 score indicates a model that performs well in terms of both false positives and false negatives, whereas a low F1 score may suggest an imbalance in the classification performance.\n\nBy using the F1 score, data scientists can assess the overall effectiveness of a classification model without having to separately evaluate false positives and false negatives. This metric is particularly useful when there is a need to find a balance between minimizing both types of errors. It combines precision, which measures the model's accuracy in predicting positive instances, and recall, which measures the model's ability to identify all positive instances in the data, providing a comprehensive evaluation of the model's performance in handling classification tasks.
How does the accuracy metric differ from precision and recall metrics?;Accuracy measures correct predictions over total predictions;Accuracy measures correct predictions over total predictions;All of the above;Precision measures the proportion of predicted positives that are actually positive;Recall measures the proportion of actual positives that are correctly predicted;beginner;The accuracy metric assesses the overall correctness of predictions compared to the total number of predictions made. It is calculated by dividing the number of correct predictions by the total number of predictions. Accuracy provides a general overview of the model's performance, indicating the percentage of correctly classified instances.\n\nPrecision and recall metrics, on the other hand, focus on specific aspects of prediction performance. Precision measures the proportion of correctly predicted positive instances out of all instances predicted as positive, highlighting the model's ability to minimize false positives. In contrast, recall evaluates the proportion of correctly predicted positive instances out of all actual positive instances, emphasizing the model's capability to minimize false negatives. Precision and recall are crucial in scenarios where the cost of false positives or false negatives varies significantly.
In ensemble methods, what does bagging refer to?;Training multiple models independently and aggregating their predictions;Combining the predictions of multiple models using a weighted average;Selecting only the most important features for training the model;Training a single model multiple times on different subsets of the training data;Training multiple models independently and aggregating their predictions;beginner;Bagging, an abbreviation for bootstrap aggregating, is a technique in ensemble learning that involves training multiple models independently on various subsets of the training data. Each model is trained on a different subset of the data through bootstrapping, which involves sampling with replacement. After training, the predictions of these models are aggregated, typically by averaging or voting, to make a final prediction that is often more accurate and robust than that of any individual model.\n\nBagging helps in reducing overfitting and variance by introducing diversity among the base models, which leads to more reliable and stable predictions. By leveraging the collective wisdom of multiple models with diverse perspectives, bagging enhances the overall predictive performance of the ensemble, making it a powerful technique in machine learning and improving the overall generalization ability of the model.
In natural language processing (NLP), what is the process of transforming words into their base or root form called?;Lemmatization;Partofspeech tagging;Stemming;Tokenization;Lemmatization;beginner;Lemmatization is a process in natural language processing (NLP) that involves transforming words into their base or root form. This allows for grouping together the different inflected forms of a word so that they can be analyzed as a single item. Unlike stemming, which simply chops off prefixes or suffixes to reduce words to their base form, lemmatization considers the meaning and context of words to produce meaningful lemmas that are valid words.\n\nLemmatization is important in tasks like text mining, sentiment analysis, and machine translation, where understanding the accurate base form of words enhances the quality of analysis and interpretation. By lemmatizing words, NLP algorithms can process and analyze text data more effectively, leading to improved performance in various natural language processing applications.'
Which algorithm is specifically designed for handling categorical variables in a dataset?;OneHot Encoding;Decision Trees;Kmeans Clustering;OneHot Encoding;Support Vector Machines;beginner;OneHot Encoding is a method commonly used in data preprocessing to deal with categorical variables. This algorithm converts categorical variables into a numerical format that machine learning models can understand. Each category is transformed into a binary vector, where only one bit is 'hot' or 'on' (set to 1) and the rest are 'off' or '0'.\nThis technique helps prevent the model from assigning any ordinal characteristics to the categorical data, which can skew the results. OneHot Encoding is beneficial for algorithms that require numerical input, such as logistic regression and neural networks, enabling them to effectively utilize categorical data in the dataset.'