Questions;Correct Answer;1;2;3;4;Difficulty;Comment
What does AUC-ROC stand for in the context of binary classification models?;Area Under the Receiver Operating Characteristic curve;Accuracy Under Classification Rate of Observations curve;Assessment Using Curve for Receiver Output Classification;Area Under the Receiver Operating Characteristic curve;Average Under Compromised Receiver Operator Characteristic curve;intermediate;In the context of binary classification models, AUC-ROC stands for Area Under the Receiver Operating Characteristic curve. This metric evaluates the performance of the model by measuring the area under the curve of the ROC plot. The ROC curve represents the trade-off between the true positive rate and false positive rate as the classification threshold varies.\n\nAUC-ROC effectively summarizes the model's ability to distinguish between classes and provides a single value to compare different models. An AUC score of 1 indicates a perfect model, while a score of 0.5 represents a random classifier. Higher AUC-ROC values signify better model performance in terms of classification accuracy.
What is the criterion used to split nodes in a Decision Tree algorithm?;Gini Index;Accuracy;Gini Index;Information Gain;Mean Squared Error;intermediate;The criterion used to split nodes in a Decision Tree algorithm is the Gini Index. The Gini Index measures the impurity of a node where a lower value indicates a more pure node, meaning the samples in that node belong to the same class. When constructing a Decision Tree, the algorithm evaluates different split points and selects the one that minimizes the Gini Index, resulting in a more accurate and efficient tree structure.''' \nThe Gini Index is calculated by summing the squared probabilities of each class in a node, with a lower value suggesting a better split. By repeatedly applying this splitting criterion, the Decision Tree algorithm can efficiently partition the dataset into homogeneous subsets, leading to a predictive model that can make accurate predictions based on the input features.
What is the difference between deep learning and machine learning?;Deep learning uses neural networks with multiple hidden layers;Machine learning algorithms cannot handle largescale datasets;Deep learning algorithms are mainly used for unsupervised learning;Deep learning uses neural networks with multiple hidden layers;Machine learning focuses on optimization techniques;intermediate;Deep learning is a subset of machine learning that uses neural networks with multiple hidden layers to process and learn from complex data. These hidden layers enable neural networks to automatically discover intricate patterns in data without human intervention, allowing for more sophisticated learning and decision-making capabilities. Deep learning excels in tasks such as image recognition, natural language processing, and speech recognition by extracting high-level features from raw data.\n\nMachine learning, on the other hand, encompasses a broader range of algorithms that enable computers to learn from data and make predictions without being explicitly programmed. While deep learning is a powerful technique under machine learning, traditional machine learning algorithms may use simpler models and are typically more interpretable by humans. Machine learning methods are commonly used for tasks like regression, classification, and clustering in various domains such as healthcare, finance, and marketing.''
Which evaluation metric is suitable for imbalanced datasets?;Area Under the PrecisionRecall Curve (AUCPR;Mean Absolute Error (MAE);Area Under the PrecisionRecall Curve (AUCPR;Root Mean Squared Error (RMSE);Accuracy;intermediate;For imbalanced datasets, the Area Under the Precision-Recall Curve (AUCPR) is a suitable evaluation metric. AUCPR focuses on the trade-off between precision and recall, making it ideal for situations where classes are imbalanced. It provides a more robust performance assessment as it is less influenced by the class distribution compared to metrics like accuracy.\n\nAUCPR is particularly useful when the positive class is the minority class in the dataset. It offers a more meaningful evaluation by capturing the model's ability to rank the positive instances higher than negative ones, especially in scenarios where false positives are costly or impactful. Overall, AUCPR is a reliable metric for assessing the performance of classifiers on imbalanced datasets.
What is the concept of feature engineering?;Creating new features from existing data To improve model performance;Selecting the most important features for a given model;Creating new features from existing data To improve model performance;Transforming features To have similar scales;Selecting the appropriate machine learning algorithm for a given task;intermediate;Feature engineering is the process of creating new insightful features from existing data to enhance the performance of machine learning models. It involves selecting, combining, or transforming raw data into more informative representations, which can enable the model to better capture patterns and relationships within the data. By engineering relevant features, the model becomes more effective at making accurate predictions and classifications, ultimately boosting its overall performance.'\n\nThis process plays a critical role in improving the quality and efficiency of machine learning models, as the features directly impact the model's ability to generalize and make informed decisions. Effective feature engineering can help address data inconsistencies, reduce noise, and highlight important signal characteristics, allowing the model to learn and adapt more effectively to the underlying patterns in the data.
Which technique is used for feature scaling in order to standardize the range of independent variables?;Minmax scaling;Logarithmic transformation;Principal Component Analysis;Zscore normalization;Minmax scaling;intermediate;Minmax scaling, also known as min-max normalization, is a common technique used in feature scaling to standardize the range of independent variables. This method works by scaling and shifting each feature value to a fixed range, typically between 0 and 1. By applying minmax scaling, the model is less sensitive to the varying scales of different features, ensuring that each feature contributes equally to the model's predictions. This helps prevent certain features from dominating the learning process simply because they have larger scales compared to others.'\n\nOverall, minmax scaling is an effective way to normalize the data and bring consistency to feature values without losing any valuable information. This technique is straightforward to implement and is particularly useful in algorithms that use distance-based calculations, such as K-nearest neighbors, support vector machines, and neural networks.
Which technique is used in natural language processing to convert textual data into numerical representations?;Word embedding;Kmeans clustering;Principal Component Analysis;Decision Tree;Word embedding;intermediate;Word embedding is a technique used in natural language processing to convert textual data into numerical representations. It maps words or phrases to vectors of real numbers, allowing algorithms to process and understand human language in a more effective manner. Word embedding methods capture semantic relationships between words, enabling models to learn the context and meaning of words within a given text.\n\nThrough word embedding, each word can be represented as a dense vector in a high-dimensional space, capturing similarities and relationships between words based on their context. This technique is widely employed in various NLP tasks such as sentiment analysis, language translation, and text classification, enhancing the performance and accuracy of machine learning models in understanding and processing natural language.
Which evaluation metric is commonly used for regression problems to measure the accuracy of a model's predictions?;Mean Squared Error (MSE);Precision;F1 score;Mean Squared Error (MSE);Area Under the Curve (AU;intermediate;Mean Squared Error (MSE) is a widely used evaluation metric for regression problems. It calculates the average squared difference between the actual values and the predicted values of the target variable. A lower MSE indicates that the model's predictions are closer to the actual values, representing a more accurate prediction performance.\n\nMSE is preferred for regression tasks as it penalizes large errors more significantly than smaller errors, giving a better overall estimate of how well the model is performing. It provides a quantitative measure of the model's accuracy and is easy to interpret, making it a popular choice among data scientists and machine learning practitioners.'
Which algorithm is used for minimizing the error in a linear regression model?;Ordinary Least Squares (OLS);Decision Trees;KNearest Neighbors (KNN);Ordinary Least Squares (OLS);Support Vector Machines (SVM);intermediate;In linear regression, Ordinary Least Squares (OLS) is the algorithm commonly used to minimize the error between the predicted values and the actual values in the model. OLS works by finding the regression line that minimizes the sum of the squares of the residuals (the vertical distance between data points and the line).\n\nBy fitting the model using OLS, the goal is to find the coefficients that best describe the relationship between the independent variables and the dependent variable. This method is widely used due to its simplicity and efficiency in finding the optimal parameters for the linear regression model.'
What is the assumption behind linear regression models?;There is a linear relationship between the dependent and independent variables;The independent variables are normally distributed;There is a nonlinear relationship between the dependent and independent variables;The dependent variables follow a normal distribution;There is a linear relationship between the dependent and independent variables;intermediate;The assumption behind linear regression models is that there exists a linear relationship between the dependent variable (the target variable we want to predict) and the independent variables (the features used to make the prediction). This implies that the effect of the independent variables on the dependent variable is constant and can be represented by a straight line.\n\nThis assumption allows us to model and predict the outcome variable based on the input features with a certain level of accuracy. If this linear relationship holds true, then linear regression can be a powerful tool for making predictions and understanding the relationships between variables in a dataset.
What is the difference between feature selection and feature extraction?;Feature selection aims to select a subset of original features, while feature extraction aims to create new features from the existing ones;Feature selection and Feature extraction both involve Creating new features from the dataset;Feature selection and Feature extraction are the same concepts used interchangeably;Feature selection is used for unsupervised learning, while feature extraction is used for supervised learning;Feature selection aims to select a subset of original features, while feature extraction aims to create new features from the existing ones;intermediate;Feature selection and feature extraction are both techniques used in data preprocessing to improve the performance of machine learning models. Feature selection involves choosing a subset of the most relevant and informative features from the original set. This helps in reducing noise and improving model efficiency by focusing only on the most important attributes. On the other hand, feature extraction focuses on creating new features by transforming the existing ones. This process aims to extract more valuable information from the data and can help in improving model performance by capturing underlying patterns that may not be evident in the original features. \n' \nIn essence, feature selection is about picking the best features from the original set, while feature extraction involves deriving new features to represent the data in a more meaningful way. Both techniques play a crucial role in feature engineering, which is essential for building robust and accurate machine learning models.
Which data visualization technique is best suited for exploring the relationship between two continuous variables?;Scatter plot;Scatter plot;Bar chart;Heatmap;Pie chart;intermediate;A scatter plot is the most suitable data visualization technique for exploring the relationship between two continuous variables. This method plots data points on a two-dimensional graph with one variable on the x-axis and the other on the y-axis. By analyzing the distribution pattern of the points, trends, clusters, and correlations between the variables can be easily identified, helping to understand the nature of their relationship. This visual representation is effective in revealing patterns such as linear, non-linear, or no relationship between the variables.\n\nScatter plots offer a quick and intuitive way to assess the strength and direction of the relationship between continuous variables. They are invaluable in identifying outliers, clusters, and trends that might not be apparent in raw data. This visualization technique provides a clear and concise representation of the data, making it a popular choice for exploring correlations and patterns in data analysis.
What is an ensemble learning technique in machine learning?;A method used to combine multiple models and make predictions;Applying multiple independent models sequentially;A method for data preprocessing and feature selection;A method used to combine multiple models and make predictions;A technique for reducing the dimensionality of the input data;intermediate;Ensemble learning in machine learning refers to the technique of combining predictions from multiple models to improve the overall performance and accuracy of the final prediction. It involves training multiple models on the same dataset and then combining their predictions using techniques like averaging, voting, or stacking. Ensemble methods are powerful because they can potentially reduce overfitting, increase accuracy, and provide more robust predictions by leveraging the strengths and weaknesses of individual models.''\n''\nEnsemble learning can be applied in various machine learning algorithms such as random forests, gradient boosting, and bagging. By harnessing the diversity and collective intelligence of multiple models, ensemble learning can lead to better decision-making and more reliable predictions in complex and uncertain scenarios.
Which evaluation metric is commonly used for classification models to assess model performance?;Accuracy;Mean Squared Error (MSE);Root Mean Squared Error (RMSE);Accuracy;Rsquared (R^2);intermediate;Accuracy is a common evaluation metric for classification models, indicating the proportion of correct predictions made by the model among all predictions. It is calculated as the number of correct predictions divided by the total number of predictions. While accuracy gives a general idea of model performance, it may not be suitable for imbalanced datasets where one class dominates the others, as it can be misleading in such cases where the model may predict the majority class more often.\n\nOther evaluation metrics like precision, recall, F1 score, and area under the receiver operating characteristic curve (ROC AUC) are often used in combination with accuracy to provide a more comprehensive assessment of the model's performance, especially when dealing with imbalanced data or specific objectives such as minimizing false positives or false negatives.'
Which method can be used to reduce the dimensionality of a high-dimensional dataset?;Principal Component Analysis (PC;Gradient descent;KNearest Neighbors (KNN);Principal Component Analysis (PC;Support Vector Machines (SVM);intermediate;Principal Component Analysis (PCA) is a popular method used to reduce the dimensionality of a high-dimensional dataset. It works by identifying the directions (principal components) in the data that capture the most variation. These components are sorted by their importance, allowing for the removal of less significant dimensions while retaining the essential information. PCA simplifies the dataset without losing critical patterns or relationships among the variables.\n\nBy reducing the number of dimensions in a dataset through PCA, data scientists can eliminate noise, enhance visualization, and improve computational efficiency. This reduction also aids in interpreting the data more effectively, leading to better insights and decision-making. PCA is commonly employed in various fields, including image processing, genetics, and finance, to handle complex datasets and derive meaningful results efficiently.
Which statistical test is used to determine if two datasets are significantly different from each other?;Ttest;Chisquare test;ANOVA;Ttest;Ftest;intermediate;The t-test is a statistical test used to assess if there is a significant difference between the means of two independent datasets. It evaluates whether the observed differences between the groups are due to actual variations or simply by chance. By comparing the means and variances of the datasets, the t-test helps determine if the observed differences are statistically significant or if they could have occurred randomly.\n\nThere are different types of t-tests based on the assumptions of the data, such as the two-sample t-test for comparing means of two independent samples, paired t-test for comparing means of two related samples, and one-sample t-test for comparing the mean of a sample to a known value. The t-test is widely used in hypothesis testing and is valuable in various research fields to determine if the observed differences are meaningful or if they are likely to happen by random chance.
What is an outlier in statistical analysis?;an observation that lies an abnormal distance from other values in a Random sample;a missing value in the dataset;the highest value in the dataset;a value that is within the expected range of the data;an observation that lies an abnormal distance from other values in a Random sample;intermediate;An outlier in statistical analysis refers to an observation that lies at an abnormal distance from other values in a random sample. These data points can significantly skew results and should be carefully examined to determine their validity and impact on the overall analysis. Outliers can occur due to errors in data collection, natural variation, or as indicators of interesting patterns or anomalies in the dataset. Identifying and handling outliers is crucial in ensuring the accuracy and reliability of statistical models and interpretations.'\n\nUnderstanding outliers helps in identifying potential errors or unique characteristics within the data, which can lead to valuable insights or improved model performance. Various statistical techniques such as consensus methods, trimming, or transformations can be used to address outliers appropriately based on the specific context and goals of the analysis. Overall, being aware of outliers and their implications is essential in conducting robust statistical analyses and drawing valid conclusions from the data.
How can overfitting be prevented in machine learning models?;By using regularization techniques;By ignoring outliers in the dataset;By increasing the complexity of the model;By decreasing the training dataset size;By using regularization techniques;intermediate;Regularization techniques prevent overfitting in machine learning models by adding a penalty term to the original cost function. This penalty term helps to control the complexity of the model by discouraging overly complex models that may fit the training data too closely.\n' \nThe two commonly used regularization techniques are L1 regularization (Lasso) and L2 regularization (Ridge), which add either the absolute values of the coefficients or the squared values of the coefficients to the cost function, respectively. These techniques help to keep the model's parameters in check and prevent it from memorizing the noise in the training data, improving generalization to unseen data.
What is an ensemble model in machine learning?;A combination of multiple models to make predictions;A model with high accuracy but low precision;A single model using multiple features;A model trained on a large dataset;A combination of multiple models to make predictions;intermediate;An ensemble model in machine learning is a powerful technique that involves combining predictions from multiple individual models to make a final prediction. It leverages the diversity of the individual models to improve overall prediction accuracy and generalization.'''\n\nEnsemble methods, such as bagging, boosting, and stacking, can further enhance the performance of machine learning models by reducing bias and variance. This approach is widely used in various domains to achieve better predictive performance and robustness in complex tasks.
Which of the following is NOT a commonly used machine learning algorithm?;Linear regression;Kmeans clustering;Linear regression;Random forest;Backpropagation neural networks;intermediate;Linear regression is actually a commonly used machine learning algorithm, making the answer incorrect. It is a simple and powerful technique for modeling the relationship between two variables by fitting a linear equation to observed data points. However, some less commonly used machine learning algorithms include support vector machines, random forests, and gradient boosting.\n\nThese algorithms offer more complex modeling capabilities and can be applied in various domains for tasks such as classification, regression, and clustering. It's important for data scientists to explore a diverse set of algorithms to choose the most suitable one based on the specific requirements of their problem.
Which machine learning algorithm is known for its ability to handle text and natural language processing tasks?;Recurrent Neural Networks (RNN);Support Vector Machines (SVM);Recurrent Neural Networks (RNN);Random Forests;Knearest Neighbors (KNN);intermediate;Recurrent Neural Networks (RNN) are a type of deep learning algorithm known for their effectiveness in handling sequential data, making them particularly well-suited for text and natural language processing tasks. RNNs are designed to process data in sequences, with the network retaining memory of past inputs, enabling them to capture dependencies over time in data like language patterns and grammatical structures.' \nRNNs have proven to be highly effective in tasks such as language translation, sentiment analysis, and speech recognition due to their ability to interpret and generate sequences of data, making them a popular choice for NLP applications in artificial intelligence and machine learning.
Which machine learning algorithm is suitable for handling text classification tasks?;Naive Bayes;Linear regression;Kmeans clustering;Naive Bayes;Decision Tree;intermediate;Naive Bayes is a commonly used machine learning algorithm for text classification tasks. It is particularly well-suited for this type of task due to its simplicity, efficiency, and ability to handle large amounts of data. Naive Bayes is based on the Bayes theorem, which calculates the probability of a given class based on the presence of certain features (words in the case of text classification). By assuming that features (words) are independent of each other, Naive Bayes simplifies the computation process, making it especially useful for text classification where the number of features can be very high.\n\n' \nNaive Bayes is often used in spam email detection, sentiment analysis, and document categorization. Despite its simplistic assumptions, Naive Bayes has been shown to perform well in various text classification tasks and is widely used in industry and research. Its ability to handle text data effectively, coupled with its speed and scalability, make it a popular choice for many text classification applications.
Why is normalization important in machine learning?;It Ensures that all features have a similar scale and avoids bias towards certain features;It helps To handle missing values in the dataset;It simplifies the dataset by converting numerical features into categorical ones;It Reduces the complexity of the model and speeds up the training process;It Ensures that all features have a similar scale and avoids bias towards certain features;intermediate;Normalization is crucial in machine learning because it helps ensure that all features are on a similar scale, preventing bias towards particular features during model training. When features are not normalized, those with larger scales may dominate the learning process, leading to inaccurate results. By bringing all features to a consistent scale through normalization, the model can effectively evaluate each feature's contribution to the prediction task.\n\nFurthermore, normalization enhances the model's performance and convergence during the training process. It aids in speeding up the training time by enabling the optimization algorithms to reach the optimal solution more quickly and efficiently. Overall, normalization plays a vital role in improving the stability, accuracy, and generalization of machine learning models.
The process of transforming numerical data into a standard range of values is known as:;Normalization;Normalization;Standardization;Feature scaling;Data encoding;intermediate;Normalization is the process of rescaling numerical data to a standard range, often between 0 and 1, eliminating differences in scale among variables. This technique ensures that each feature contributes equally to the analysis, preventing biased results due to varying magnitudes of the data. By scaling the values, the model becomes more robust and accurate, allowing for better comparisons and interpretations across different datasets or features.'\n\nNormalization is commonly used in machine learning algorithms, particularly those sensitive to the scale of input data, such as k-Nearest Neighbors and Support Vector Machines. It helps improve model performance and convergence by ensuring that all variables are on a similar scale, enhancing the learning process and optimizing predictions. This process is essential for effective data preprocessing and feature engineering to achieve reliable and meaningful insights from the data.
Which data visualization tool is widely used for creating interactive and customizable plots and charts?;Tableau;Matplotlib;Power BI;Tableau;Microsoft Excel;intermediate;Tableau is a popular data visualization tool known for its interactive and customizable features. It allows users to create visually appealing charts, graphs, and dashboards that can be easily customized to meet specific needs. The tool simplifies the process of analyzing and presenting data, making it a preferred choice for many data scientists and analysts.'\n\nTableau offers a user-friendly interface with drag-and-drop functionality, making it accessible for both beginners and experienced users. It supports a wide range of data sources and provides various options for interactivity and sharing, making it ideal for creating engaging and dynamic visualizations for presentations and reports.
When training a neural network, which activation function is commonly used for binary classification tasks?;Sigmoid;Softmax;Tanh;Sigmoid;ReLU;intermediate;In the context of training a neural network for binary classification tasks, the sigmoid activation function is commonly employed. The sigmoid function, also known as the logistic function, is specifically suited for binary classification because it maps any input to a value between 0 and 1, resembling a probability distribution. This allows the network to interpret the output as a probability of the input belonging to one of the two classes.\n\nThe sigmoid function helps in achieving a clear distinction between the two classes by compressing the output values within a specific range. This enables the network to make a decision based on whether the computed probability exceeds a certain threshold, typically 0.5, leading to accurate binary classification outcomes.'
Which of the following techniques is commonly used for outlier detection in machine learning?;Zscore;Minmax scaling;Zscore;Knearest neighbors (KNN);Principal Component Analysis (PC;intermediate;Zscore, also known as Z-score or standard score, is a statistical technique commonly used for outlier detection in machine learning. It measures the number of standard deviations a data point is from the mean of a dataset. By calculating the Zscore for each data point, outliers can be identified as those with Zscore values that fall significantly above or below a certain threshold.\n\nZscore is a powerful tool in identifying outliers because it provides a standardized measure that can be compared across different datasets. This method is widely used in various machine learning algorithms to preprocess and clean data, ensuring that outliers are properly handled to improve the overall performance and accuracy of the models.'
Which of the following is an essential step in the data science pipeline that involves understanding the problem, identifying the data required, and defining the objectives?;Data preprocessing;Problem formulation;Exploratory data analysis;Feature extraction;Data preprocessing;intermediate;Data preprocessing is a crucial step in the data science pipeline that helps in preparing and cleaning the dataset before analysis. It involves understanding the problem domain, identifying the relevant data needed, and defining the objectives of the project. '\n'Furthermore, data preprocessing techniques such as handling missing values, encoding categorical variables, and scaling the data are applied to ensure the quality and reliability of the data for modeling and analysis. By performing data preprocessing, data scientists can enhance the accuracy and efficiency of their machine learning models.'
What is the purpose of dimensionality reduction techniques such as Principal Component Analysis (PCA)?;To reduce the number of features in a dataset;To reduce the number of features in a dataset;To identify the most important features in a dataset;To handle missing values in a dataset;To improve the interpretability of a model;intermediate;Dimensionality reduction techniques like Principal Component Analysis (PCA) aim to reduce the number of features in a dataset while preserving its important information. By transforming the original high-dimensional data into a lower-dimensional space, PCA helps in simplifying the data analysis process, improving computational efficiency, and addressing the curse of dimensionality. It also aids in visualizing data in a more manageable and interpretable form, facilitating easier interpretation and understanding of the underlying patterns or relationships within the data.'\n\nAdditionally, dimensionality reduction techniques like PCA can help in mitigating issues related to multicollinearity among features, reducing noise or redundancy in the dataset, and enhancing the performance of machine learning models by focusing on the most important features. This process of feature extraction helps in capturing the variance and underlying structure of the data, leading to more effective data representation and analysis in various applications such as pattern recognition, image processing, and clustering.
Which technique is used to prevent bias in supervised learning models?;Regularization;Crossvalidation;Regularization;Boosting;Bagging;intermediate;Regularization is a technique used to prevent overfitting and reduce bias in supervised learning models. It works by adding a penalty term to the model's cost function, which discourages overly complex models that may perform well on the training data but generalize poorly to unseen data. This penalty helps to simplify the model and improve its ability to generalize to new, unseen examples.\n\nBy controlling the complexity of the model, regularization helps to strike a balance between bias and variance, ultimately improving the model's overall performance and robustness. Common types of regularization techniques include L1 regularization (Lasso), L2 regularization (Ridge), and elastic net regularization, each with its own way of penalizing complex models without sacrificing performance.
In which scenario would you use a Random Forest algorithm over a decision tree?;When dealing with highdimensional data;When dealing with highdimensional data;When interpretability is more important than accuracy;None of the above;When there is a need for faster training and inference times;intermediate;Random Forest algorithm is suitable when working with high-dimensional data compared to a decision tree. The high-dimensional data encompass a large number of features, making it complex for a single decision tree to accurately capture the relationships and patterns within the data. By utilizing Random Forest, which is an ensemble of multiple decision trees, the model can handle the complexity of high-dimensional data more effectively by incorporating various trees' predictions to make a final prediction, resulting in improved accuracy and robustness to overfitting.''\n\nIn essence, Random Forest overcomes the limitations of decision trees in high-dimensional scenarios by aggregating multiple trees' outputs. This ensemble approach allows for a more comprehensive exploration of the feature space and leads to enhanced predictive performance, making it a preferred choice when working with datasets containing a large number of features that require intricate patterns to be captured accurately.
Which programming language is commonly used in data science for data analysis and visualization?;Python;R;Python;C++;Java;intermediate;Python is the most commonly used programming language in data science for data analysis and visualization tasks. Its simplicity, versatility, and rich ecosystem of libraries make it ideal for handling and manipulating large datasets efficiently. Python's popular libraries such as Pandas, NumPy, matplotlib, and seaborn provide powerful tools for data analysis and visualization.''\n\nPython's syntax is easy to learn and understand, making it accessible to both beginners and experienced programmers in the field of data science. Its extensive support in the data science community and continuous development through packages and frameworks ensure its relevance and usefulness in a variety of data-related tasks.
Which data structure is used to efficiently store and retrieve data when dealing with large datasets?;Hash table;Binary tree;Hash table;Array;Linked list;intermediate;A hash table is a data structure that stores key-value pairs where the keys are mapped using a hash function. This structure allows for efficient storage and retrieval of data, especially when handling large datasets. In a hash table, the hashing function computes the index of the key, making it faster to locate and access the associated value.'\n\nHash tables utilize arrays to store data and offer constant-time complexity for insertion, deletion, and lookup operations, making them ideal for scenarios where quick access to data is crucial. By using a hash table, users can optimize performance and effectively manage large datasets by enabling rapid retrieval and storage of information.'
What is the purpose of cluster analysis in data science?;To group similar data points together;To compare means of two independent groups;To identify outliers in a dataset;To group similar data points together;To classify text documents into categories;intermediate;Cluster analysis in data science is a technique used to identify natural groupings or clusters in a dataset based on similarities between data points. By grouping similar data points together, cluster analysis helps in discovering patterns, relationships, and structures within the data that may not be apparent at first glance. This process allows for the segmentation of data into meaningful groups, which can help in making sense of complex datasets and understanding underlying patterns or trends.\n\nOne of the main purposes of cluster analysis is to aid in data exploration and pattern recognition, which can lead to insights and actionable outcomes. By organizing data points into clusters, data scientists can better understand the underlying structure of the data, identify outliers, and make informed decisions based on the characteristics of each cluster. Overall, cluster analysis plays a crucial role in data science by enabling the interpretation and categorization of data for various applications such as customer segmentation, anomaly detection, and recommendation systems.
Which algorithm is used for dimensionality reduction in data science?;Principal Component Analysis (PC;Random Forest;KNearest Neighbors (KNN);Linear Regression;Principal Component Analysis (PC;intermediate;Principal Component Analysis (PCA) is a widely used algorithm for dimensionality reduction in data science. It works by transforming the original features into a new set of orthogonal features called principal components. These components capture the maximum variance in the data, allowing for a more efficient representation of the dataset while preserving important information.''\n\nPCA helps in reducing the number of variables in the dataset, which simplifies computation and can prevent overfitting. By retaining the most important information while discarding less relevant details, PCA aids in visualizing data and improving model performance.
Which of the following is used to evaluate the goodness of fit for regression models?;Rsquared;F1 score;Precision;Rsquared;Accuracy;intermediate;R-squared, also known as the coefficient of determination, is commonly used to evaluate the goodness of fit for regression models. It quantifies the proportion of variability in the dependent variable that is predictable from the independent variables. Essentially, it measures how well the regression model fits the observed data points.\n\nAn R-squared value close to 1 indicates that a large proportion of the variance in the dependent variable can be explained by the independent variables, suggesting a good fit. Conversely, a value close to 0 indicates that the model does not explain much of the variance in the dependent variable, indicating a poorer fit.'
In the field of natural language processing, what does TF-IDF stand for?;Term FrequencyInverse Document Frequency;Total FrequencyInferred Document Frequency;Term FrequencyInformation Degree Functionality;Term FrequencyInverse Document Frequency;Text FeatureInclusion Document Format;intermediate;TF-IDF stands for Term Frequency-Inverse Document Frequency. It is a numerical statistic used to reflect the importance of a word in a document in a collection or corpus. The term frequency component measures how often a term appears in a document, while the inverse document frequency factor boosts the significance of less common terms in the corpus.\n\nBy using TF-IDF, we can determine the importance of specific words in a document relative to a collection of documents. This technique helps in identifying key terms or features that differentiate documents and is widely used in text mining, information retrieval, and other natural language processing tasks.'
What is the goal of ensemble learning?;To improve predictive performance by combining multiple models;To reduce overfitting in the training data;None of the above;To calculate feature importance in a dataset;To improve predictive performance by combining multiple models;intermediate;The goal of ensemble learning is to enhance predictive performance by aggregating the outputs of multiple models. By combining the predictions from different models, ensemble methods seek to capitalize on the strengths of individual models and mitigate their weaknesses. This approach can lead to more accurate and robust predictions, especially in cases where a single model may struggle to capture the complexities of the data.\n\nEnsemble learning leverages the principle of diversification, where models are trained on different subsets of data or using different algorithms. Through this diversity, ensemble methods aim to produce a more reliable and generalizable model that can outperform its individual components. Ultimately, the goal is to achieve higher accuracy and stability in making predictions across various tasks and datasets.
Which algorithm is used for supervised learning in cases where the target variable is categorical?;Decision Tree;KMeans Clustering;Support Vector Machines (SVM);Decision Tree;Linear Regression;intermediate;A Decision Tree algorithm is commonly used for supervised learning when the target variable is categorical. It works by splitting the data into subsets based on the most significant attributes, forming a tree-like structure. Each internal node represents a feature, and each leaf node represents a class label. Decision Trees are easy to interpret and visualize, making them popular for both classification and regression tasks.\n\nThe algorithm recursively partitions the data based on information gain or Gini impurity to maximize predictive accuracy. It selects the best split at each node to create a tree that predicts the target variable efficiently. Decision Trees can handle both numerical and categorical data, making them versatile for various machine learning applications.'
Which supervised learning algorithm is suitable for regression tasks?;Linear Regression;Linear Regression;Principal Component Analysis;Decision Tree;Kmeans Clustering;intermediate;Linear Regression is a popular supervised learning algorithm for regression tasks. It is well-suited for predicting a continuous output value based on input features by fitting a linear relationship between the variables. The algorithm finds the best-fitting line through the data points to make accurate predictions.\n\nIn Linear Regression, the goal is to minimize the difference between the predicted values and the actual target values using a cost function like Mean Squared Error. This algorithm is simple, interpretable, and often serves as a good starting point for understanding more complex regression methods.'
Which algorithm is commonly used for solving classification problems with non-linear decision boundaries?;Support Vector Machines (SVM);Support Vector Machines (SVM);KNearest Neighbors (KNN);Linear Regression;Decision Trees;intermediate;Support Vector Machines (SVM) is a popular algorithm frequently used for handling classification tasks that involve non-linear decision boundaries. SVM works by finding the optimal hyperplane that separates different classes in the feature space while maximizing the margin between the classes. This allows SVM to effectively classify data points into distinct categories by considering the most relevant support vectors closest to the decision boundary.\n\nAdditionally, SVM employs a technique called the kernel trick, which enables it to map the input data into a higher-dimensional space where non-linearly separable patterns can be linearly separated. By utilizing this kernel trick, SVM can handle complex classification problems with non-linear decision boundaries efficiently, making it a versatile and powerful tool in the realm of data science and machine learning.
Which technique is commonly used for handling class imbalance in classification problems?;Balancing the class distribution through oversampling or undersampling;Balancing the class distribution through oversampling or undersampling;Applying polynomial features to the data;Removing outliers from the dataset;Encoding categorical variables;intermediate;In handling class imbalance in classification problems, a common technique is balancing the class distribution through oversampling or undersampling. Oversampling involves increasing the number of instances in the minority class, while undersampling decreases the number of instances in the majority class. This aims to create a more balanced dataset, which can improve the model's ability to correctly predict the minority class by giving it more representation in the training data.\n\nBy balancing the class distribution, the model is less likely to be biased towards the majority class and more capable of making accurate predictions for both classes. Oversampling and undersampling are popular methods for addressing class imbalance because they are relatively straightforward to implement and can help improve the overall performance and robustness of the classification model.
Which statistical test is used to determine the significance of the difference between the means of two independent groups?;TTest;ANOVA;TTest;ChiSquare Test;Pearson Correlation;intermediate;The t-test is commonly used to determine the significance of the difference between the means of two independent groups. It assesses whether the means of the two groups are statistically different from each other based on the variability within each group and the variability between the groups. By calculating a t-statistic and comparing it to a critical value from a t-distribution, the t-test helps in determining whether the observed difference between the group means is likely to have occurred by chance.\n\nThe t-test is particularly useful when dealing with continuous and normally distributed data from two distinct groups. It provides a quantitative measure to evaluate whether any observed differences between the group means are statistically significant or simply due to random variation. Conducting a t-test can help researchers draw reliable conclusions about the differences between the means of independent groups and make informed decisions based on the data at hand.
Which algorithm is used for text classification?;Naive Bayes;Kmeans;Naive Bayes;Support Vector Machines;Random Forest;intermediate;"Naive Bayes algorithm is commonly used for text classification tasks. It is a probabilistic classifier based on Bayes' theorem with an assumption of independence between features. Despite its simplicity and ""naive"" assumption, Naive Bayes often performs well in practice, especially for text classification tasks like spam filtering and sentiment analysis. \nIt calculates the probability of a given text belonging to a particular class and assigns the class with the highest probability as the output.\n\nNaive Bayes is computationally efficient and works well with high-dimensional data, such as text documents represented by a bag-of-words model. It's easy to implement and does not require a large amount of training data to perform effectively. The algorithm is based on the principle of conditional probability, making it a popular choice for text classification tasks in natural language processing applications.'"
What is the process of transforming raw data into a structured format suitable for analysis called?;Data preprocessing;Data visualization;Data validation;Data mining;Data preprocessing;intermediate;Data preprocessing is the initial stage of data analysis where raw data is transformed into a more organized and suitable format for further analysis. This step involves cleaning and preprocessing data to ensure its quality and readiness for use in statistical modeling or machine learning algorithms. Techniques such as data cleaning, normalization, transformation, and feature engineering are commonly used in data preprocessing to enhance the accuracy and efficiency of data analysis.\n\n' \n\nData preprocessing is crucial for obtaining meaningful insights from the data and improving the performance of data analysis models. It helps in reducing errors and inconsistencies in the data, enhancing the interpretability of results, and ultimately leading to more accurate and reliable outcomes in various data science applications. By preparing the data properly through preprocessing, analysts can unlock valuable patterns and trends that can drive informed decision-making and predictions.
What is the main purpose of Principal Component Analysis (PCA)?;Dimensionality reduction;Handle missing data;Text classification;Hyperparameter tuning;Dimensionality reduction;intermediate;The main purpose of Principal Component Analysis (PCA) is to reduce the dimensionality of a dataset while preserving as much variance as possible. By transforming the original features into a new set of uncorrelated variables called principal components, PCA helps in simplifying the data and identifying the most important patterns or trends in the data. This reduction in dimensionality can improve computational efficiency, visualization, and interpretation of the data, making it easier to analyze and extract meaningful insights.\n\nPCA achieves dimensionality reduction by capturing the maximum amount of variation in the data with a smaller number of principal components, which are linear combinations of the original variables. These components are ordered in terms of the amount of variance they explain, allowing for the selection of a subset of components that retain the most information. By focusing on the principal components that capture the most variability in the data, PCA helps in improving model performance, reducing noise, and addressing multicollinearity issues in high-dimensional datasets.
Which statistical concept is used to measure the relationship between two continuous variables?;Pearson correlation coefficient;Chisquared test;F1 score;Pearson correlation coefficient;Mean absolute error;intermediate;The statistical concept used to measure the relationship between two continuous variables is called the Pearson correlation coefficient. It quantifies the strength and direction of a linear relationship between two variables, ranging from -1 (perfect negative correlation) to 1 (perfect positive correlation). A correlation coefficient of 0 indicates no linear relationship between the variables.\n\nThe Pearson correlation coefficient is a widely used measure in statistics and data analysis to understand how changes in one variable may influence changes in another variable. It helps researchers and analysts assess the degree of association between the continuous variables and determine the extent to which they move together in a linear fashion.
Which metric is commonly used to evaluate the performance of a regression model?;Mean Squared Error (MSE);Accuracy;Recall;Mean Squared Error (MSE);Precision;intermediate;Mean Squared Error (MSE) is a commonly used metric to evaluate the performance of a regression model. It calculates the average of the squared differences between the predicted values and the actual values. The higher the value of MSE, the larger the error in the model predictions, indicating poorer performance. It is widely preferred due to its ability to penalize large errors and provide a more comprehensive view of the model's accuracy.\n\nMSE is calculated by summing the squared differences between predicted and actual values and dividing by the total number of data points. It provides a quantifiable measure of how well the model is performing in capturing the variability in the data. Lower MSE values indicate a better fit between the model's predictions and the actual data points, making it a valuable tool in assessing regression model performance.
Which method is used for dimensionality reduction in machine learning?;Principal Component Analysis (PC;AdaBoost;Random Forests;Support Vector Machines (SVM);Principal Component Analysis (PC;intermediate;Principal Component Analysis (PCA) is a widely used method for dimensionality reduction in machine learning. It works by transforming the original variables into a new set of uncorrelated variables called principal components. These components are ordered by the amount of variance they explain in the data, allowing for a reduction in the number of dimensions while retaining as much information as possible.\n\nBy selecting the first few principal components that capture most of the variance in the data, PCA helps simplify complex datasets, making them easier to analyze and visualize. It is a popular technique in various applications such as image and speech recognition, clustering, and recommendation systems, where high-dimensional data can be efficiently processed and interpreted.
Which algorithm is commonly used for natural language processing (NLP) tasks such as sentiment analysis and language translation?;Recurrent Neural Networks (RNN);Support Vector Machines (SVM);Kmeans Clustering;Recurrent Neural Networks (RNN);Random Forest;intermediate;Recurrent Neural Networks (RNN) are commonly used for NLP tasks like sentiment analysis and language translation due to their ability to capture sequential information in data. RNNs are designed to process sequential data by maintaining a memory of past inputs, making them effective at understanding and generating human language patterns. They can analyze text data in a way that considers the order of words, which is crucial for tasks like sentiment analysis where context is essential.''\n\nFor language translation, RNNs can learn to generate output sequences by capturing dependencies between words in different languages. Their recurrent nature allows them to analyze and generate translations based on the entire input sequence, making them well-suited for complex NLP tasks that involve understanding and producing human language.
What is the K-nearest neighbors algorithm mainly used for?;Classification;Regression;Dimensionality reduction;Anomaly detection;Classification;intermediate;The K-nearest neighbors (KNN) algorithm is mainly used for classification tasks in machine learning. It is a simple and intuitive algorithm that classifies a new data point based on its similarity to existing data points in the dataset. \nBy calculating the distance between the new data point and its K closest neighbors, the algorithm assigns the new point to the most frequently occurring class among its neighbors, making it a popular choice for classification tasks where the decision boundaries are not linear.\n\nIn summary, the K-nearest neighbors algorithm is primarily utilized for classifying data points based on their similarity to neighboring data points, making it a versatile and effective tool in various classification tasks across different domains.
What is the main purpose of feature engineering in machine learning?;To extract useful information from raw data;To extract useful information from raw data;To validate the accuracy of the model;To interpret the model's predictions;To select the appropriate algorithm for the problem;intermediate;Feature engineering in machine learning involves the process of transforming raw data into meaningful features that can improve the performance of a machine learning model. The main purpose of feature engineering is to extract relevant and useful information from the data that can help the model to make accurate predictions or classifications.\n\nBy selecting, combining, and creating new features, feature engineering allows the model to better understand the underlying patterns in the data and make more informed decisions. It can also help in reducing the complexity of the model, enhancing its interpretability, and improving its overall predictive power.'
Which evaluation metric is commonly used for multiclass classification problems?;Accuracy;F1score;Accuracy;Precision;ROCAUC;intermediate;Accuracy is a commonly used evaluation metric for multiclass classification problems. It measures the proportion of correctly classified instances out of the total instances. While it is a simple and intuitive metric, accuracy may not be the most reliable measure when classes are imbalanced or when the cost of misclassification varies for different classes.\n''\nTo gain a comprehensive understanding of model performance in multiclass classification scenarios, it is beneficial to consider additional evaluation metrics such as precision, recall, F1 score, and confusion matrix. These metrics provide more nuanced insights into the model's performance across different classes and help in identifying areas of improvement for the classifier.
In deep learning, what is backpropagation used for?;Adjusting the weights of a neural network based on the calculated error;Initializing the weights of a neural network before training;Adjusting the weights of a neural network based on the calculated error;Regularizing the weights of a neural network to prevent overfitting;Activating the neurons in a neural network to make predictions;intermediate;Backpropagation is a crucial algorithm in deep learning used to update the weights of a neural network. It works by calculating the error produced by the model during the forward pass and then propagating it backward to adjust the weights accordingly. By iteratively adjusting the weights based on this error information, backpropagation helps the neural network learn and improve its predictive capabilities.\n\nThis algorithm enables the neural network to fine-tune its parameters and optimize its performance in solving complex tasks such as image recognition, natural language processing, and more. Backpropagation plays a fundamental role in training deep learning models effectively, allowing them to adapt to various datasets and improve their accuracy over time.
"What does the term ""bias"" refer to in the context of machine learning models?";The error introduced by approximating a realworld problem with a simplified model;The sensitivity of a model's predictions to changes in the dataset;The tendency of a model to consistently underpredict outcomes;The randomness introduced by the training process of a model;The error introduced by approximating a realworld problem with a simplified model;intermediate;"In the context of machine learning models, the term ""bias"" refers to the error that is introduced when a model oversimplifies a real-world problem. Bias represents the discrepancy between the predicted outcome of the model and the true outcome that exists in the data. It can stem from assumptions made during the model building process that do not accurately capture the complexity of the underlying data patterns.\n\nHigh bias in a model can lead to underfitting, where the model is unable to capture the true relationship between the features and the target variable. This can result in poor predictive performance and inaccuracies when making predictions on new data. It is important to address bias in machine learning models by using more complex algorithms or tuning model parameters to better fit the underlying data patterns."
What does the F1 score measure in binary classification?;the harmonic Mean of Precision and Recall;the harmonic Mean of Precision and Recall;the true positive rate;the Accuracy of the model;the specificity of the model;intermediate;The F1 score in binary classification measures the balance between precision and recall by calculating the harmonic mean of these two metrics. Precision measures the proportion of correctly predicted positive instances among all predicted positive instances, while recall calculates the proportion of correctly predicted positive instances among all actual positive instances. \nIn simpler terms, the F1 score provides a single metric that considers both precision and recall simultaneously, aiming to find the optimal trade-off between these two important performance indicators in binary classification tasks. It is particularly useful in scenarios where there is an uneven class distribution or where both precision and recall are crucial for evaluating the model's effectiveness.'
What is the purpose of early stopping in training a neural network?;Preventing overfitting by stopping the training process early;Preventing overfitting by stopping the training process early;Regularizing the weights of the neural network;Enabling faster convergence of the model;Handling missing values in the dataset;intermediate;The purpose of early stopping in training a neural network is to prevent overfitting by stopping the training process early. Overfitting occurs when the model learns the training data too well, resulting in poor generalization to new, unseen data. By monitoring a validation set during training, early stopping allows the model to stop training once the validation performance starts to decrease, thus preventing the model from overfitting.\n\nThis technique helps in finding the balance between model complexity and generalization, improving the model's ability to make accurate predictions on unseen data. Early stopping is a commonly used strategy in machine learning to enhance the performance and generalization capabilities of neural networks.'
Which method is used to assess the importance of features in a dataset?;Feature Importance;Feature Importance;Principal Component Analysis;Data Exploration;Feature Extraction;intermediate;Feature Importance is a method commonly used in data science to evaluate the significance of variables within a dataset. It helps identify the most influential features that contribute the most to the predictive model's performance. There are various techniques to determine feature importance, such as tree-based algorithms like Random Forest or Gradient Boosting, which assign scores to features based on their impact on the model's predictive power.''\n''By understanding feature importance, data scientists can prioritize variables for analysis, optimize model performance, and gain insights into the underlying relationships within the data. This process aids in feature selection, dimensionality reduction, and building more efficient and accurate machine learning models.'
When evaluating regression models, which metric is commonly used to measure the average difference between the predicted and actual values?;Mean Squared Error (MSE);Precision;Mean Squared Error (MSE);Recall;Accuracy;intermediate;Mean Squared Error (MSE) is a widely used metric in assessing regression models. It quantifies the average squared difference between predicted and actual values. By squaring the errors, MSE penalizes larger deviations more heavily, providing a clearer picture of overall model performance compared to alternative metrics.\nMSE is calculated by averaging the squared differences for all data points, making it a valuable tool for understanding the overall accuracy of the model and identifying areas of improvement. Lower MSE values indicate a better-performing model with smaller prediction errors, while higher MSE values suggest a less accurate model that may require adjustments or further optimization.'
"What does the term ""p-value"" represent in statistical hypothesis testing?";The probability of observing a test statistic as extreme as or more extreme than the observed result, given that the null hypothesis is true;The power of the statistical test;The probability of observing a test statistic as extreme as or more extreme than the observed result, given that the null hypothesis is true;The confidence interval of the test statistic;The statistical significance level;intermediate;The p-value in statistical hypothesis testing represents the likelihood of obtaining a test statistic that is as extreme as, or more extreme than, the observed result, assuming that the null hypothesis is true. It indicates the strength of the evidence against the null hypothesis, with smaller p-values suggesting stronger evidence to reject the null hypothesis in favor of the alternative hypothesis. A p-value below a predetermined threshold, typically 0.05, is considered statistically significant, leading to the rejection of the null hypothesis in favor of the alternative hypothesis.'''\n'''\nUnderstanding the concept of p-values is crucial in hypothesis testing, as they help researchers determine the validity of their findings and draw conclusions based on statistical evidence. By interpreting p-values correctly, researchers can make informed decisions about the significance of their results and contribute to the advancement of knowledge in various fields through rigorous statistical analysis.
Which algorithm would you choose for a binary classification problem with imbalanced classes?;Gradient Boosting;Naive Bayes;Gradient Boosting;Support Vector Machines (SVM);Decision Trees;intermediate;Gradient Boosting would be a suitable choice for a binary classification problem with imbalanced classes due to its ability to handle class imbalance effectively. This algorithm builds models sequentially, focusing on instances that were misclassified in previous iterations, which helps to improve performance on minority class samples. Furthermore, gradient boosting combines multiple weak learners to create a strong learner, making it robust and capable of capturing intricate patterns in the data.\n\nBy utilizing gradient boosting for imbalanced datasets, the algorithm can adapt its learning rate based on the importance of each sample, offering better generalization and reducing the risk of overfitting. Its ensemble approach also aids in reducing bias and variance, ultimately leading to more accurate predictions, especially when dealing with imbalanced class distributions.
Which approach would you use for hyperparameter tuning in a machine learning model?;Grid Search;Gradient Descent;KMeans Clustering;Grid Search;Principal Component Analysis (PC;intermediate;Grid search is a systematic method that exhaustively searches through a specified subset of hyperparameters to find the best combination. It works by defining a grid of hyperparameter values and evaluating the model performance for each set of values. \nBy testing all possible combinations within the defined grid, grid search helps in identifying the optimal hyperparameters for maximizing model performance. It is a simple and effective approach but can be computationally expensive for large parameter spaces.\n\n' \nAnother advantage of grid search is its ability to provide a comprehensive overview of the hyperparameter space, which helps in better understanding the impact of different hyperparameters on the model performance. It is commonly used for small datasets or when the hyperparameter search space is limited and well-defined.
When would you use the L1 regularization technique?;When you want sparse feature selection;When you want to penalize large coefficients;When you want to reduce model complexity;When you want to improve model accuracy;When you want sparse feature selection;intermediate;You would use L1 regularization technique when you aim for sparse feature selection. This technique adds a penalty equivalent to the absolute value of the magnitude of coefficients, promoting sparsity by driving some coefficients to zero while keeping others non-zero. By applying L1 regularization, you can select significant features, reduce overfitting, and enhance model interpretability.''\n\n''\n\nL1 regularization is particularly useful when dealing with high-dimensional datasets where feature selection and model complexity reduction are crucial. It assists in identifying the most impactful predictors for the model, ignoring irrelevant or redundant ones, ultimately improving the model's performance and efficiency.
Which statistical test is suitable to determine if there is a significant difference between the means of two populations?;Independent ttest;ANOVA test;Chisquare test;Paired ttest;Independent ttest;intermediate;The independent t-test is a statistical test used to compare the means of two independent groups to determine if there is a significant difference between them. It is commonly used in research studies to analyze data and assess whether the observed differences are real or occurred by chance. The test assumes that the data is normally distributed and that the variances of the two groups are equal (homogeneity of variance).\n\nIn an independent t-test, the null hypothesis states that there is no significant difference between the means of the two populations, while the alternative hypothesis suggests that there is a significant difference. By calculating the t-value and comparing it to a critical value from a t-distribution, researchers can determine if the difference between the sample means is statistically significant, helping them draw meaningful conclusions from the data.'
What is the difference between variance and bias in a machine learning model?;Variance represents the model's sensitivity to noise, while bias represents the model's inability to capture the true relationship;Variance represents the model's flexibility in capturing complex relationships, while bias represents the simplicity of the model;Variance represents the underfitting of the model, while bias represents the overfitting of the model;Variance represents the model's sensitivity to noise, while bias represents the model's inability to capture the true relationship;Variance represents the model's ability to generalize to unseen data, while bias represents the model's ability to fit the training data;intermediate;Variance in a machine learning model measures how much the model's prediction will vary if trained on a different dataset. It indicates the model's sensitivity to noise, with high variance meaning the model is overly complex and may not generalize well to unseen data. On the other hand, bias measures the model's ability to capture the underlying patterns in the data. High bias implies the model is too simple and fails to capture the true relationship between features and target, leading to underfitting.'\n\nBalancing bias and variance is crucial in model training to achieve high predictive performance. By understanding and managing the trade-off between the two, data scientists can develop models that generalize well to new data without underfitting or overfitting.
In machine learning, which evaluation metric is typically used for imbalanced classification tasks?;F1 score;F1 score;Root Mean Squared Error (RMSE);Area Under the Curve (AU;Mean Squared Error (MSE);intermediate;In machine learning, the F1 score is commonly used as an evaluation metric for imbalanced classification tasks. The F1 score considers both precision and recall, providing a balance between these two metrics. It is especially useful when dealing with imbalanced datasets where the number of instances in different classes varies significantly. \n\nThe F1 score is calculated by taking the harmonic mean of precision and recall, giving equal weight to false positives and false negatives. This metric is valuable in situations where simply considering accuracy may be misleading due to the disproportionate distribution of classes. By using the F1 score, practitioners can better assess the performance of models on imbalanced classification tasks.
Which algorithm is commonly used for time series analysis and forecasting?;ARIMA;Kmeans clustering;SVM (Support Vector Machine);Decision tree;ARIMA;intermediate;ARIMA (AutoRegressive Integrated Moving Average) is a widely used algorithm for time series analysis and forecasting. It combines autoregressive (AR) and moving average (MA) components with differencing to account for trends and seasonality in the data. ARIMA is effective in modeling and forecasting data with a significant temporal component, making it suitable for analyzing time series data in various fields such as finance, economics, and weather forecasting. \nARIMA models can capture both linear and nonlinear patterns in time series data, allowing for accurate predictions and informed decision-making based on historical trends and patterns.''\n\nIn practice, ARIMA models require tuning of parameters such as order of differencing, autoregressive terms, and moving average terms to achieve optimal performance. By analyzing past data points and identifying patterns, ARIMA can provide forecasts and insights that help in planning, resource allocation, and risk management. Overall, ARIMA is a versatile and powerful tool for time series analysis and forecasting, essential for understanding and predicting temporal trends in diverse datasets.
What is the main concept behind ensemble learning?;Combining predictions from multiple models to improve overall performance;Using a single model to make predictions;Minimizing bias in model predictions;Combining predictions from multiple models to improve overall performance;Randomly selecting features for model training;intermediate;Ensemble learning is a concept that involves combining predictions from multiple models to enhance the overall performance. By leveraging the strengths of different models and minimizing their individual weaknesses, ensemble learning can produce more accurate and robust predictions. Ensemble methods often incorporate diverse algorithms or variations in training data to ensure a balanced and comprehensive approach to prediction accuracy.\n\nThis aggregation of multiple models can help in reducing bias and variance, leading to more reliable and generalizable results. Ensemble learning techniques such as bagging, boosting, and stacking are commonly employed to achieve superior predictive performance in various machine learning tasks.
Which algorithm is commonly used for Natural Language Processing (NLP)?;Recurrent Neural Networks (RNN);Genetic Algorithms;Recurrent Neural Networks (RNN);Naive Bayes;Decision Trees;intermediate;Recurrent Neural Networks (RNN) are commonly used in Natural Language Processing (NLP) due to their ability to handle sequential data and capture dependencies over time. RNNs are suitable for tasks like language translation, sentiment analysis, and text generation, where the context and order of words are crucial for understanding the meaning.'\n'RNNs process input sequences step by step, maintaining a hidden state that evolves as new information is fed into the network. This recurrent structure enables RNNs to remember past information and make decisions based on historical context, making them effective for modeling language data.'
Which algorithm is suitable for handling text data for sentiment analysis?;Naive Bayes;Support Vector Machines (SVM);Random Forests;Naive Bayes;Decision Trees;intermediate;Naive Bayes is a popular algorithm for sentiment analysis due to its efficiency in processing text data. It is based on the principles of Bayes' theorem and assumes independence between features, making it particularly well-suited for analyzing words in text. Naive Bayes is effective at handling high-dimensional data such as text, where the presence or absence of words can influence sentiment.\n\nBy calculating the probabilities of a particular sentiment given the words in a text, Naive Bayes can classify sentiment with relative ease and accuracy. It is also known for its simplicity and speed, making it a practical choice for text sentiment analysis tasks. Naive Bayes is widely used in natural language processing and sentiment analysis applications due to its effectiveness and ease of implementation.'
Which algorithm can be used for clustering unlabeled data?;kmeans;Support Vector Machines (SVM);Random Forests;Decision Trees;kmeans;intermediate;The k-means algorithm is commonly used for clustering unlabeled data. It is an unsupervised learning algorithm that aims to partition a given dataset into 'k' clusters based on similarity in data points. K-means iteratively assigns data points to the nearest cluster center and updates the centers until convergence is reached.\n'\nOne key advantage of the k-means algorithm is its simplicity and ease of implementation. It is widely used in various fields such as data mining, image processing, and market segmentation for clustering data without predefined labels.'
Which algorithm is commonly used for predicting categorical outcomes?;Logistic Regression;Decision Tree;Kmeans Clustering;Logistic Regression;Random Forest;intermediate;Logistic Regression is commonly used for predicting categorical outcomes in data science. It is a statistical model that is ideal for binary outcomes (two categories) but can also be extended to handle multiple categories (multinomial logistic regression). Unlike linear regression, Logistic Regression predicts the probability of an event occurring based on independent variables. It estimates the relationship between the independent variables and the probability of a particular outcome, making it suitable for classification tasks.\n\nThe algorithm calculates the likelihood of an event happening and then transforms it into odds ratios. These odds are then mapped onto a sigmoid curve to provide a probability score between 0 and 1. By setting a threshold, outcomes can be classified into different categories. Logistic Regression is widely used in various fields such as healthcare, marketing, and finance to predict customer churn, disease diagnosis, and credit risk assessment, among others.'''
Which evaluation metric is suitable for evaluating a binary classification model when there is a class imbalance?;F1 score;F1 score;Rsquared;Accuracy;Mean Squared Error (MSE);intermediate;The F1 score is a suitable evaluation metric for assessing a binary classification model when there is a class imbalance. It considers both precision and recall, providing a balance between these two metrics. Precision measures the correctly predicted positive observations out of all predicted positive observations, while recall calculates the correctly predicted positive observations out of all actual positive observations. The F1 score is particularly useful in scenarios where false positives and false negatives have different implications or costs.\n\n' \n\nThis metric addresses the issue of class imbalance by incorporating both false positives and false negatives, making it valuable for evaluating models in situations where one class dominates the dataset. By combining precision and recall into a single score, the F1 score offers a comprehensive evaluation of model performance that is well-suited for imbalanced datasets in binary classification tasks.
What is the difference between classification and regression problems in machine learning?;Classification predicts discrete labels, while regression predicts continuous values;Classification predicts probabilities, while regression predicts confidence intervals;Classification predicts discrete labels, while regression predicts continuous values;Classification predicts continuous values, while regression predicts discrete labels;Classification predicts confidence intervals, while regression predicts probabilities;intermediate;Classification and regression are two fundamental types of machine learning problems. In classification, the goal is to predict discrete labels or categories for given input data. For example, classifying emails as spam or not spam is a common classification task. On the other hand, regression involves predicting continuous values or quantities, such as predicting house prices based on features like location, size, and amenities.''\n''\nUnderstanding the distinction between classification and regression is crucial in determining the appropriate machine learning algorithm for a given problem. By recognizing whether the target variable is categorical or continuous, practitioners can select the most suitable modeling approach to achieve accurate predictions.
What is a common method for handling missing values in a dataset?;Deleting the rows with missing values;Ignoring missing values during analysis;Replacing missing values with the median;Deleting the rows with missing values;Replacing missing values with the mean;intermediate;One common method for handling missing values in a dataset is by deleting the rows that contain those missing values. This approach is known as complete case analysis and is simple to implement. However, it can lead to a loss of valuable data and may reduce the dataset size, potentially impacting the accuracy and reliability of the analysis.' \n'An alternative approach involves imputing missing values by replacing them with estimated or calculated values based on the available data. Imputation techniques such as mean imputation, median imputation, or using machine learning algorithms can help preserve data integrity while handling missing values effectively.
What is the primary purpose of the exploratory data analysis (EDA) process?;To gain insights into the data, identify patterns, and discover relationships between variables;To gain insights into the data, identify patterns, and discover relationships between variables;To remove outliers from the dataset;To fit the data to a specific statistical model;To test the statistical significance of the findings;intermediate;The primary purpose of exploratory data analysis (EDA) is to thoroughly examine and understand a dataset before conducting formal modeling. EDA helps reveal hidden patterns, trends, and relationships within the data, providing valuable insights that can inform subsequent analytical decisions. By utilizing visualizations and summary statistics, the EDA process allows data scientists to identify potential outliers, missing values, and anomalies, enabling a deeper understanding of the dataset's structure and characteristics.'\n\nThrough EDA, analysts can assess the quality and reliability of the data, make informed decisions about data preprocessing techniques, and guide the selection of appropriate modeling strategies. By uncovering key insights and relationships between variables, EDA plays a crucial role in informing hypothesis generation and guiding the direction of more advanced analyses.
What is the primary purpose of dimensionality reduction in machine learning?;Reducing the number of features in the dataset;Reducing the number of features in the dataset;Finding outliers in the data;Handling class imbalance;Improving model generalization;intermediate;Dimensionality reduction in machine learning serves the primary purpose of reducing the number of features in the dataset while retaining the relevant information. By decreasing the dimensionality of the input data, it helps in overcoming the curse of dimensionality and enhancing the model's performance by simplifying and improving the efficiency of the learning process. This process also aids in visualization, interpretation, and understanding of the data by transforming it into a lower-dimensional space, making it easier to analyze and interpret patterns and relationships within the dataset.''\n\nAdditionally, dimensionality reduction techniques like Principal Component Analysis (PCA) and t-SNE can alleviate computational complexity, enhance model interpretability, and prevent overfitting. They also facilitate clustering and classification tasks by removing noise and redundant information, ultimately leading to better model generalization and performance.
Which technique is commonly used for time series forecasting?;ARIMA (AutoRegressive Integrated Moving Average);Kmeans clustering;Principal Component Analysis (PC;Decision trees;ARIMA (AutoRegressive Integrated Moving Average);intermediate;ARIMA (AutoRegressive Integrated Moving Average) is a widely used technique for time series forecasting. It models the relationship between the observed data points from a time series with its own lagged values, the error terms, and any trends that may be present. ARIMA combines autoregressive (AR), differencing (I), and moving average (MA) components to capture the temporal patterns in the data.\n\nBy incorporating these components, ARIMA can account for seasonality, trends, and other time-related patterns in the time series data. It is a powerful and flexible technique that can be applied to a wide range of industries and domains to make accurate predictions based on historical data.'
Which algorithm is commonly used for anomaly/outlier detection?;Isolation Forest;Decision Tree;Isolation Forest;Support Vector Machines;Kmeans clustering;intermediate;Isolation Forest is a commonly used algorithm for anomaly/outlier detection in data science. It works by isolating anomalies in a dataset using binary splitting to create isolation trees. Anomalies are isolated quicker as they require fewer splits to be separated from the rest of the data compared to normal data points. This algorithm is efficient in high-dimensional spaces and can handle large datasets well. \n\n' \n\nIsolation Forest is preferred for its ability to effectively detect outliers without being influenced by the distribution of the data. By leveraging the concept of isolation, anomalies are identified as instances that have shorter average path lengths in the trees, making it a powerful tool for anomaly detection tasks in various domains such as finance, network security, and fraud detection.
Which data visualization library is commonly used in Python for creating interactive plots and dashboards?;Matplotlib;ggplot2;Plotly;Matplotlib;Seaborn;intermediate;Matplotlib is a popular data visualization library in Python known for creating static plots. Although primarily used for static plots, it also offers some interactive capabilities when combined with other libraries like Jupyter Notebook. Matplotlib provides a wide range of plotting options and is highly customizable to create various types of plots such as line plots, scatter plots, histograms, and bar charts.'\n\nWhen interactivity and dynamic elements are required, libraries like Plotly and Bokeh are commonly used in conjunction with Matplotlib to create interactive plots, dashboards, and web applications. These libraries offer features such as hover effects, zooming, panning, and updating plots dynamically based on user interactions, making them well-suited for building interactive data visualization tools.'
Which technique is used for reducing the dimensionality of high-dimensional datasets while preserving the most important information?;Principal Component Analysis (PC;Principal Component Analysis (PC;Kmeans clustering;Support Vector Machines (SVM);Naive Bayes;intermediate;Principal Component Analysis (PCA) is the technique used for reducing the dimensionality of high-dimensional datasets while preserving the most crucial information. It achieves this by transforming the original features into a new set of orthogonal variables called principal components. These components are ordered in a way that the first component explains the most variance in the data, with subsequent components capturing less variance in descending order.\n\nPCA is widely used in data science and machine learning to simplify complex datasets for easier visualization and analysis without losing critical information. By retaining the essential patterns and relationships within the data, PCA helps in improving computational efficiency and mitigating the curse of dimensionality that can negatively impact model performance.
Which algorithm is commonly used for recommendation systems, based on collaborative filtering?;Matrix Factorization;Matrix Factorization;Knearest neighbors (KNN);Random Forest;Linear Regression;intermediate;Matrix Factorization is a popular algorithm for recommendation systems utilizing collaborative filtering. It works by decomposing the user-item interaction matrix into two lower-dimensional matrices: one representing users and the other representing items. By multiplying these matrices, the algorithm predicts user-item interactions, enabling personalized recommendations.'\n\nThis approach captures latent features in the data, enabling the system to identify patterns and similarities among users and items. Matrix Factorization is often preferred for its ability to handle sparse and high-dimensional datasets efficiently, making it a key tool in building effective recommendation systems.
What is the purpose of a confusion matrix?;To evaluate the performance of a classification model;To visualize data distribution;To calculate feature importance;To evaluate the performance of a classification model;To measure model interpretability;intermediate;A confusion matrix is a tool used in machine learning to evaluate the performance of a classification model. It provides a summary of the correct and incorrect predictions made by the model on a set of data. The matrix consists of four main components: true positives, true negatives, false positives, and false negatives. This information helps in understanding how well the model is classifying instances and where it may be making errors.\n\nBy analyzing a confusion matrix, one can calculate various evaluation metrics such as accuracy, precision, recall, and F1 score, which provide a comprehensive view of the model's performance. It is pivotal in assessing the strengths and weaknesses of a classification model and can guide improvements in model optimization and fine-tuning.
What is the purpose of the F1 score in classification models?;It combines precision and recall into a single metric;It indicates the balance between false positives and false negatives;It measures the accuracy of the model predictions;It quantifies the impact of false negatives on the model performance;It combines precision and recall into a single metric;intermediate;The F1 score in classification models serves the purpose of providing a balance between precision and recall. Precision measures the accuracy of positive predictions, while recall measures the ability to capture positive instances. By combining these two metrics into a single score, the F1 score gives a comprehensive evaluation of a model's performance in correctly predicting both positive and negative classes. This is particularly useful in cases where both precision and recall are important, as it provides a consolidated assessment of the model's effectiveness.\n\nThe F1 score is especially valuable in scenarios where there is an imbalance between the positive and negative classes, as it considers both types of errors equally. This metric helps in understanding the trade-off between precision and recall and can guide the optimization of classification models for specific business or research objectives. Overall, the F1 score acts as a reliable measure of a model's overall performance by taking into account both false positives and false negatives in a single value.
What is the purpose of a confusion matrix in evaluating classification models?;Assessing the performance of a model;Identifying outliers;Evaluating multiclass classification;Assessing the performance of a model;Estimating model coefficients;intermediate;A confusion matrix is a table that displays the performance of a classification model by comparing actual and predicted values. It provides a clear overview of the model's accuracy, precision, recall, and F1 score, aiding in evaluating its effectiveness in making correct predictions. Additionally, the matrix helps detect any tendencies for the model to misclassify certain classes, allowing for targeted improvements in the model's training process.''\n\nConfusion matrices are crucial tools in assessing the strengths and weaknesses of a model, enabling data scientists to fine-tune parameters or feature selection for better performance. Being able to visualize the distribution of correct and incorrect predictions across different classes helps in understanding which classes might be more challenging for the model to classify accurately, guiding strategies to enhance the model's predictive power.''
"In machine learning models, what does the term ""feature importance"" refer to?";The relative significance of different features in predicting the target variable;The number of features in a dataset;The relative significance of different features in predicting the target variable;The standard deviation of the features;The average value of the features;intermediate;Feature importance in machine learning models refers to the evaluation of the relative significance of various input variables (features) in predicting the target variable. It helps to identify which features have the most influence on the model's predictions and can provide insights into which variables are driving the model's performance.'\n\nUnderstanding feature importance is crucial for interpreting the model's behavior, explaining its predictions, and selecting the most relevant features for improving model performance and efficiency. By assessing feature importance, data scientists can prioritize key variables, optimize feature selection, and enhance the interpretability of machine learning models.
Which algorithm is commonly used for cluster analysis?;Kmeans;Support Vector Machines (SVM);Linear regression;Decision trees;Kmeans;intermediate;K-means is a widely used algorithm for cluster analysis in data science. It is a popular unsupervised machine learning technique that aims to group data points into K clusters based on similarity. The algorithm works by iteratively assigning data points to the nearest cluster centroid and updating the centroids to optimize the clustering.\n\nK-means is efficient and effective for partitioning data into clusters, making it suitable for various applications such as customer segmentation, image processing, and anomaly detection. Its simplicity and scalability make it a go-to choice for clustering tasks, providing insights into patterns and structures within data.'\n'
Which of the following techniques can be used to handle missing values in datasets?;Imputation of missing values based on central tendency measures;Imputation of missing values based on central tendency measures;Replacing missing values with the average of the neighboring values;Removing the rows with missing values from the dataset;Ignoring missing values and training the model without them;intermediate;Imputation of missing values based on central tendency measures is a common technique used to handle missing data in datasets. This approach involves filling in missing values with statistical measures such as mean, median, or mode of the available data for the respective variable. By imputing missing values with central tendency measures, the overall dataset integrity is maintained, and the impact of missing data on the analysis is minimized.' \n'Using central tendency measures for imputation also helps preserve the overall distribution and characteristics of the original dataset, enabling more accurate and reliable analysis and modeling outcomes. However, it is important to carefully consider the implications of imputing missing values and evaluate the potential biases that may arise from this process.
How does the bias-variance tradeoff impact the performance of a machine learning model?;The bias measures how well the model fits the training data, while the variance measures the model's sensitivity to small changes in the training data;The bias measures the model's ability to generalize to unseen data, while the variance measures the model's accuracy on the training data;The bias increases as the model becomes more complex, while the variance decreases;The biasvariance tradeoff does not have any impact on the model's performance;The bias measures how well the model fits the training data, while the variance measures the model's sensitivity to small changes in the training data;intermediate;The bias-variance tradeoff influences a model's performance by balancing the fitting to training data (bias) and its sensitivity to variations in data (variance). When a model has high bias, it may oversimplify the data and lead to underfitting, causing poor predictions. On the other hand, high variance can result in overfitting, where the model captures noise instead of the underlying pattern, leading to low generalization ability. Finding the optimal tradeoff is crucial for achieving a well-performing machine learning model.\n\nOptimizing the bias-variance tradeoff involves adjusting model complexity and regularization techniques. By reducing bias, a model can better capture the true relationship in the data, while decreasing variance helps improve its ability to generalize to unseen data. Striking the right balance is key to enhancing a model's predictive power and ensuring it can make accurate and reliable predictions in real-world scenarios.
Which statistical technique is used to compare means of two or more groups in a hypothesis test?;Ttest;Regression analysis;ANOVA;Ttest;Chisquare test;intermediate;The statistical technique used to compare means of two or more groups in a hypothesis test is called a t-test. T-test is a parametric test that assesses whether there is a significant difference between the means of two groups. Specifically, it is used to determine if the means are significantly different based on the assumption that the data is normally distributed and variances are equal.\n\nThere are different types of t-tests such as independent samples t-test, paired samples t-test, and one-way ANOVA which extend the t-test to multiple groups. These tests help researchers to make informed decisions by comparing the means of different groups and determining if the differences are statistically significant.'
What is the purpose of cross-entropy loss function in deep learning?;To measure the difference between predicted and actual probability distributions;To minimize the sum of squared errors between predicted and actual values;To optimize the parameters of the neural network using gradient descent;To measure the difference between predicted and actual probability distributions;To regularize the weights and prevent model overfitting;intermediate;The cross-entropy loss function is commonly used in deep learning for classification tasks. It quantifies the difference between the predicted probability distribution output by the model and the actual probability distribution of the data. By penalizing the model based on the divergence between these distributions, the cross-entropy loss guides the model to improve its predictions.\n\nThis loss function is particularly effective when training neural networks as it encourages the model to correctly predict the class with high confidence. Minimizing the cross-entropy loss ultimately leads to better classification performance, making it a crucial component in optimizing deep learning models for tasks such as image recognition and natural language processing.'
In deep learning, what is backpropagation used for?;Adjusting the weights of a neural network based on the calculated error;Initializing the weights of a neural network before training;Adjusting the weights of a neural network based on the calculated error;Regularizing the weights of a neural network to prevent overfitting;Activating the neurons in a neural network to make predictions;intermediate;Backpropagation is a crucial algorithm in deep learning used to adjust the weights of a neural network based on the calculated error. It helps in training the network by propagating the error gradient backward from the output layer to the input layer. By iteratively updating the weights using this gradient information, the network can learn to minimize the error and improve its performance in making accurate predictions.\n\nThis iterative process of backpropagation plays a vital role in optimizing the neural network's performance by fine-tuning the weights to reduce prediction errors. Through this mechanism, the network adjusts its parameters to improve its ability to learn complex patterns and make better predictions on unseen data, ultimately enhancing its overall performance and predictive capabilities.'
"What does the term ""bias"" refer to in the context of machine learning models?";The error introduced by approximating a realworld problem with a simplified model;The sensitivity of a model's predictions to changes in the dataset;The tendency of a model to consistently underpredict outcomes;The randomness introduced by the training process of a model;The error introduced by approximating a realworld problem with a simplified model;intermediate;"In the context of machine learning models, the term ""bias"" refers to the error that occurs when a model oversimplifies a real-world problem. Bias is an inherent part of modeling and represents the discrepancy between the model's predictions and the actual values in the data. When a model is biased, it consistently makes predictions that deviate from the true values in a specific direction, leading to inaccurate results.\n\nBias can affect the performance of a model by preventing it from capturing the complexities of the data, resulting in underfitting. To address bias, data scientists aim to reduce the error caused by oversimplification by training more complex models or adjusting the features and parameters of the existing model. Understanding and mitigating bias is essential in developing accurate and reliable machine learning models that can effectively generalize to new, unseen data.'"
"What is the purpose of the evaluation metric ""AUC-ROC"" in classification problems?";Measuring the performance of a binary classifier at various classification thresholds;Assessing the quality of a regression model by comparing predicted and actual values;Capturing the tradeoff between true positive rate and false positive rate;Measuring the performance of a binary classifier at various classification thresholds;Evaluating the stability and consistency of a clustering algorithm;intermediate;"The purpose of the evaluation metric ""AUC-ROC"" in classification problems is to measure the performance of a binary classifier at various classification thresholds. AUC (Area Under the Curve) refers to the area under the Receiver Operating Characteristic (ROC) curve, which plots the true positive rate against the false positive rate at different classification thresholds. The AUC-ROC metric provides a single value that indicates the classifier's ability to distinguish between classes, with a higher value indicating better performance.\n\nAUC-ROC is commonly used in evaluating binary classification models as it provides a comprehensive assessment of model performance across all possible classification thresholds. It is a useful metric for comparing different models and selecting the most suitable one for a specific classification task based on their ability to make correct predictions and minimize false alarms."
What does the F1 score measure in binary classification?;the harmonic Mean of Precision and Recall;the harmonic Mean of Precision and Recall;the true positive rate;the Accuracy of the model;the specificity of the model;intermediate;The F1 score in binary classification measures the balance between precision and recall by calculating their harmonic mean. Precision is the ratio of true positive predictions to the total predicted positives, while recall is the ratio of true positive predictions to the total actual positives. Harmonic mean gives equal weight to precision and recall, making F1 score a useful metric to evaluate a model's performance when both precision and recall are important. It provides a single value that considers both false positives and false negatives, making it a reliable metric for imbalanced datasets.\n\n\nIn summary, the F1 score serves as a consolidated metric that combines precision and recall by taking their harmonic mean. It represents a balance between correctly identifying positive instances (precision) and capturing all positive instances in the dataset (recall), making it a valuable measure for assessing binary classification models' overall effectiveness.
Which algorithm can be used for both classification and regression problems?;Random Forest;Decision Trees;Support Vector Machines (SVM);Knearest neighbors (KNN);Random Forest;intermediate;Random Forest is a versatile algorithm that can be utilized for both classification and regression tasks. It works by constructing a multitude of decision trees during the training phase and making predictions based on the collective output of these trees. For classification problems, the algorithm assigns the class label that appears most frequently among the trees, while for regression problems, it averages the outputs from individual trees to obtain the final prediction.\n\nThe strength of Random Forest lies in its ability to handle complex relationships and large datasets efficiently. It is known for its robustness against overfitting and noise in the data, making it a popular choice for various real-world applications.
What is the primary task of data preprocessing?;cleaning and transforming raw data;cleaning and transforming raw data;training the machine learning model;evaluating the performance of a model;visualizing data patterns;intermediate;The primary task of data preprocessing is to clean and transform raw data before it can be used for analysis or modeling. Cleaning involves removing or correcting errors, handling missing values, and standardizing data formats. Transformation includes scaling, encoding categorical variables, and creating new features for better analysis. These steps are crucial to ensure the quality and integrity of data, leading to more accurate insights and predictions.'\n\nData preprocessing plays a key role in the data science workflow, as it sets the foundation for successful analysis and modeling. By preparing the data appropriately, data scientists can minimize bias, improve model performance, and extract meaningful patterns and trends from the data. Overall, effective data preprocessing is essential for turning raw data into valuable and actionable insights.
Which algorithm is commonly used for classification problems when the target variable is categorical?;Logistic Regression;Kmeans Clustering;Decision Tree Regression;Logistic Regression;Support Vector Machines;intermediate;Logistic regression is a commonly used algorithm for classification tasks with a categorical target variable. Unlike linear regression, which predicts continuous values, logistic regression models the probabilities of different outcomes. It is particularly useful when dealing with binary classification problems, where the target variable has two possible outcomes. Logistic regression provides interpretable results, as it estimates the probability that an instance belongs to a particular class.\n\nThe algorithm works by fitting a curve to the data based on the logistic function, which restricts the output between 0 and 1. This sigmoid function maps the predicted values to probabilities, making it suitable for classification. Logistic regression is simple yet powerful and widely used in various domains, including healthcare, marketing, and finance.
When evaluating regression models, which metric is commonly used to measure the average difference between the predicted and actual values?;Mean Squared Error (MSE);Precision;Mean Squared Error (MSE);Recall;Accuracy;intermediate;Mean Squared Error (MSE) is a widely used metric in evaluating regression models to measure the average difference between the predicted and actual values. It calculates the average squared difference between the predicted values and the actual values. By squaring the errors, MSE penalizes larger errors more heavily than smaller errors.\n\nMSE is favored for its simplicity and clarity in measuring the extent of prediction errors in the model. A lower MSE indicates that the model’s predictions are closer to the actual values, while a higher MSE indicates larger discrepancies between predicted and actual values. Evaluating regression models with MSE helps in understanding the overall predictive performance and accuracy of the model.
What is the purpose of regularization in machine learning models like linear regression?;To prevent overfitting and improve generalization of the model;To prevent overfitting and improve generalization of the model;To decrease the complexity of the model;To reduce bias in the model;To increase the complexity of the model;intermediate;Regularization in machine learning models like linear regression is utilized to prevent overfitting by adding a penalty term to the loss function. This penalty term imposes constraints on the model parameters, discouraging overly complex models. By incorporating regularization, the model's focus is shifted towards achieving better generalization performance on unseen data, rather than solely memorizing the training data. This helps in reducing the variance of the model and improving its overall predictive ability under different scenarios.\n\nRegularization also aids in controlling the complexity of the model, striking a balance between fitting the training data well and maintaining simplicity. As a result, it helps in improving the model's performance on new, unseen data by discouraging extreme parameter values that might cause overfitting. Ultimately, the primary goal of regularization in machine learning models like linear regression is to enhance the model's ability to generalize well beyond the training data, leading to more robust and reliable predictions.
What is the main difference between unsupervised and supervised learning?;Unsupervised learning does not have labeled output data, while supervised learning does;Unsupervised learning relies on decision boundaries, while supervised learning focuses on clustering data points;Unsupervised learning requires a validation set for model evaluation, while supervised learning does not;Unsupervised learning does not have labeled output data, while supervised learning does;Unsupervised learning involves training a model on a small subset of data, while supervised learning uses the full dataset;intermediate;The main difference between unsupervised and supervised learning lies in the availability of labeled output data. In unsupervised learning, the algorithm works with unlabeled data, aiming to uncover hidden patterns and relationships on its own. Clustering and dimensionality reduction are common tasks in unsupervised learning that do not require prior knowledge of the output.\n\nOn the other hand, supervised learning relies on labeled data to train the algorithm. This means that the model is provided with input-output pairs during training, allowing it to learn the mapping between inputs and desired outputs. Classification and regression are typical examples of supervised learning tasks where the algorithm learns to make predictions based on the labeled data.
What is bias-variance tradeoff in machine learning?;The balance between underfitting and overfitting of a model;The balance between underfitting and overfitting of a model;The tradeoff between the number of features and the model complexity;The relationship between precision and recall in classification;The process of reducing the number of parameters in a model;intermediate;The bias-variance tradeoff in machine learning refers to the delicate equilibrium between the model's bias (simplification) and variance (flexibility). While high bias leads to underfitting (oversimplified model with high error on training data), high variance results in overfitting (overly complex model that performs poorly on new data).''\n\nIn essence, finding the optimal balance between bias and variance is crucial for achieving a model that generalizes well to unseen data. It involves reducing bias to prevent underfitting without increasing variance excessively, which would lead to overfitting. Finding this equilibrium in the model's complexity is a fundamental challenge in machine learning.
What is the activation function commonly used in hidden layers of a neural network?;ReLU (Rectified Linear Unit);Softmax;Sigmoid;ReLU (Rectified Linear Unit);Tanh (Hyperbolic tangent);intermediate;The activation function commonly used in hidden layers of a neural network is ReLU (Rectified Linear Unit). ReLU is a simple yet effective non-linear activation function that replaces negative values with zero, allowing the model to learn complex patterns and reduce vanishing gradients. It helps speed up training by mitigating the vanishing gradient problem while maintaining sparsity in neural networks.\n\nReLU has become a popular choice for deep learning models due to its simplicity and ability to improve training efficiency. By introducing non-linearity and addressing the issue of vanishing gradients, ReLU empowers neural networks to effectively learn intricate relationships within data, leading to improved model performance and faster convergence during training.
When building a decision tree, which criterion is commonly used to determine the best split?;Gini index;Gini index;Mean squared error;Entropy;Mean absolute error;intermediate;When constructing a decision tree, the Gini index is a frequently used criterion to determine the optimal split. The Gini index measures the impurity of a node in the tree - a lower value indicates a more pure node with majority of data belonging to a single class. The algorithm evaluates all possible splits for each feature and selects the one with the lowest Gini index, leading to separation of classes in the resulting branches.\n\nThis process of recursively selecting splits based on the Gini index helps in creating a decision tree that effectively partitions the data into distinct groups based on feature values. By choosing splits that minimize impurity, the decision tree can accurately classify new instances by traversing through the branches based on the selected criteria.
Which of the following evaluation metrics is commonly used for regression tasks?;Mean squared error (MSE);Area under the ROC curve (AUCRO;Mean squared error (MSE);F1 score;Accuracy;intermediate;Mean squared error (MSE) is a widely used evaluation metric for regression tasks due to its simplicity and interpretability. It measures the average squared difference between the actual and predicted values in a regression model. By calculating the square of the errors, MSE penalizes larger errors more severely, making it a suitable metric for assessing the overall model performance in regression tasks.'''\n\nOne key advantage of using MSE is that it is sensitive to outliers, as the squared term amplifies the impact of larger errors. This helps in understanding the performance of the regression model across the entire dataset rather than just focusing on individual data points. It is important to aim for a low MSE value, as lower MSE indicates a better fit of the model to the data.
How does dimensionality reduction techniques help in machine learning?;Reducing the number of features to improve computational efficiency and reduce noise;Determining the optimal number of clusters in Kmeans clustering;Increasing the number of features to capture more information;Reducing the number of features to improve computational efficiency and reduce noise;Evaluating model performance by comparing actual and predicted outcomes;intermediate;Dimensionality reduction techniques help in machine learning by reducing the number of features in a dataset. By doing so, it helps to improve computational efficiency and reduce noise in the data. When working with high-dimensional data, employing dimensionality reduction methods can simplify the complexity of the dataset, making it easier for machine learning algorithms to process the information more effectively and efficiently.\n\nFurthermore, by removing redundant or irrelevant features, dimensionality reduction can also help in mitigating the curse of dimensionality problem. This leads to better model performance, as the reduced feature set focuses on the most relevant information for making predictions, ultimately enhancing the overall accuracy and interpretability of machine learning models.''
Which technique is commonly used for text classification in data science?;Naive Bayes;Decision Trees;Principal Component Analysis (PC;Logistic Regression;Naive Bayes;intermediate;Naive Bayes is a commonly used technique for text classification in data science. It is a probabilistic classifier based on Bayes' theorem with an assumption of independence between predictors. When applied to text data, Naive Bayes assigns a likelihood that a document belongs to a certain category based on the frequency of words present in that document compared to the word frequency in the training data. This technique is widely used for spam email filtering, sentiment analysis, and document categorization tasks due to its simplicity, efficiency, and ability to handle a large number of features.\n\nNaive Bayes works well with text classification tasks because it is computationally efficient and can handle high-dimensional data like text data. Despite its simplistic assumptions, Naive Bayes has shown to be effective in various applications where the assumption of feature independence holds reasonably well. It is a popular choice for text classification due to its ease of implementation, fast training times, and good performance in practice, making it a valuable tool in the data scientist's toolkit.
What is the purpose of log transformation in data preprocessing?;To handle skewness in the data;To remove missing values;To impute outliers;To handle skewness in the data;To standardize the data;intermediate;Log transformation is used in data preprocessing to address skewed data distributions by reducing the magnitude of extreme values. Skewness is a common issue in datasets, which can affect the performance of statistical models. By applying a log transformation, the data distribution becomes more symmetrical, leading to improved model accuracy and reliability. This transformation helps to normalize the data and make it more suitable for modeling and analysis, particularly in regression and machine learning tasks.'\n\nAdditionally, log transformation can help to stabilize variance and reduce the impact of outliers in the dataset, making the data more robust and resilient to statistical assumptions. It offers a practical way to transform non-normal data into a more Gaussian-like distribution, which is often a fundamental requirement for many statistical methods and algorithms to perform effectively.
Which algorithm is commonly used for feature selection in machine learning?;Recursive Feature Elimination (RFE);Gradient Boosting Machines (GBM);Recursive Feature Elimination (RFE);Principal Component Analysis (PC;Kmeans clustering;intermediate;Recursive Feature Elimination (RFE) is a commonly used algorithm for feature selection in machine learning. It works by recursively removing the least important features and fitting the model with the remaining features, thus identifying the subset of features that contribute most to the model's performance. This process continues until the desired number of features is reached.\n\nRFE is particularly useful when dealing with high-dimensional datasets, as it helps improve model efficiency, reduce overfitting, and enhance interpretability by focusing on the most relevant features. By iteratively ranking and eliminating features based on their importance, RFE streamlines the modeling process and can lead to better predictive performance in machine learning tasks.
What is the difference between precision and recall in classification tasks?;Precision measures the proportion of true positives out of all predicted positives, while recall measures the proportion of true positives out of all actual positives;Precision measures the proportion of true positives out of all predicted positives, while recall measures the proportion of true positives out of all actual positives;Precision and Recall are used interchangeably To evaluate classification models;Precision measures the proportion of true positives out of all actual positives, while recall measures the proportion of true negatives out of all predicted negatives;Precision measures the overall accuracy of the model, while recall measures the robustness of the model to outliers;intermediate;Precision and recall are two critical metrics in classification tasks. Precision focuses on the accuracy of positive predictions, calculating the proportion of true positives among all the predicted positives. It helps in evaluating the model's ability to make precise predictions, thus minimizing false positives.''\n''\nOn the other hand, recall emphasizes the model's capability to identify all actual positives, measuring the proportion of true positives among all the actual positive instances. It helps in gauging the model's sensitivity in capturing relevant cases, minimizing false negatives. Achieving a balance between precision and recall is crucial for a well-performing classification model in machine learning.
Which method is used for handling imbalanced datasets?;Using a combination of oversampling and undersampling;Using a combination of oversampling and undersampling;Upsampling the minority class;Ignoring the class imbalance and training the model as usual;Downsampling the majority class;intermediate;Handling imbalanced datasets involves dealing with the skewed distribution of class labels. One effective method is combining oversampling and undersampling techniques. Oversampling involves randomly duplicating minority class samples to balance the dataset, while undersampling reduces the number of majority class samples. This combined approach aims to strike a balance between retaining valuable information and preventing overfitting.'\n\n'By oversampling the minority class, we ensure that the model learns from these instances. On the other hand, undersampling reduces the dominance of the majority class, minimizing bias towards it. Overall, the combination of oversampling and undersampling helps tackle the challenges posed by imbalanced datasets effectively.
Which statistical test is used to determine if there is a significant relationship between two categorical variables?;Chisquared test;ttest;Chisquared test;Pearson correlation coefficient;ANOVA (Analysis of Variance);intermediate;The chi-squared test is used to determine if there is a significant association between two categorical variables. It evaluates whether the observed frequencies of the variables deviate significantly from the expected frequencies, indicating if there is a relationship between them. The test calculates a chi-squared statistic based on the differences between observed and expected counts in a contingency table, and the significance level determines if this difference is due to chance or a real association.'\n\nThis statistical test is commonly applied in research studies to understand the relationship between variables like gender and voting preference or smoking status and disease outcome. By interpreting the results of the chi-squared test, researchers can draw conclusions about the strength and direction of the association between the variables, helping to make informed decisions or predictions based on the data.'
What is the purpose of the ELK stack in data engineering?;It is used for log analysis and monitoring;It is used for log analysis and monitoring;It is used for natural language processing;It is a database management system;It is a machine learning algorithm;intermediate;The ELK stack, consisting of ElasticSearch, Logstash, and Kibana, serves the purpose of log analysis and monitoring in data engineering. ElasticSearch is a powerful search and analytics engine, Logstash is a data processing pipeline that ingests data from multiple sources, and Kibana is a visualization tool for observing data trends. Together, they enable users to collect, store, search, and visualize logs and other data in real-time, making it a valuable tool for monitoring system performance, troubleshooting issues, and deriving insights from log data.'\n'By using the ELK stack, data engineers can centralize logs from various systems and applications, perform advanced searches, detect anomalies, and generate visualizations to gain better visibility into the health and performance of their systems. This helps in identifying and resolving issues quickly, optimizing system performance, and ensuring the overall reliability and stability of the data infrastructure.'
Which algorithm is used to handle missing data in a dataset?;Imputation;Dimensionality reduction;Feature extraction;Imputation;Regularization;intermediate;Imputation is the process of filling in missing values in a dataset using various statistical techniques. One common algorithm used for handling missing data is the mean imputation method, where missing values are replaced with the mean of the available data for the respective variable. This helps maintain the integrity of the dataset and prevents bias in subsequent analyses or modeling.\n\nAnother popular imputation algorithm is the k-nearest neighbors (KNN) imputation, where missing values are imputed based on the values of similar instances in the dataset. By imputing missing data, the algorithm ensures that the dataset remains complete and usable for analysis or machine learning tasks.'
What is the primary objective of clustering analysis?;To group similar data points together based on their characteristics;To group similar data points together based on their characteristics;To find the best hyperparameters for a model;None of the above;To predict a continuous target variable;intermediate;The primary objective of clustering analysis is to group similar data points together based on their shared characteristics. This process helps to uncover underlying patterns and structures within a dataset, enabling better understanding and interpretation of the data. Clustering analysis is commonly used in various fields such as marketing, biology, and social sciences to identify meaningful relationships and insights from the data.\n\nBy grouping data points into clusters, this analysis technique aids in discovering natural groupings that may not be readily apparent. It can also be used for data exploration and summarization, as well as for creating more efficient and targeted decision-making processes. Ultimately, clustering analysis facilitates the simplification of complex datasets and assists in making informed decisions based on the identified patterns.'
What is a decision tree algorithm primarily used for in predictive modeling?;Classification and regression;Classification and regression;Dimensionality reduction;Data preprocessing;Association rule mining;intermediate;A decision tree algorithm is primarily used in predictive modeling for both classification and regression tasks. In classification, decision trees predict the class or category of the data based on input features, creating a tree-like structure where each internal node represents a feature, each branch represents a decision based on that feature, and each leaf node represents a class label. Regression decision trees, on the other hand, are used to predict a continuous value instead of a categorical label, making them useful for tasks like forecasting and estimation. Overall, decision trees are versatile and powerful algorithms that are widely employed in various predictive modeling scenarios due to their interpretability and ease of use.''\n\nDecision trees are popular in data science because they can handle both numerical and categorical data, require minimal data preparation, and are resistant to outliers and noise in the data. Additionally, decision trees provide insights into the decision-making process by displaying a clear flow of logic, making them valuable for understanding the underlying relationships within the dataset. This transparency makes decision trees a valuable tool not only for making predictions but also for gaining actionable insights from the model.
Which optimization algorithm is commonly used to update the weights in neural networks during the training process?;Gradient Descent;Genetic Algorithm;Random Search;Simulated Annealing;Gradient Descent;intermediate;Gradient Descent is a commonly used optimization algorithm in training neural networks. It works by iteratively adjusting the weights of the neural network in order to minimize the error or loss function. The algorithm calculates the gradient of the loss function with respect to the weights, and then updates the weights in the direction that decreases the loss function the most.\n\nBy following the gradient towards the minimum, Gradient Descent helps the neural network converge to an optimal set of weights that allow it to make accurate predictions. There are different variants of Gradient Descent such as Stochastic Gradient Descent and Mini-batch Gradient Descent, which offer different approaches to updating weights efficiently during training.
In the context of neural networks, what is the purpose of dropout regularization?;To reduce overfitting by randomly disabling neurons during training;To ensure convergence to the global minimum in the loss function;To improve the computational efficiency of the model;To increase the complexity of the model for better performance;To reduce overfitting by randomly disabling neurons during training;intermediate;Dropout regularization is a technique utilized in neural networks to prevent overfitting. By randomly deactivating neurons during the training process, dropout helps the network to become more robust and generalize better to unseen data. This regularization method promotes learning from different paths and reduces the network's reliance on specific neurons, ultimately enhancing its ability to generalize well to new data.''\n\nDropout regularization serves as a form of ensemble learning within a single model, as it trains multiple architectures by dropping out different sets of neurons. This technique introduces noise during training, which helps the model to avoid memorizing the training data and ensures that the neural network learns more meaningful patterns within the data for better generalization performance.
Which technique is used for feature selection in machine learning to identify the most relevant features?;Recursive Feature Elimination (RFE);Recursive Feature Elimination (RFE);KNearest Neighbors (KNN);Support Vector Machines (SVM);Gradient Boosting;intermediate;Recursive Feature Elimination (RFE) is a technique commonly used for feature selection in machine learning. It works by recursively removing variables and building a model to assess the impact on model performance. RFE identifies the most relevant features by ranking them based on their importance to the model's predictive accuracy.\n\nRFE is beneficial because it helps in reducing overfitting, improving model interpretability, and enhancing prediction accuracy by focusing on the most significant features. By iteratively eliminating less important variables, RFE streamlines the model and allows for better generalization to unseen data, leading to more robust and efficient machine learning models.
Which technique is used in machine learning to handle missing values in a dataset?;Imputation;Dimensionality Reduction;OneHot Encoding;Imputation;Normalization;intermediate;Imputation is a technique often used in machine learning to handle missing values in a dataset. It involves filling in missing data points with estimated values based on the available information in the dataset. Common methods for imputation include mean imputation, median imputation, mode imputation, or more advanced strategies like predictive modeling based imputation.\n''\nImputation helps maintain the integrity of the dataset and ensures that the machine learning algorithms can effectively learn from the available information without being affected by missing values. By imputing missing data, the dataset remains complete and the model performance is often improved as a result.
What is the purpose of the Receiver Operating Characteristic (ROC) curve in binary classification?;To visualize the tradeoff between true positive rate and false positive rate;To measure the accuracy of a model;To visualize the tradeoff between true positive rate and false positive rate;To identify the most important features in a dataset;To calculate the precision and recall of a model;intermediate;The Receiver Operating Characteristic (ROC) curve is a graphical representation used in binary classification to illustrate the tradeoff between the true positive rate (sensitivity) and the false positive rate (1-specificity). By plotting various thresholds of a classifier on the ROC curve, one can assess its performance across different discrimination levels. The curve provides a visual summary of the ability of the model to distinguish between the two classes, helping in the selection of the optimal threshold for making predictions.\n\nAnalyzing the ROC curve aids in evaluating the effectiveness of the binary classification model. The closer the curve is to the top-left corner of the plot, the better the model's predictive capability. A perfect classifier would have an ROC curve that passes through the point (0,1), indicating a high true positive rate and a low false positive rate, demonstrating the ideal balance between sensitivity and specificity.'
Which evaluation metric is appropriate for a binary classification problem with imbalanced classes?;Area under the PrecisionRecall Curve (AUPR;Accuracy;Root Mean Squared Error (RMSE);Area under the PrecisionRecall Curve (AUPR;Mean Squared Error (MSE);intermediate;The evaluation metric appropriate for imbalanced binary classification problems is the Area under the Precision-Recall Curve (AUPRC). AUPRC is preferred over metrics like accuracy or area under the ROC curve when classes are imbalanced because it focuses on the trade-off between precision and recall, providing a more reliable assessment of model performance.\n'\nAUPRC is particularly useful when the positive class is rare and of higher interest, as it gives more weight to true positives. It is calculated by plotting precision against recall at different threshold values, making it suitable for scenarios where the positive class is underrepresented in the dataset.'
What is the purpose of outlier detection in machine learning?;To identify and remove data points that significantly deviate from the norm;To assess the correlation between variables in a dataset;To encode categorical variables into numerical representation;To evaluate the performance of a model using a validation set;To identify and remove data points that significantly deviate from the norm;intermediate;Outlier detection in machine learning aims to identify and eliminate data points that exhibit significant deviation from the typical patterns in a dataset. By removing outliers, the overall quality and accuracy of the machine learning model can be enhanced, resulting in improved predictive performance. Outliers can negatively impact the model by skewing the data and introducing noise, leading to inaccurate predictions and reduced model generalization.'\n\n'Additionally, outlier detection helps in detecting errors or anomalies in the data, which could be caused by measurement errors, data corruption, or rare events. Addressing outliers ensures that the model is trained on reliable and relevant data, ultimately leading to more robust and trustworthy predictions.'
What is the purpose of the Elbow method in clustering analysis?;To determine the optimal number of clusters;To identify outliers in the dataset;To determine the optimal number of clusters;To validate the clustering results;To compute the distances between data points;intermediate;"The Elbow method in clustering analysis is used to find the optimal number of clusters in a dataset. By plotting the number of clusters against a measure of clustering performance, such as the within-cluster sum of squares, a graph is generated that resembles an elbow. The ""elbow point"" on the graph indicates the optimal number of clusters where adding more clusters does not significantly improve the performance.\n\nFinding the elbow point helps in selecting the appropriate number of clusters for the analysis, striking a balance between capturing meaningful patterns in the data and avoiding overfitting. This method assists data scientists in making informed decisions when conducting clustering analysis, ensuring the clusters generated are meaningful and representative of the underlying structure within the data.'"
What is the purpose of exploratory data analysis (EDA) before performing any modeling?;understand the main characteristics of the dataset;validate the Accuracy of the model predictions;understand the main characteristics of the dataset;Identify potential overfitting issues in the model;determine the optimal Feature selection technique;intermediate;Exploratory Data Analysis (EDA) is carried out before modeling to gain insights into the dataset's main characteristics. During EDA, analysts summarize data, identify patterns, and detect outliers or missing values. This helps in understanding the overall structure of the dataset, which is crucial for selecting appropriate modeling techniques and ensuring the validity of the results.' \n'Moreover, EDA aids in selecting relevant features for modeling, determining data distribution, and checking assumptions underlying the chosen statistical methods. By exploring the data visually and statistically, analysts can make informed decisions about data preprocessing steps and potential issues that may impact the modeling process.
Which evaluation metric is commonly used to assess the performance of a classification model when the classes are imbalanced?;Area Under the Receiver Operating Characteristic curve (AUCRO;Mean Squared Error (MSE);Rsquared;Accuracy;Area Under the Receiver Operating Characteristic curve (AUCRO;intermediate;The evaluation metric commonly used to assess the performance of a classification model when classes are imbalanced is the Area Under the Receiver Operating Characteristic curve (AUC-ROC). \nAUC-ROC summarizes the model's performance across all classification thresholds, making it ideal for imbalanced class situations where the occurrence of one class is significantly higher than the other. A higher AUC-ROC value, closer to 1, indicates a better-performing model in distinguishing between the classes.\n\nOverall, AUC-ROC provides a comprehensive assessment of model performance for imbalanced classification problems, capturing the trade-off between true positive rate and false positive rate across different threshold values. It is widely used in machine learning for evaluating models in situations where class distribution is skewed, ensuring a more robust performance evaluation.
What is the purpose of the F1 score metric?;To provide a balanced measure between precision and recall in imbalanced classification problems;To evaluate the performance of clustering algorithms;To determine the statistical significance of the relationship between two variables;To measure the performance of regression models;To provide a balanced measure between precision and recall in imbalanced classification problems;intermediate;The purpose of the F1 score metric is to offer a balanced evaluation of a model's performance on imbalanced classification tasks by considering both precision and recall. Precision measures the proportion of true positive results from all predicted positives, while recall assesses the proportion of true positives captured by the model out of all actual positives. By combining these metrics into a single score, the F1 score enables practitioners to gauge a model's overall effectiveness in correctly identifying relevant instances while minimizing false positives and false negatives.\n\nIn imbalanced datasets where one class heavily dominates the distribution, traditional accuracy metrics can be misleading. The F1 score seeks to address this issue by taking into account both false positives and false negatives, thus providing a more reliable assessment of a model's generalization abilities. It serves as a valuable tool for data scientists to accurately evaluate and compare the performance of different classifiers, especially in scenarios where class imbalance is prevalent.'
When is feature selection typically performed in a machine learning pipeline?;Before training a model;After model training;During model training;Before training a model;Feature selection is al and not necessary;intermediate;Feature selection is typically performed in a machine learning pipeline before training a model. This process involves selecting the most relevant features from the dataset to improve model performance and reduce overfitting. By selecting the most important features, the model's complexity can be reduced, which often leads to better generalization on unseen data.\n' \nFeature selection helps in enhancing model efficiency by focusing on the most informative features, which can contribute to better accuracy and interpretability. It aids in reducing noise and irrelevant information, making the model more robust and improving its overall performance during the training phase.
What is the primary use of the F1 score metric in machine learning?;Evaluating the performance of a model with imbalanced classes;Evaluating the performance of a model with imbalanced classes;Comparing the performance of different classification algorithms;Assessing the accuracy of regression models;Measuring the precision of a binary classifier;intermediate;The F1 score metric in machine learning is primarily used to evaluate the performance of a model when dealing with imbalanced classes. It takes into account both precision (the number of correct positive predictions divided by the total number of positive predictions) and recall (the number of correct positive predictions divided by the total number of actual positives). By incorporating both precision and recall into a single metric, the F1 score provides a balanced assessment of a model's ability to correctly identify positive instances while minimizing false positives and false negatives.\n\nIn situations where the dataset has imbalanced classes, the F1 score is particularly useful as it helps in assessing how well a model performs in correctly classifying the minority class without being biased towards the majority class. It offers a comprehensive evaluation of a model's effectiveness in handling class imbalances by considering both false positives and false negatives, making it a valuable metric for measuring classification performance in such scenarios.'
What is the criterion used to split nodes in a Decision Tree algorithm?;Gini Index;Accuracy;Gini Index;Information Gain;Mean Squared Error;intermediate;The criterion used to split nodes in a Decision Tree algorithm is the Gini Index. The Gini Index measures the impurity of a node by calculating the probability of incorrectly classifying a random sample's label if it was labeled randomly according to the distribution of labels in the node. It ranges from 0 (pure node) to 1 (impure node).\n\nThe Decision Tree algorithm selects the split that results in the lowest Gini Index, as it aims to maximize the purity or homogeneity of the resulting child nodes. This process is iterative and continues until a stopping criterion is met, such as a maximum tree depth or minimum number of samples per leaf node.'