Questions;Correct Answer;1;2;3;4;Difficulty;Comment
Which feature selection method aims to select a subset of features by recursively eliminating the least important features?;Recursive Feature Elimination (RFE);Principal Component Analysis (PC;Recursive Feature Elimination (RFE);Univariate feature selection;Lasso regularization;expert;Recursive Feature Elimination (RFE) is a feature selection method that aims to select a subset of features by recursively eliminating the least important features. In each iteration, RFE ranks the features based on their importance and removes the least significant ones until the desired number of features is reached.\n\nRFE is a popular technique in machine learning for reducing overfitting and improving model interpretability by focusing on the most relevant features. By systematically evaluating and discarding features, RFE helps to identify the key predictors that contribute most to the model's performance.
Which evaluation metric is used to evaluate the performance of a regression model when the target variable has outliers?;Mean Absolute Error (MAE);Coefficient of Determination (Rsquare;Mean Absolute Error (MAE);Median Absolute Error (MedAE);Root Mean Squared Error (RMSE);expert;Mean Absolute Error (MAE) is a robust evaluation metric used to assess the performance of a regression model when the target variable contains outliers. MAE calculates the average absolute differences between predicted and actual values, providing a clearer indication of model accuracy that is less sensitive to extreme data points, such as outliers. By focusing on the magnitude of errors without considering their direction, MAE offers a more balanced representation of the model's predictive capabilities, making it suitable for scenarios with outlier-containing data.\n\nIn situations where outliers are present in the target variable, using MAE as an evaluation metric ensures that the model's performance is not heavily influenced by these extreme data points. MAE helps in capturing the overall prediction error of the model while being more resistant to the impact of outliers, thus providing a more reliable measure of the model's effectiveness in handling such data discrepancies.
Which of the following is NOT a dimensionality reduction technique?;Principal Component Analysis (PC;tSNE;Support Vector Machines (SVM);Principal Component Analysis (PC;Linear Discriminant Analysis (LD;expert;Principal Component Analysis (PCA) is actually a dimensionality reduction technique. It works by transforming a set of correlated variables into a new set of uncorrelated variables called principal components, which are linear combinations of the original variables. PCA aims to retain as much variance in the data as possible by projecting it onto a lower-dimensional space while minimizing information loss.''Independent Component Analysis (ICA) would have been a correct answer to the question. ICA is a technique used to separate a multivariate signal into additive subcomponents, assuming that the subcomponents are statistically independent. By contrast, PCA focuses on capturing the maximum variance of the data to reduce its dimensionality.
In machine learning, which evaluation metric should be used when the cost of false positives is high?;Precision;F1 score;Precision;Recall;Accuracy;expert;Precision is the evaluation metric that should be chosen when the cost of false positives is high in machine learning. Precision measures the accuracy of positive predictions, focusing on the proportion of true positives among all positive predictions. It is calculated as the ratio of true positives to the sum of true positives and false positives. \n\nUsing precision as the evaluation metric is crucial when emphasizing the need to minimize false positives. It ensures that the model makes accurate positive predictions and reduces the risk of false alarms in scenarios where the consequences of false positive errors are significant.
What is the main objective of the Expectation-Maximization (EM) algorithm in unsupervised learning?;To estimate the parameters of a statistical model when the data contains unobserved variables;To estimate the parameters of a statistical model when the data contains unobserved variables;To maximize the margin between different classes in a classification problem;To find the optimal set of hyperparameters for a machine learning model;To classify data instances into predefined categories;expert;The main objective of the Expectation-Maximization (EM) algorithm in unsupervised learning is to estimate the parameters of a statistical model when the data contains unobserved variables. In this iterative algorithm, EM alternates between the E-step, where it computes the expectation of the unobserved variables given the current parameter estimates, and the M-step, where it maximizes the likelihood function to update the parameters.\n'By repeating these steps, EM converges towards the maximum likelihood estimates of the parameters, even in the presence of missing or hidden data. It is a useful tool for clustering and density estimation in scenarios where full information about the data is not available.
How does gradient descent work in the context of optimization algorithms?;Iteratively Minimizing a cost function by adjusting model parameters in the direction of steepest descent;Finding the optimal value of a cost function by sorting the dataset in ascending order;Iteratively Minimizing a cost function by adjusting model parameters in the direction of steepest descent;Iteratively maximizing a cost function by adjusting model parameters in the direction of steepest ascent;Updating model weights in Random directions until convergence is achieved;expert;Gradient descent is a fundamental optimization algorithm used in machine learning to minimize a cost function iteratively. It works by adjusting model parameters in the direction of the steepest descent of the cost function. The gradient of the cost function helps determine the direction in which the parameters should be updated to reach the minimum cost value.\n\nTo apply gradient descent, the algorithm calculates the gradient of the cost function with respect to each model parameter and updates the parameters iteratively. By repeatedly adjusting the parameters in the direction that reduces the cost function, gradient descent allows the model to converge towards the optimal solution. Overall, gradient descent is a key technique for optimizing machine learning models and improving their performance.
Which machine learning algorithm is specifically designed for handling sequential data?;Recurrent Neural Network (RNN);Naive Bayes;Random Forest;Recurrent Neural Network (RNN);Support Vector Machines (SVM);expert;Recurrent Neural Network (RNN) is a machine learning algorithm tailored for sequential data analysis, such as time series, natural language processing, and speech recognition. RNN maintains memory of past inputs through loops in the neural network architecture, enabling it to capture temporal dependencies within the data. This recursive nature allows RNN to exhibit dynamic behavior and make predictions based on sequential patterns.\n\nWithin RNN, each node processes input data and outputs a result while passing information to the next step. By incorporating feedback loops, RNN can learn from previous observations to influence future predictions. This capability makes it advantageous for tasks where historical context is crucial, leading to its popularity in various sequence-related applications.
Which statistical test is used to determine if two variables are significantly associated in a dataset?;Chisquared test;MannWhitney U test;ttest;Chisquared test;Analysis of Variance (ANOV;expert;The Chi-squared test is a statistical test used to determine the association between two categorical variables in a dataset. It is commonly employed to assess whether the observed frequencies of categories differ significantly from the expected frequencies.\n\nThe test calculates the difference between observed and expected frequencies, and then evaluates whether this difference is large enough to reject the hypothesis of independence between the variables. If the calculated Chi-squared statistic is greater than a critical value, it suggests a significant association between the variables in the dataset.
Which is NOT a commonly used dimensionality reduction technique?;Principal Component Analysis (PC;Singular Value Decomposition (SV;Recursive Feature Elimination (RFE);Principal Component Analysis (PC;Linear Regression;expert;One commonly used dimensionality reduction technique that is NOT included in the answer is t-Distributed Stochastic Neighbor Embedding (t-SNE). t-SNE is a technique often used for visualizing high-dimensional data by creating a lower-dimensional embedding that preserves the local structure of the data, making it effective for clustering and visualization tasks.'\n'\nPrincipal Component Analysis (PCA), on the other hand, is a widely used dimensionality reduction technique that aims to find the orthogonal directions of maximum variance in the data. It projects high-dimensional data onto a lower-dimensional subspace while retaining as much variance as possible along the principal components.
What is the significance of the p-value in hypothesis testing?;It represents the probability of observing the data, given that the null hypothesis is true;It represents the alpha level for rejecting the null hypothesis;It represents the power of the test;It represents the probability of a Type I error;It represents the probability of observing the data, given that the null hypothesis is true;expert;The p-value in hypothesis testing provides a measure of how likely the observed data would occur if the null hypothesis were true. A smaller p-value indicates stronger evidence against the null hypothesis, suggesting that the results are statistically significant and not due to random chance.\n\nUnderstanding the significance of the p-value helps researchers make informed decisions about whether to reject the null hypothesis, ultimately influencing the conclusions drawn from the data analysis and the validity of the study results.
Which ensemble learning technique combines multiple weak learners to make predictions?;Random Forest;Random Forest;Linear regression;Naive Bayes;Logistic regression;expert;Random Forest is an ensemble learning technique that combines multiple decision trees to make predictions. Each tree in the forest is a weak learner, but when combined, they create a strong model with improved accuracy and generalization. \nRandom Forest uses bootstrapping and feature randomization to train individual trees separately, and then aggregates their results through a process called bagging.'\n\nEnsemble learning techniques like Random Forest are popular in data science for their ability to reduce overfitting and produce robust predictions. By combining the predictions of multiple weak learners, Random Forest can handle complex datasets and provide more reliable results compared to a single decision tree model.
What is the main objective of principal component analysis (PCA) in dimensionality reduction?;To transform a highdimensional dataset into a lowerdimensional space while retaining most of the original information;To group similar data points together based on their pairwise distances;To transform a highdimensional dataset into a lowerdimensional space while retaining most of the original information;To remove outliers from the dataset before further analysis;To increase the interpretability of the data by reducing complexity;expert;The main objective of principal component analysis (PCA) in dimensionality reduction is to transform a high-dimensional dataset into a lower-dimensional space while retaining most of the original information. PCA achieves this by identifying the principal components, which are orthogonal linear transformations of the original data that capture the maximum variance present in the dataset. By projecting the data onto the principal components, PCA helps simplify the dataset, making it easier to visualize and analyze, while also reducing computational complexity.\n\nPCA is a valuable technique in data science for reducing the dimensions of a dataset while preserving important information. It is particularly useful in scenarios where there are multiple correlated variables, and it helps in highlighting the underlying structure and patterns in the data. Overall, PCA aids in simplifying complex datasets and improving computational efficiency in various machine learning algorithms.
Which algorithm is suitable for performing clustering on large-scale datasets?;Kmeans;Kmeans;Decision tree;Linear regression;Naive Bayes;expert;K-means is a popular clustering algorithm suitable for large-scale datasets due to its efficiency in computational performance and scalability. It iteratively partitions the dataset into k clusters based on centroids, making it a good choice for handling big data. K-means works well with large datasets as it scales effectively and can be computationally efficient when optimizing cluster assignments. The algorithm is widely used in various applications such as customer segmentation, image compression, and document clustering among others.'\n\nK-means is a centroid-based clustering algorithm that divides the data points into clusters by minimizing the variance within clusters. It is well-suited for large-scale datasets with numerical data, as the algorithm's simplicity and speed make it efficient for processing high volumes of data. However, the algorithm's performance may depend on the initial placement of centroids and the choice of the number of clusters, which can impact the clustering results.''
Which algorithm is commonly used for image recognition tasks in deep learning?;Convolutional Neural Networks (CNN);Recurrent Neural Networks (RNN);Naive Bayes;Convolutional Neural Networks (CNN);Decision Trees;expert;Convolutional Neural Networks (CNN) is commonly used for image recognition tasks in deep learning. CNNs are designed to automatically and adaptively learn spatial hierarchies of features from input images. \nThey are capable of capturing intricate patterns in data by applying convolutional layers, pooling layers, and fully connected layers to comprehend the spatial structure of images, making them an ideal choice for image-related tasks in deep learning.
What is the effect of increasing the complexity of a decision tree model in terms of bias and variance?;Decreases bias and increases variance;Increases bias and decreases variance;Decreases bias and increases variance;Increases both bias and variance;Decreases both bias and variance;expert;When the complexity of a decision tree model is increased, the model becomes more flexible and can capture intricate patterns in the data, leading to a decrease in bias. However, this increase in complexity also causes the model to fit the training data more closely, which results in an increase in variance. It becomes more sensitive to variations in the training set, potentially leading to overfitting and reduced generalizability to unseen data.\n'Finding the right balance between bias and variance is crucial in decision tree modeling to create a model that accurately predicts outcomes on new data while avoiding the pitfalls of overfitting. Regularization techniques like pruning or tuning hyperparameters can help control the trade-off between bias and variance when increasing the complexity of a decision tree model.
Which algorithm is suitable for handling large-scale datasets in a distributed computing environment?;Apache Spark;Random Forest;XGBoost;Apache Spark;Knearest Neighbors;expert;Apache Spark is a powerful distributed computing framework that is ideal for processing and analyzing massive datasets across a cluster of machines. It offers in-memory processing, making it faster than traditional disk-based systems like Hadoop MapReduce. Spark provides support for various languages and libraries, making it versatile for a wide range of data processing tasks.''\n\nApache Spark utilizes a resilient distributed dataset (RDD) abstraction, enabling fault-tolerant parallel processing of data. Its ability to efficiently handle iterative algorithms and interactive queries makes it well-suited for big data analytics in distributed environments.
What is the Monte Carlo simulation technique used for?;Generating random variables to estimate a range of possible outcomes;Extracting features from unstructured data;Solving differential equations;Generating random variables to estimate a range of possible outcomes;Classifying data into different groups;expert;The Monte Carlo simulation technique is commonly used in data science to estimate a range of possible outcomes by generating random variables. This method involves using random sampling to model and analyze complex systems where deterministic relationships are difficult to establish. By repeatedly simulating the system with different random inputs, Monte Carlo simulations can help calculate probabilities and understand the distribution of potential results.\n\n'Such simulations are beneficial for decision-making processes, risk analysis, and optimization in various fields including finance, engineering, and healthcare. By exploring different scenarios and their associated outcomes, stakeholders can make informed decisions based on the generated data, leading to more robust strategies and better risk management practices.'
"What does the term ""p-value"" represent in inferential statistics?";The probability of obtaining results as extreme as the observed data, assuming the null hypothesis is true;The significance level used to reject or fail to reject the null hypothesis;The strength of the relationship between variables in a regression model;The mean difference between two groups in a statistical test;The probability of obtaining results as extreme as the observed data, assuming the null hypothesis is true;expert;In inferential statistics, the p-value signifies the likelihood of obtaining results as extreme or more extreme than the observed data under the assumption that the null hypothesis is correct. The null hypothesis posits that there is no real effect or relationship in the data being studied. Therefore, a lower p-value suggests stronger evidence against the null hypothesis, indicating that the observed results are unlikely to have occurred by chance if the null hypothesis were true.\n'\nUnderstanding p-values is crucial in hypothesis testing, as they help assess the statistical significance of the findings. Researchers typically set a significance level (alpha) beforehand to determine the threshold below which the p-value indicates strong evidence to reject the null hypothesis. A p-value below this threshold (often 0.05) implies that the observed results are unlikely to have arisen due to random chance, providing support for the alternative hypothesis.
Which method is commonly used for hyperparameter tuning in machine learning algorithms?;Grid Search;Kfold Cross Validation;Random Search;Grid Search;Gradient Descent;expert;Grid Search is a common method for hyperparameter tuning in machine learning algorithms. It involves searching through a specified grid of hyperparameter values to find the combination that yields the best model performance. This method exhaustively evaluates all combinations of hyperparameters to determine the optimal set based on a predefined scoring metric like accuracy or F1 score.'\n\nGrid Search is particularly useful when the hyperparameter search space is limited and the computation requirements are manageable. It ensures that the best hyperparameter values are selected, leading to improved model performance and generalization to unseen data.
What is the objective of the K-fold cross-validation technique?;To assess the model's performance on unseen data;To speed up the model training process;To handle missing data in the dataset;To select the optimal number of features;To assess the model's performance on unseen data;expert;The objective of the K-fold cross-validation technique is to evaluate a model's performance on unseen data by utilizing the entire dataset effectively. ' It involves dividing the dataset into K subsets or folds, where the model is trained on K-1 folds and validated on the remaining fold. This process is repeated K times, with each fold serving as the validation set exactly once, allowing for a more comprehensive assessment of the model's generalization ability.
What is the K-fold cross-validation technique used for in machine learning?;Evaluating the performance of the model on unseen data;Testing the model on multiple subsets of the dataset;Evaluating the performance of the model on unseen data;Validating the model parameters;None of the above;expert;K-fold cross-validation is a technique used in machine learning to assess the performance of a model on unseen data. It involves partitioning the dataset into K equal subsets, where one subset is used as the validation set and the rest as the training set. This process is repeated K times, with each subset taking a turn as the validation set. By training and evaluating the model K times using different subsets, K-fold cross-validation provides a more reliable estimate of the model's generalization ability compared to a simple train/test split.\n\nBy using K-fold cross-validation, machine learning practitioners can obtain a more accurate evaluation of their model's performance and address potential issues such as overfitting or data bias. This technique helps to ensure that the model has learned meaningful patterns from the data and can generalize well to new, unseen instances.
Which data structure is commonly used to store and process tabular data in Python?;List;List;Array;Dictionary;Dataframe;expert;The data structure commonly used to store and process tabular data in Python is a list. \nLists are ordered collections that allow storing multiple elements in a single variable. They enable storing different data types and are mutable, meaning you can modify, add, or remove elements from the list efficiently. Lists are versatile and widely used in Python for various data manipulation tasks, including storing tabular data in the form of rows and columns. They offer flexibility and easy access to individual elements within the list for processing and analysis. \n\nLists provide a straightforward way to handle tabular data structures, such as spreadsheets or databases, in Python. They support operations like indexing, slicing, and iteration, making it convenient to work with rows and columns of data. By utilizing lists, developers can organize, update, and manipulate tabular data efficiently while taking advantage of the extensive functionality and flexibility that lists offer in handling data-related tasks.'
Which optimization algorithm is often used for training neural networks?;Stochastic Gradient Descent (SG;Random Forests;Stochastic Gradient Descent (SG;Knearest Neighbors (KNN);Ridge Regression;expert;Stochastic Gradient Descent (SGD) is a commonly used optimization algorithm for training neural networks. It works by updating the model's parameters based on the gradient of the loss function with respect to a small subset of the training data at each iteration. This makes the process computationally efficient and well-suited for large datasets.\n\nSGD aims to find the optimal set of parameters that minimize the loss function and improve the model's performance. By adjusting the parameters in the direction that reduces the loss, SGD iteratively refines the neural network's weights and biases. This iterative approach helps the model learn from the data and converge towards a solution that generalizes well to unseen examples.'
What is the purpose of the inverse document frequency (IDF) in TF-IDF weighting?;It downweights frequently occurring words in a document collection;It normalizes term frequencies within a single document;It downweights frequently occurring words in a document collection;It measures the similarity between two documents;It increases the importance of rare words in a document collection;expert;Inverse Document Frequency (IDF) is a crucial component in TF-IDF weighting, used in information retrieval and text mining tasks. IDF assigns a weight to each term based on its occurrence in a document collection. By downweighting frequently occurring words, IDF helps to emphasize the importance of rare terms that are more distinctive and informative across the collection. This helps to better differentiate the relevance of terms within the documents.\n\nIn practice, IDF values are calculated by taking the logarithm of the total number of documents divided by the number of documents containing the term. This logarithmic scaling ensures that common words have lower IDF values, while rare words have higher IDF values, leading to a more effective and meaningful representation of the importance of terms in a document corpus.
What is the purpose of the Adam optimizer in deep learning?;It combines the advantages of both momentum and RMSprop algorithms;It prevents overfitting by Regularizing the weights in the network;It combines the advantages of both momentum and RMSprop algorithms;It normalizes the input features To improve model performance;It initializes the weights of the neural network using a predefined algorithm;expert;The Adam optimizer in deep learning aims to improve optimization by integrating the strengths of momentum and RMSprop algorithms. Momentum helps accelerate convergence by adding inertia based on gradient history, while RMSprop adjusts learning rates based on the magnitude of recent gradients. By combining these methods, Adam optimizes the update process by effectively handling sparse gradients and noisy data commonly encountered in deep learning tasks. This approach enables the optimizer to adapt quickly to different gradient scales and efficiently navigate complex loss landscapes for faster and more stable training.\n\nBy using adaptive learning rates and momentum in tandem, the Adam optimizer enhances convergence speed and model performance in training deep neural networks. The algorithm dynamically adjusts the step size for each parameter based on its past gradients, leading to improved optimization efficiency and robustness. This adaptive behavior makes Adam particularly well-suited for optimizing deep learning models with varying gradients and complex architectures, ultimately helping to facilitate quicker and more effective training processes.
Which of the following is NOT a common data preprocessing technique in data science?;Standardization;Normalization;Standardization;Feature scaling;Principal Component Analysis (PC;expert;Standardization is indeed a common data preprocessing technique in data science, involving the rescaling of features to have a mean of 0 and a standard deviation of 1. This process allows variables with different scales and ranges to be compared on a common scale, ensuring equal importance during analysis. Other common data preprocessing techniques include data cleaning, transformation, normalization, and feature extraction.\n\nWhile standardization is important, the answer to the question is that it is actually a common data preprocessing technique in data science. Techniques that are not common include handling missing data, outlier detection, data encoding, and feature scaling methods like normalization.'
What is the purpose of a learning rate in gradient descent optimization?;To Control the size of the step taken during each iteration;To Control the size of the step taken during each iteration;To determine the number of iterations required for convergence;To measure the accuracy of the model's predictions;To modify the loss function To be optimized;expert;The learning rate in gradient descent optimization is crucial as it determines the size of the step taken during each iteration towards finding the optimal solution. It helps in balancing the speed of convergence and accuracy of the model by controlling how quickly the model adapts to the changes in the objective function. Choosing an appropriate learning rate is essential for the algorithm to efficiently navigate the loss landscape and converge to the global minima.''\n\nIn practice, a learning rate that is too high may cause the algorithm to overshoot the minima, leading to instability, while a learning rate that is too low may result in slow convergence or getting stuck in local minima. Therefore, tuning the learning rate is a critical hyperparameter in gradient descent optimization to ensure efficient and effective model training.
"In deep learning, what does the term ""batch normalization"" refer to?";Normalizing the inputs of each layer to stabilize learning;Normalizing the inputs of each layer to stabilize learning;Processing the entire dataset at once during training;Regularizing the weights of the model;Adjusting the learning rate during training;expert;Batch normalization in deep learning refers to normalizing the inputs of each layer to stabilize learning. It helps in addressing issues related to internal covariate shift by maintaining the mean activation close to zero and the activation standard deviation close to one. This results in faster convergence of the model during training and alleviates problems such as vanishing or exploding gradients.\n\nBy normalizing the inputs at each layer, batch normalization allows for faster training of deep neural networks and helps improve their generalization performance. It can also act as a form of regularization, reducing the need for other regularization techniques such as dropout. Overall, batch normalization plays a crucial role in the successful training of deep learning models by maintaining stable gradients and facilitating smoother optimization.
What is the main advantage of using deep learning models compared to traditional machine learning models?;Deep learning models can automatically learn hierarchical representations from the data;Deep learning models have fewer hyperparameters to tune;Deep learning models require less computational resources;Deep learning models are less prone to overfitting;Deep learning models can automatically learn hierarchical representations from the data;expert;The main advantage of using deep learning models over traditional machine learning models lies in their ability to automatically learn hierarchical representations from the data. Traditional machine learning models often require hand-crafted features and feature engineering to extract relevant information from the data, whereas deep learning models can automatically learn these representations through multiple layers of computation. This capability enables deep learning models to effectively capture complex patterns and relationships in the data without the need for explicit feature extraction, leading to superior performance in tasks such as image recognition, natural language processing, and speech recognition.\n'Furthermore, deep learning models are highly flexible and can adapt to a wide range of data types and structures, making them suitable for a variety of applications in different domains. This flexibility, combined with their ability to learn intricate patterns from data, gives deep learning models a significant advantage in handling diverse and complex datasets compared to traditional machine learning models.
Which algorithm is commonly used for recommendation systems and can handle sparse data?;Collaborative filtering;Naive Bayes;Collaborative filtering;Linear regression;Decision trees;expert;Collaborative filtering is a widely used algorithm in recommendation systems that can effectively process sparse data by analyzing user interactions and preferences to make recommendations. It works by identifying patterns and similarities among users or items to provide personalized suggestions for users based on their historical behavior. \nThis approach assists in overcoming the challenges of sparsity in data by leveraging the collective wisdom of users to generate accurate recommendations. Through collaborative filtering, systems can efficiently navigate sparse datasets and offer valuable suggestions to users, thereby enhancing user experience and engagement.\n\n
Which statistical distribution is used to model rare events or extreme values often encountered in finance and insurance?;Poisson Distribution;Pareto Distribution;Gamma Distribution;Poisson Distribution;Exponential Distribution;expert;The Poisson distribution is commonly used to model rare events or extreme values in the fields of finance and insurance. It is characterized by events occurring independently at a constant rate over a fixed interval of time or space, making it suitable for situations where the probability of an event happening is low. In finance, this distribution can be applied to model events such as extreme market fluctuations or rare occurrences like financial crises, where the focus is on the frequency of these events rather than their specific timing.\n\nIn insurance, the Poisson distribution can be used to predict the likelihood of rare but potentially costly events such as natural disasters or large insurance claims. By understanding the probability of such events occurring, insurance companies can better assess their risks and set appropriate premiums to cover potential losses. The flexibility and simplicity of the Poisson distribution make it a valuable tool for modeling and analyzing extreme values in these critical sectors.
Which data visualization tool is commonly used for interactive and dynamic visualizations in data science?;Tableau;Power BI;Matplotlib;Tableau;Microsoft Excel;expert;Tableau is a popular data visualization tool widely used in data science for creating interactive and dynamic visualizations. It allows users to explore data, create insightful visuals, and interact with the data to gain deeper insights. Tableau offers various features and tools for building visually appealing dashboards and reports that help in analyzing and presenting data in a meaningful way.\n\nThe interactive capabilities of Tableau enable users to drill down into the data, filter information, and customize visualizations according to their needs. It supports a wide range of data sources and provides seamless integration options, making it a versatile tool for data visualization in data science projects.'
Which algorithm is suitable for solving regression problems with multiple target variables?;Multioutput Regression;Random Forest;Logistic Regression;Gradient Boosting;Multioutput Regression;expert;Multioutput regression is a type of algorithm that is well-suited for solving regression problems with multiple target variables. This algorithm is designed to predict multiple output variables simultaneously, making it efficient for handling scenarios where there are multiple targets to be predicted from the input data. \nIt extends traditional regression models to address situations where the outcome involves more than one continuous target variable. By considering the relationships between multiple target variables, multioutput regression models are able to capture complex patterns and dependencies in the data more effectively.\n\nOverall, multioutput regression is a powerful tool for tackling regression problems with multiple target variables, offering a unified approach to predict multiple outputs in a single model.
What is the main advantage of using deep learning algorithms?;Ability to learn complex patterns;Lower computational requirements;Ability to learn complex patterns;Simplicity in implementation;Faster training speed;expert;The main advantage of using deep learning algorithms is their ability to learn complex patterns within data more effectively compared to traditional machine learning techniques. Deep learning models, such as neural networks with multiple hidden layers, can automatically extract intricate features and patterns from raw data, leading to higher accuracy in various tasks like image recognition, natural language processing, and speech recognition. This capability allows deep learning algorithms to achieve superior performance in tasks that require understanding intricate relationships and non-linear patterns present in the data.\n\nDeep learning's advantage in learning complex patterns enables it to excel in tasks where traditional algorithms struggle, making it a powerful tool for solving real-world problems across diverse domains. The ability to handle intricate patterns and relationships also allows deep learning models to generalize well to unseen data, making them suitable for applications that involve large and complex datasets. This advantage of deep learning algorithms has revolutionized fields like healthcare, autonomous vehicles, finance, and many others by unlocking new possibilities and driving innovation in data-driven decision-making.
Which algorithm is most suitable for a classification problem with a large number of features and a small amount of labeled data?;Random Forest;Support Vector Machine (SVM);Logistic Regression;Naive Bayes;Random Forest;expert;Random Forest is a powerful algorithm for classification tasks with a large number of features and limited labeled data. It is an ensemble method that builds multiple decision trees and aggregates their predictions, which helps to reduce overfitting even with sparse data. Random Forest can handle high-dimensional datasets efficiently by selecting random subsets of features for each tree, providing robust performance in such scenarios.\n'Additionally, Random Forest is known for its ability to handle imbalanced datasets and noisy features, making it a popular choice for real-world classification problems with complex data structures and limited labels.
What is the main advantage of using Gradient Boosting over other machine learning algorithms?;It sequentially trains weak models that improve upon the errors of previous models, resulting in a powerful ensemble model;It is computationally more efficient and requires less training time compared to other algorithms;It is highly interpretable and provides insights into the importance of each feature in the dataset;It sequentially trains weak models that improve upon the errors of previous models, resulting in a powerful ensemble model;It automatically handles missing values in the dataset without requiring any preprocessing steps;expert;The main advantage of using Gradient Boosting over other machine learning algorithms is its ability to sequentially train weak models that improve upon the errors of previous models. This iterative process helps create a powerful ensemble model that can better capture complex patterns and relationships within the data, leading to higher predictive accuracy.''\n'''\nGradient Boosting effectively combines the predictive power of multiple weak learners to form a strong learner, making it particularly effective in handling tasks like regression and classification. This technique is known for its flexibility, robustness, and efficiency, making it a popular choice in various data science applications.
Which technique is used to reduce the dimensionality of a dataset by creating new variables that are linear combinations of the original variables?;Principal Component Analysis (PC;Principal Component Analysis (PC;Support Vector Machines (SVM);Random Forest;Decision Tree;expert;Principal Component Analysis (PCA) is the technique used to reduce the dimensionality of a dataset by creating new variables that are linear combinations of the original variables. It works by transforming the original variables into a new set of variables called principal components, which capture the maximum amount of variance in the data. These components are orthogonal to each other and ordered by the amount of variance they explain.\n\nPCA is widely used in data science for various purposes such as data visualization, noise reduction, and feature selection. By reducing the dimensionality of the dataset while retaining the most important information, PCA helps in simplifying the analysis process, identifying patterns, and understanding the underlying structure of the data.
Which technique is used to handle time-series data analysis?;ARIMA (Autoregressive Integrated Moving Average);ARIMA (Autoregressive Integrated Moving Average);Knearest neighbors;Principal Component Analysis (PC;Support Vector Machines (SVM);expert;ARIMA (Autoregressive Integrated Moving Average) is a widely used technique for handling time-series data analysis. It models time-series data by combining autoregressive (AR) and moving average (MA) components, while also incorporating differencing to make the data stationary. ARIMA is effective in capturing different patterns in time-series data, such as trends and seasonality, making it useful for forecasting future values based on past observations.\n\nARIMA has parameters for specifying the order of autoregressive, differencing, and moving average terms, which can be adjusted based on the characteristics of the time-series data. By fitting ARIMA models to time-series data, analysts can make predictions and identify underlying patterns that can help in making informed decisions in various fields such as finance, economics, and climate science.
What is the difference between train-test split and cross-validation in model evaluation?;Traintest split creates a single validation set, while crossvalidation creates multiple validation sets;Traintest split is more computationally efficient than crossvalidation;Traintest split creates a single validation set, while crossvalidation creates multiple validation sets;Traintest split evaluates model performance on the training set, while crossvalidation evaluates it on the test set;Traintest split is used for regression tasks, while crossvalidation is used for classification tasks;expert;Train-test split involves dividing the dataset into two subsets: one for training the model and the other for testing its performance. This method creates a single validation set to evaluate the model's effectiveness. On the other hand, cross-validation involves creating multiple validation sets by splitting the dataset into multiple folds. Each fold is used as both testing and training data, providing a more robust evaluation of the model's performance.\n\nCross-validation is beneficial for assessing the model's generalization ability as it reduces the dependence on a particular subset of data for evaluation. It helps in obtaining a more reliable estimate of the model's performance compared to a single train-test split, which may vary based on the random partition of the data. By using cross-validation, potential issues like overfitting or underfitting can be identified and addressed effectively.'
How does the bias-variance trade-off impact model performance?;High bias can cause underfitting, while high variance can cause overfitting;High bias can cause overfitting, while high variance can cause underfitting;High bias and high variance both lead to model instability;Bias and variance have no impact on model performance;High bias can cause underfitting, while high variance can cause overfitting;expert;The bias-variance trade-off is a fundamental concept in machine learning that balances the error from bias (underfitting) and variance (overfitting) in a model. High bias occurs when a model is too simplistic and fails to capture the underlying patterns in the data, leading to underfitting. On the other hand, high variance happens when a model is overly complex and fits the training data too closely, resulting in overfitting.'\n\nFinding the right balance between bias and variance is crucial for optimizing model performance. By understanding and managing the bias-variance trade-off, data scientists can develop models that generalize well to unseen data, improving overall predictive accuracy and reliability.''
Which statistical distribution is commonly used to model rare events with a low probability of occurrence, such as hardware failures in a system?;Poisson distribution;Uniform distribution;Exponential distribution;Poisson distribution;Normal distribution;expert;The Poisson distribution is commonly used to model rare events with a low probability of occurrence, such as hardware failures in a system. It is a discrete probability distribution that describes the number of events that occur in a fixed interval of time or space, given that the events are rare and independent of each other. The distribution is characterized by a single parameter λ (lambda), which represents the average rate of event occurrence.\n\nOne of the key assumptions of the Poisson distribution is that the events must occur independently of each other and at a constant average rate. This makes it suitable for modeling rare events like hardware failures, where the probability of occurrence is low but consistent over time. By using the Poisson distribution, data scientists and reliability engineers can analyze and predict the likelihood of rare events happening in a system, allowing for proactive maintenance and risk management strategies.\n
Which algorithm is commonly used for dimensionality reduction by projecting high-dimensional data onto a lower-dimensional space while preserving the pairwise distances between instances?;Principal Component Analysis (PC;Principal Component Analysis (PC;Random Forest;Support Vector Machines (SVM);Kmeans clustering;expert;Principal Component Analysis (PCA) is a common algorithm used for dimensionality reduction by projecting high-dimensional data onto a lower-dimensional space while preserving the pairwise distances between instances. PCA achieves this by finding the principal components, which are the directions in the data that capture the most variance. These components are then used to transform the data into a new space of lower dimensionality.\n\nBy retaining as much variance as possible in the data, PCA helps in identifying the most important patterns and structures. This reduction in dimensionality not only simplifies the data but also aids in visualization and analysis. Additionally, PCA can be used for data compression and noise reduction in datasets.
Which optimization algorithm is commonly used to update the weights of a neural network during the training process by calculating the gradient of the loss function with respect to the weights?;Gradient Descent;Genetic Algorithm;Gradient Descent;Simulated Annealing;Random Search;expert;Gradient Descent is a widely used optimization algorithm for updating neural network weights during training by calculating the gradient of the loss function with respect to the weights. It aims to minimize the loss by iteratively adjusting the weights in the direction of the steepest descent of the loss landscape. By taking small steps in the opposite direction of the gradient, the algorithm optimizes the network's performance and converges towards a local or global minimum.\n\nThe simplicity and efficiency of Gradient Descent make it a popular choice in training neural networks, enabling efficient weight updates based on the loss function's gradient. Its variants, such as Stochastic Gradient Descent and Adam, offer improvements in speed and convergence for different network architectures and datasets. Mastering Gradient Descent is fundamental for understanding the training process and improving the performance of neural networks.
What is the main purpose of hyperparameter tuning?;To optimize the performance of a machine learning model by finding the best set of hyperparameters;To preprocess and normalize the input data;To optimize the performance of a machine learning model by finding the best set of hyperparameters;To ensure the model is adequately regularized;To adjust the learning rate of the model during training;expert;The main purpose of hyperparameter tuning is to optimize the performance of a machine learning model by finding the best set of hyperparameters. Hyperparameters are configuration settings that dictate how a machine learning algorithm operates. By systematically adjusting these hyperparameters through techniques like grid search or random search, the model's performance can be improved in terms of accuracy, efficiency, and generalization to unseen data. \n\nHyperparameter tuning plays a crucial role in machine learning model development as it helps to fine-tune the model's behavior and improve its predictive capabilities. Finding the optimal hyperparameters ensures that the model can achieve its best performance and produce accurate predictions, ultimately leading to better decision-making and insights from the data.
Which of the following methods is used for feature selection?;Recursive Feature Elimination (RFE);Recursive Feature Elimination (RFE);KNearest Neighbors (KNN);Decision Trees;Naive Bayes;expert;Recursive Feature Elimination (RFE) is a method used for feature selection in machine learning. It works by recursively removing attributes and building a model with the remaining variables to determine the most important features for prediction. RFE assigns weights to each feature and eliminates the least important ones until the optimal subset is achieved, improving model performance and interpretability.\n\nThe key benefit of using RFE is that it helps in reducing overfitting, improving model efficiency, and enhancing generalization to unseen data by selecting the most relevant features. It is commonly employed in scenarios where the dataset contains numerous attributes, and a more streamlined feature set is desired to enhance model accuracy and simplify model interpretation.'
What is the objective of exploratory data analysis (EDA) during the data science lifecycle?;To gain insights and understand the underlying patterns in the data;To interpret the results of a machine learning model;To build predictive models;To clean and preprocess the data;To gain insights and understand the underlying patterns in the data;expert;Exploratory Data Analysis (EDA) is a crucial step in the data science lifecycle with the primary objective of gaining insights and understanding the underlying patterns present in the dataset. By conducting EDA, data scientists can uncover key trends, relationships, and anomalies within the data that can inform subsequent analysis and decision-making processes. This initial exploration helps in identifying data quality issues, determining appropriate modeling techniques, and guiding the overall direction of the data analysis.\n\nThrough EDA, data scientists can visually explore the data, summarize key characteristics, and identify potential areas for further investigation or hypothesis testing. This process allows for a deeper understanding of the dataset before advanced modeling techniques are applied, leading to more informed and effective data-driven decisions. Ultimately, the objective of EDA is to extract valuable insights and lay the foundation for successful data analysis and modeling strategies.
When dealing with imbalanced datasets, which technique can be used to address the issue?;Oversampling the minority class;All of the above;Undersampling the majority class;Generating synthetic samples using SMOTE;Oversampling the minority class;expert;Oversampling the minority class is a common technique used to address imbalanced datasets. This involves increasing the number of instances in the minority class by duplicating or generating synthetic examples. By doing so, the dataset becomes more balanced, allowing machine learning models to learn effectively from the minority class as well. However, oversampling can lead to overfitting if not carefully implemented and may result in introducing noise into the dataset.\n\n\nIn practice, oversampling is often paired with undersampling the majority class or using more advanced techniques like SMOTE (Synthetic Minority Over-sampling Technique) to generate synthetic examples. These methods help improve the performance of predictive models by ensuring all classes are adequately represented in the training data and reducing the bias towards the majority class. It's important to assess the impact of oversampling on model performance and fine-tune the approach to find the right balance between addressing class imbalance and maintaining model generalization.
What is the main advantage of using gradient boosting over random forests?;Gradient boosting can handle imbalanced datasets better;Random forests are computationally faster;Gradient boosting is less prone to overfitting;Random forests can handle missing values better;Gradient boosting can handle imbalanced datasets better;expert;Gradient boosting has the main advantage over random forests in handling imbalanced datasets more effectively. Gradient boosting builds decision trees sequentially, focusing on correcting errors made in previous iterations, thereby giving more emphasis to misclassified instances. This iterative process allows gradient boosting to better address class imbalances by giving higher weights to minority class samples, thus improving predictive performance on imbalanced datasets.\n'In contrast, random forests create independent decision trees and aggregate their predictions through voting, which may not capture the nuances of imbalanced classes as effectively as gradient boosting.
Which algorithm is most suitable for handling imbalanced datasets?;Random Forest;Random Forest;KNearest Neighbors (KNN);Support Vector Machines (SVM);Naive Bayes;expert;Random Forest is highly effective for handling imbalanced datasets due to its inherent ability to mitigate biases and overfitting commonly seen in imbalanced data. The ensemble nature of Random Forest, combining multiple decision trees, enables it to address the class imbalance by giving more weight to minority class observations and decreasing the risk of overfitting to the majority class. This results in a more balanced predictive performance for both classes.\n\nAdditionally, Random Forest's capability to handle high-dimensional data and manage missing values makes it a robust choice for imbalanced datasets. By constructing several decision trees independently and aggregating their predictions, Random Forest provides a reliable and accurate classification approach while addressing the challenges posed by class imbalance.'
In linear regression, what assumption must hold true for the residuals?;The residuals are normally distributed with a mean of zero;The residuals are linearly related to the dependent variable;The residuals are uniformly distributed;The residuals have no correlation with the independent variables;The residuals are normally distributed with a mean of zero;expert;In linear regression, it is crucial for the residuals to be normally distributed with a mean of zero. Residuals represent the differences between the observed values and the values predicted by the linear regression model. When the residuals are normally distributed with a mean of zero, it indicates that the model's predictions are unbiased, and the errors follow a symmetrical pattern around zero. This assumption is essential for the reliability and accuracy of the regression analysis.\n\nIf the residuals do not follow a normal distribution with a mean of zero, it suggests that the linear regression model may not be the best fit for the data or that there are violations of the assumptions underlying the regression analysis. Deviations from this assumption can impact the validity of the statistical inferences drawn from the model and may require further investigation and potentially, a different modeling approach. Thus, ensuring that the residuals are normally distributed with a mean of zero is fundamental in validating the assumptions of linear regression and interpreting the results correctly.
Which algorithm is specifically designed for handling large-scale datasets and is frequently used in the field of recommendation systems?;Collaborative Filtering;Random Forest;Decision tree;Kmeans clustering;Collaborative Filtering;expert;Collaborative Filtering is an algorithm tailored to manage extensive datasets and is commonly employed in recommendation systems. It operates by identifying patterns within user preferences and behavior to suggest items of interest based on similarities with other users. This approach is advantageous for handling large-scale datasets as it relies on user interaction data to generate recommendations effectively.\n\nOne of the key advantages of Collaborative Filtering is its ability to make personalized recommendations without requiring a deep understanding of the items being recommended. By relying on user feedback and behavior patterns, the algorithm can generate accurate recommendations even with vast amounts of data. This makes Collaborative Filtering a popular choice in recommendation systems that deal with large datasets, enabling more precise and relevant suggestions for users.'
Which algorithm is commonly used for text classification tasks in natural language processing?;Naive Bayes;Kmeans clustering;Random forest;Support Vector Machines (SVM);Naive Bayes;expert;Naive Bayes algorithm is commonly used for text classification tasks in natural language processing. It is based on Bayes' Theorem and assumes independence between the features. When applied to text data, Naive Bayes calculates the probability of a document belonging to a particular class based on the probabilities of each word occurring in that class. Despite its simplistic assumptions, Naive Bayes is known for its efficiency and effectiveness in text classification tasks.\n\nThis algorithm is particularly useful for spam filtering, sentiment analysis, and document categorization. Naive Bayes is preferred for its simplicity, easy implementation, and ability to handle large datasets efficiently. By calculating the probabilities of each feature independently, Naive Bayes can quickly classify text documents with good accuracy, making it a popular choice for natural language processing tasks.
Which algorithm is suitable for handling large-scale datasets and high-dimensional feature spaces?;Random Forests;KNearest Neighbors (KNN);Linear Regression;Gradient Boosting;Random Forests;expert;Random Forests is a popular algorithm known for its adaptability to large-scale datasets and high-dimensional feature spaces. It excels in managing high-dimensional data by creating multiple decision trees and aggregating their predictions, making it highly efficient and accurate in handling complex datasets with numerous variables. Due to its inherent parallel processing capability and ability to handle noise and overfitting, Random Forests is a top choice for analyzing extensive datasets with a large number of features.\n\nWith its robust and scalable nature, Random Forests is particularly suitable for tasks requiring processing substantial amounts of data and dealing with intricate feature spaces. By leveraging ensemble learning techniques, this algorithm can efficiently process and model complex relationships within high-dimensional datasets, offering reliable and accurate predictions. Thus, for applications involving large-scale datasets and high-dimensional feature spaces, Random Forests stand out as a powerful and versatile choice for data analysis and modeling.'
In a clustering problem, which algorithm aims to minimize the within-cluster variance?;KMeans;Decision Trees;Principal Component Analysis (PC;KMeans;Logistic Regression;expert;In a clustering problem, the KMeans algorithm aims to minimize the within-cluster variance. KMeans works by iteratively assigning data points to the nearest cluster centroid, then updating the centroids to the mean of the data points within each cluster. This process continues until the centroids no longer shift significantly, resulting in clusters that have minimized within-cluster variance.''\n'KMeans is a popular clustering algorithm due to its simplicity and efficiency for large datasets. By optimizing the within-cluster variance, KMeans helps to create clusters that are more compact and distinct from each other, leading to better separation and understanding of the underlying patterns in the data.
Which Python library is commonly used for building deep learning models?;TensorFlow;Scikitlearn;PyTorch;Pandas;TensorFlow;expert;TensorFlow is a popular Python library extensively used for constructing deep learning models. Developed by Google Brain, it offers a comprehensive ecosystem to design and deploy machine learning algorithms efficiently. TensorFlow provides tools for building neural networks, including convolutional and recurrent networks, in a flexible and scalable manner. It supports distributed computing and allows seamless integration with various hardware platforms, making it a go-to choice for deep learning projects. \n\nMoreover, TensorFlow boasts a user-friendly interface and strong community support, enabling data scientists and researchers to collaborate and innovate within the deep learning field. Its vast array of pre-built functions and modules streamline the development process, making it a powerful tool for implementing complex neural network architectures and tackling real-world problems effectively.
When would you use L1 regularization (Lasso) instead of L2 regularization (Ridge) in linear regression?;To obtain a sparse feature selection;To prevent overfitting by penalizing large coefficients;L1 regularization cannot be applied to linear regression models;To obtain a sparse feature selection;L1 and L2 regularization have the same effect in linear regression;expert;L1 regularization, such as Lasso, is beneficial when aiming for feature selection in linear regression. It helps address multicollinearity issues by forcing some coefficients to be exactly zero, effectively selecting a subset of features that are most relevant in predicting the target variable. This makes the model more interpretable and prevents overfitting.\n\nOn the other hand, L2 regularization, like Ridge, penalizes large coefficients but does not force them to zero. It is useful when all features are expected to contribute to the prediction, even if some have minor effects. In summary, choose L1 regularization for feature selection and sparsity, while L2 regularization is more suitable for overall model complexity control and multicollinearity handling.
What is the most appropriate evaluation metric for imbalanced classification problems?;F1 score;Accuracy;Rsquared;Mean Squared Error (MSE);F1 score;expert;The F1 score is a suitable evaluation metric for imbalanced classification problems because it considers both precision and recall, providing a balanced assessment of a model's performance when there is a significant class imbalance. It calculates the harmonic mean of precision and recall, giving equal weight to false positives and false negatives.\n'This metric is particularly useful when the positive class (minority class) is of interest and needs to be correctly identified, as it assesses the trade-off between precision and recall, making it reliable in imbalanced scenarios. By using the F1 score, one can get a more holistic view of a model's effectiveness in classifying imbalanced datasets accurately.
What does AUC-ROC stand for in evaluation metrics?;Area Under the Receiver Operating Characteristic Curve;Accuracy Under the Receiver Operating Characteristic Curve;Absolute Uncertainty of the Receiver Operating Characteristic Curve;Area Under the Receiver Operating Characteristic Curve;Average Utility of the Receiver Operating Characteristic Curve;expert;AUC-ROC stands for Area Under the Receiver Operating Characteristic Curve. This metric is used to evaluate the performance of classification models. The ROC curve is a graphical representation showing the trade-off between the true positive rate and the false positive rate across different threshold values. The AUC-ROC score indicates how well a model distinguishes between classes, with a score closer to 1 suggesting better performance. '\n\nIn simpler terms, the AUC-ROC score summarizes the model's ability to correctly classify instances into relevant and non-relevant classes, making it a popular metric in binary classification tasks. Higher AUC-ROC values signify better model performance, making it a crucial evaluation metric for various machine learning algorithms.
When should you use unsupervised learning algorithms instead of supervised learning algorithms?;When there are no labeled training examples available;When the dataset is imbalanced;When there are no labeled training examples available;When the target variable is categorical;When the dataset is small;expert;You should use unsupervised learning algorithms over supervised learning algorithms when there are no labeled training examples available. Unsupervised learning is used for finding hidden patterns and relationships in data without any predefined labels. It is particularly useful in scenarios where the data is unstructured or where labeling the data would be time-consuming or infeasible.\n\nBy using unsupervised learning, you allow the algorithm to discover patterns and groupings on its own, making it suitable for tasks like clustering, anomaly detection, and dimensionality reduction. This approach can be beneficial when you want to gain insights from a dataset without prior knowledge or when you want to explore the underlying structure of the data before applying more advanced techniques.
What is the term used to describe the phenomenon where a model performs exceptionally well on the training data but fails to generalize on unseen data?;Overfitting;Variance;Underfitting;Bias;Overfitting;expert;"Overfitting is the term used to describe the phenomenon where a model performs exceptionally well on the training data but fails to generalize on unseen data. This occurs when a model is too complex, capturing noise in the training data instead of the underlying patterns. Essentially, the model ""memorizes"" the training data rather than learning the true relationships.\n\nTo prevent overfitting, techniques such as cross-validation, regularization, and early stopping can be employed. These strategies help to ensure that the model generalizes well to new, unseen data by finding the right balance between fitting the training data accurately and not overfitting.'"
Which performance metric is commonly used for evaluating classification models when there is a significant class imbalance?;Area Under the ROC Curve (AUCRO;Mean Squared Error (MSE);F1 Score;Accuracy;Area Under the ROC Curve (AUCRO;expert;The Area Under the ROC Curve (AUCROC) is commonly used for evaluating classification models with significant class imbalance by providing a comprehensive assessment of the model's ability to distinguish between the classes. AUCROC measures the entire two-dimensional area under the Receiver Operating Characteristic (ROC) curve, which plots the true positive rate against the false positive rate at various classification thresholds.\n\nA higher AUCROC value (closer to 1) indicates a better-performing model, as it signifies that the model has a higher true positive rate and lower false positive rate across different thresholds. This makes AUCROC a robust performance metric for imbalanced datasets, as it does not consider a fixed decision threshold and instead evaluates the model's effectiveness across all possible thresholds.'
When would you use L1 regularization over L2 regularization?;When you want to encourage sparsity in the feature weights;When you have a large amount of data;When you want to reduce the model's complexity;When you want to encourage sparsity in the feature weights;When you want to prevent overfitting;expert;When you want to encourage sparsity in the feature weights, you would use L1 regularization over L2 regularization. L1 regularization imposes a penalty on the absolute sum of the weights, leading some weights to be exactly zero.\nIn contrast, L2 regularization penalizes the squared sum of the weights, often resulting in small weights distributed across all features. By promoting sparsity, L1 regularization helps in feature selection and simplifying the model without compromising predictive performance.
What is the purpose of ensemble learning in machine learning models?;Combining multiple models to improve prediction accuracy;Combining multiple models to improve prediction accuracy;Reducing the misclassification rate by adjusting decision thresholds;Regularizing the model to prevent overfitting;Transforming the features into a more suitable space for classification;expert;Ensemble learning in machine learning models involves combining multiple individual models to enhance prediction accuracy. This approach leverages the diversity and collective wisdom of multiple models to produce more robust and accurate predictions than any single model can achieve on its own. By aggregating the predictions from various models or algorithms, ensemble learning can help mitigate biases and errors inherent in individual models, leading to more reliable and generalizable results.\n\nEnsemble methods such as bagging, boosting, and stacking are commonly used in machine learning to create a diverse set of models that collectively outperform any individual model. These techniques can be particularly effective when the base models have different strengths and weaknesses, as the ensemble can capitalize on the strengths of each individual model to make more accurate predictions. Overall, the purpose of ensemble learning is to improve the overall predictive performance of machine learning models by combining the predictive power of multiple models and reducing the risk of overfitting or underfitting.
What is the purpose of statistical hypothesis testing in data analysis?;To determine if the observed data is a result of random chance;To determine if the observed data is a result of random chance;To visualize data patterns;To optimize machine learning models;To preprocess and clean data;expert;Statistical hypothesis testing serves as a crucial tool in data analysis by allowing us to assess whether observed data is likely due to chance or if there is a significant effect present. It provides a framework to make inferences about populations based on sample data, helping us draw conclusions and support decision-making processes. By setting up null and alternative hypotheses and conducting hypothesis tests, we quantify the uncertainty in our data and evaluate the significance of relationships or effects observed.\n\nIn essence, hypothesis testing allows data scientists to test assumptions, validate theories, and support or refute claims made about the data. It aids in interpreting results, making informed decisions, and drawing reliable conclusions from the data at hand.'
What role does feature importance play in machine learning?;It helps identify the most influential features for prediction;It determines the optimal value of hyperparameters;It measures the accuracy of a model;It quantifies the strength of correlation between variables;It helps identify the most influential features for prediction;expert;Feature importance is a crucial concept in machine learning as it helps in determining which features have the most significant impact on the predictive model's output. By understanding feature importance, data scientists can focus on the most influential features, thereby improving the model's performance and interpretability. This insight also aids in feature selection and dimensionality reduction, leading to more efficient and accurate machine learning models.\n\nIn essence, feature importance highlights the relevance of each feature in making predictions, allowing for more informed decisions on feature engineering and model tuning. It serves as a valuable tool in understanding the underlying relationships within the data and guiding the feature selection process to enhance the overall predictive capabilities of machine learning algorithms.
In machine learning, what is the role of hyperparameters?;They are parameters set before training the model that affect its performance;They are automatically learned by the model during training;They represent the target variable in a supervised learning problem;They determine the number of hidden layers in a neural network;They are parameters set before training the model that affect its performance;expert;In machine learning, hyperparameters play a crucial role in the performance of a model. These parameters are set before the training process and impact how the model learns from the data. By tuning hyperparameters, such as learning rate or regularization strength, model performance can be optimized and fine-tuned to achieve the best results.'\n\nHyperparameters essentially act as knobs that the data scientist can adjust to influence the behavior of the model. Finding the optimal values for hyperparameters is an essential part of the machine learning process, as it directly affects the model's ability to generalize well to new, unseen data.''
Which algorithm is used for sequential data analysis, specifically in natural language processing tasks?;Recurrent neural Networks (RNN);Decision Trees;Recurrent neural Networks (RNN);Support Vector Machines (SVM);Kmeans clustering;expert;Recurrent Neural Networks (RNN) are the primary algorithm used for sequential data analysis, especially in natural language processing tasks. RNNs are designed to handle sequences of data by maintaining a memory of past inputs through recurrent connections in the network. This memory capability allows RNNs to capture long-term dependencies in sequential data, making them well-suited for tasks like language modeling, machine translation, and speech recognition.\n\nRNNs process input data step by step, updating their internal state at each time step based on the current input and previous state. This recurrent structure enables RNNs to model complex sequential patterns and context, making them versatile for various NLP applications.
What is feature scaling in machine learning?;Normalizing the numerical features to a specific range;Normalizing the numerical features to a specific range;Dropping irrelevant features from the dataset;Encoding the target variable for classification tasks;Converting categorical features into numerical representations;expert;Feature scaling in machine learning refers to the process of standardizing the range of independent variables or features of data to ensure that each feature contributes equally to the analysis. Normalizing numerical features involves transforming the data to a specific range, typically between 0 and 1 or -1 and 1, to prevent certain features from dominating the model due to their larger scales. By scaling features, the algorithm can perform better as it improves the convergence speed and accuracy of the model by giving equal importance to all features.\n\nThis process is particularly important for algorithms like support vector machines, k-nearest neighbors, and neural networks, as they are sensitive to the scale of the input features. Feature scaling helps these models produce more reliable and accurate predictions by eliminating biases that may arise from features with different scales.
What is an eigenvalue in linear algebra?;the scalar representing the factor by which an eigenvector is stretched or compressed;the scalar representing the factor by which an eigenvector is stretched or compressed;the average value of all elements in a matrix;the determinant of a matrix;the sum of all elements in a matrix;expert;An eigenvalue in linear algebra is a scalar value that signifies how an eigenvector is scaled or transformed when a linear transformation is applied to it. It represents the magnitude by which the eigenvector is stretched or compressed in a given transformation. Eigenvalues play a crucial role in various mathematical applications, including determining stability in systems, analyzing data patterns, and solving differential equations.'\n\nEigenvalues are essential in understanding the behavior of linear transformations and matrices. They provide insight into how the transformation affects the direction of the corresponding eigenvectors and whether the underlying system is stable or changes significantly under transformation. The concept of eigenvalues is fundamental in data analysis, signal processing, quantum mechanics, and other fields where matrix operations are prevalent.
Which data visualization technique is best suited for representing hierarchical or interconnected data?;Network graph;Bar chart;Line plot;Scatter plot;Network graph;expert;A network graph is the best data visualization technique for representing hierarchical or interconnected data. This technique showcases relationships among various entities using nodes and links, making it ideal for illustrating connections, dependencies, and structures within complex datasets. Network graphs are particularly effective in displaying systems like social networks, organizational hierarchies, or network infrastructure.\n'By visually mapping relationships and interconnections, network graphs provide valuable insights into the underlying structure of the data, enabling easier analysis and understanding of intricate patterns and dependencies. The use of nodes and links in a network graph allows for a clear and intuitive representation of how different entities within a system are connected, aiding in communication and decision-making processes.
Which technique is recommended for dealing with imbalanced datasets?;SMOTE (Synthetic Minority Oversampling Technique);SMOTE (Synthetic Minority Oversampling Technique);Gradient Boosting;Ridge Regression;Principal Component Analysis;expert;SMOTE (Synthetic Minority Oversampling Technique) is a widely recommended technique for addressing imbalanced datasets in machine learning. It works by generating synthetic examples in the minority class by interpolating between existing minority class instances. This helps to balance the class distribution and prevent models from being biased towards the majority class.\n\nBy oversampling the minority class with synthetic examples, SMOTE helps in improving the performance of models on imbalanced datasets. It is particularly beneficial for classification tasks where the class distribution is highly skewed, enhancing the model's ability to learn patterns from the minority class effectively.
In which scenario would you use gradient boosting algorithms like XGBoost or LightGBM?;When there is a large amount of highdimensional data;When interpretability of the model is a priority;When the dataset has a class imbalance problem;When the dataset contains categorical features;When there is a large amount of highdimensional data;expert;Gradient boosting algorithms like XGBoost or LightGBM are particularly effective in scenarios where there is a large amount of high-dimensional data. These algorithms excel in handling complex relationships and interactions within the data, making them ideal for tasks such as regression, classification, and ranking in predictive modeling. By iteratively building multiple weak learners in a sequential manner, gradient boosting can improve the model's predictive performance and accuracy by reducing bias and variance simultaneously.\n'Additionally, gradient boosting algorithms are robust to outliers due to their nature of building trees sequentially, whereby subsequent trees correct errors made by previous ones. This makes them suitable for a wide range of applications in areas such as finance, healthcare, marketing, and more, where accurate predictions are crucial.
What is an appropriate evaluation metric for regression tasks?;Mean Absolute Error (MAE);Precision;Area Under Curve (AU;F1 Score;Mean Absolute Error (MAE);expert;Mean Absolute Error (MAE) is a common and suitable evaluation metric for regression tasks. It calculates the absolute differences between predicted and actual values and averages them to provide a measure of model performance. MAE is robust to outliers since it does not heavily penalize large errors, making it a reliable metric for assessing the accuracy of regression models.'\n\nWhen dealing with regression tasks, the goal is to minimize prediction errors, and MAE provides a straightforward and interpretable measure of these errors by capturing the average magnitude of differences between predicted and actual values. It is easy to understand and interpret, making it a preferred choice for evaluating regression models in various domains.''
What is the objective function of linear regression?;minimize the sum of Squared errors;minimize the Absolute difference;maximize the likelihood;Maximize the Rsquared value;minimize the sum of Squared errors;expert;In linear regression, the objective function is to minimize the sum of squared errors. This means that the goal is to find the line that best fits the data points by minimizing the difference between the actual values and the predicted values obtained from the linear model equation. By squaring the errors and summing them up, the objective function penalizes larger errors more than smaller ones, leading to a well-fitted line that captures the overall trend of the data efficiently.\n\nThis objective function is essential in determining the coefficients of the linear equation that defines the relationship between the independent and dependent variables. Minimizing the sum of squared errors results in a model that represents the data accurately and allows for predictions to be made with minimal error. Overall, the objective function of linear regression aims to optimize the model's performance by reducing the discrepancies between the observed and predicted values.
Which statistical distribution is commonly used to model rare events or occurrences?;Poisson distribution;Exponential distribution;Normal distribution;Poisson distribution;Binomial distribution;expert;The Poisson distribution is commonly used to model rare events or occurrences in statistics. It is a discrete probability distribution that represents the number of events that occur in a fixed interval of time or space, given the average rate at which events happen. The distribution is suitable when the events are independent of each other and occur at a constant average rate.\n\nThe Poisson distribution is particularly useful for predicting the likelihood of rare events, such as equipment failures, customer arrivals, or natural disasters. It is characterized by a single parameter, lambda (λ), which represents the average rate of event occurrences within the specified interval. By understanding and applying the Poisson distribution, researchers and analysts can make informed decisions and predictions regarding the occurrence of rare events in various fields.
Which algorithm is characterized as an unsupervised learning technique for dimensionality reduction?;Principal Component Analysis (PC;Random Forest;Principal Component Analysis (PC;Support Vector Machines (SVM);kMeans clustering;expert;Principal Component Analysis (PCA) is a popular unsupervised learning algorithm for dimensionality reduction. It works by transforming the original data into a new coordinate system, where the dimensions are ranked based on the amount of variance they capture. By retaining the dimensions with the highest variance, PCA reduces the dataset's overall dimensionality while preserving the most important information. This process enables simpler visualization and analysis of the data and can improve the performance of machine learning models by focusing on the most relevant features.\n\nPCA is widely used in various fields, including image and signal processing, bioinformatics, and finance. Its ability to uncover underlying patterns and relationships in data makes it a valuable tool for exploratory data analysis and preprocessing tasks. Additionally, PCA can be used to identify redundant or irrelevant features, improve algorithm efficiency, and enhance model interpretability.
Which method is used to evaluate the performance of a classification model on imbalanced data?;Area Under the ROC Curve (AUCRO;Mean Absolute Error (MAE);F1 score;Area Under the ROC Curve (AUCRO;Accuracy;expert;To evaluate the performance of a classification model on imbalanced data, the Area Under the ROC Curve (AUCROC) method is commonly used. AUCROC measures the ability of the model to distinguish between the classes, specifically true positives and false positives, across different thresholds. This metric is robust for imbalanced datasets because it considers the trade-off between sensitivity and specificity, offering a more comprehensive evaluation compared to accuracy.\n\nBy calculating the AUCROC, we can assess how well the model ranks the positive instances compared to the negative instances, regardless of class distribution imbalance. A higher AUCROC value closer to 1 indicates better model performance in handling imbalanced data by minimizing misclassifications and maximizing true positive rates. It provides a more nuanced understanding of the classifier's effectiveness in various scenarios, making it a valuable tool for evaluating imbalanced classification models.
How does gradient descent work in optimizing a machine learning model?;Iteratively updating model parameters by minimizing the cost function gradients;Randomly searching the hyperparameter space for the best combination;Iteratively updating model parameters by minimizing the cost function gradients;Dividing the data into training, validation, and testing sets;Applying regularization techniques to prevent overfitting;expert;Gradient descent is a fundamental optimization algorithm in machine learning that iteratively adjusts model parameters by moving in the direction of steepest descent of the cost function. The cost function measures how well the model performs on the training data, and the gradients indicate the direction of the steepest increase in the cost function.\n\nBy minimizing the cost function gradients through iterative updates, gradient descent helps the model converge towards the optimal set of parameters that minimize prediction errors. This process continues until the algorithm reaches a point where further adjustments no longer significantly reduce the cost function, indicating that the model has reached a satisfactory level of performance.
Which statistical test is most appropriate for comparing the means of two independent groups?;Independent ttest;MannWhitney U test;ANOVA;Independent ttest;Chisquare test;expert;The independent t-test is the most suitable statistical test for comparing the means of two independent groups. It evaluates whether there is a significant difference between the means of two groups based on their scores on a continuous dependent variable. The independent t-test assumes that the data within each group are normally distributed and that the variances of the two groups are equal.\n\nThis test is widely used in research to analyze the impact of an intervention or treatment by comparing the mean outcomes between a control group and an experimental group. By conducting an independent t-test, researchers can determine if any observed differences in means are statistically significant, providing valuable insights into the effectiveness of the intervention or treatment.'
When working with time series data, which forecasting model is known for its ability to handle trends and seasonality?;ARIMA (AutoRegressive Integrated Moving Average);ARIMA (AutoRegressive Integrated Moving Average);Logistic regression;KMeans clustering;Principal Component Analysis;expert;In the field of time series data analysis, the ARIMA (AutoRegressive Integrated Moving Average) model is well-known for its capability to effectively address trends and seasonality in the data. ARIMA combines autoregressive, differencing, and moving average components to capture complex patterns present in time series data. Autoregressive terms account for past values, differencing handles trends, and moving average terms capture noise and random fluctuations. This combination allows ARIMA to model and forecast data points with both trend and seasonal patterns efficiently.\n\nOverall, ARIMA is a popular choice for forecasting in time series analysis due to its flexibility and adaptability in handling various patterns like trends and seasonality. By taking into account historical data and incorporating components to address different aspects of the data, ARIMA can provide accurate predictions for future time points, making it a valuable tool for time series forecasting applications.'
Which algorithm is suitable for handling high dimensional data with a large number of features?;Random Forest;Knearest neighbors;Random Forest;Linear Regression;Logistic Regression;expert;Random Forest is a versatile algorithm suitable for handling high-dimensional data with a large number of features. It works well with a mix of numerical and categorical features, and it can handle missing values and maintain accuracy with noisy data. Random Forest builds multiple decision trees and combines their predictions, making it robust against overfitting, which is common in high-dimensional spaces.\n'\nAdditionally, Random Forest provides feature importance scores, helping to identify the most relevant features for prediction. It is known for its scalability and ability to handle thousands of input variables efficiently, making it a popular choice for complex data analysis tasks in various domains.
Which of the following algorithms is commonly used for anomaly detection in data science?;Isolation Forest;Isolation Forest;Support Vector Machine;KMeans Clustering;Linear Regression;expert;Isolation Forest is a popular algorithm for anomaly detection in data science. It works by isolating anomalies in the dataset by randomly partitioning the data into subsets. Anomalies are identified as instances that require fewer partitions to isolate, as they are different from the majority of the data points. This algorithm is efficient and effective for detecting outliers in high-dimensional datasets.\n\nIsolation Forest is preferred for anomaly detection due to its ability to quickly identify outliers without being influenced by the normal data distribution. By isolating anomalies through random partitions, it provides a method for detecting unusual data points that deviate significantly from the rest of the dataset, making it a valuable tool for various applications in data science.
What is the role of gradient descent in training machine learning models?;To optimize the model's parameters iteratively;None of the above;To optimize the model's parameters iteratively;To preprocess the data before training;To evaluate the model's performance;expert;Gradient descent is a key optimization algorithm used in training machine learning models. It aims to minimize the error or loss function by iteratively adjusting the model's parameters. By calculating the gradient of the loss function with respect to each parameter, gradient descent helps in determining the direction and step size to take in updating the parameters towards the optimal values that minimize the loss.\n\nThe iterative nature of gradient descent allows the model to learn from the data and make continuous improvements until convergence is reached. This process of updating the parameters based on the gradient of the loss function enables machine learning models to find the optimal solutions for various tasks such as regression, classification, and neural network training.
What are the advantages of using ensemble methods in machine learning?;Improved predictive performance and robustness by combining multiple models;Reduced training time and memory requirements;Improved predictive performance and robustness by combining multiple models;Ability to handle missing values in the dataset;Simplicity and interpretability of the final model;expert;Ensemble methods in machine learning offer several advantages. By combining multiple models, ensemble methods can significantly improve predictive performance and robustness. This is achieved by leveraging the strengths of different individual models and reducing the impact of their weaknesses through aggregation. Ensemble methods also help in capturing complex patterns in the data that may not be detected by a single model, leading to more accurate predictions.\n\nFurthermore, ensemble methods provide a framework for decreasing overfitting and enhancing generalization capabilities. They can mitigate the risks associated with individual model errors and offer more reliable insights into the underlying relationships within the data. Overall, leveraging ensemble methods in machine learning can lead to more accurate and stable predictive models.
What is the Central Limit Theorem in statistics?;It states that for large enough sample sizes, the sampling distribution of the sample mean will be approximately normally distributed;It states that outliers have a significant impact on the shape of the distribution;It states that for large enough sample sizes, the sampling distribution of the sample mean will be approximately normally distributed;It states that the sample mean will always be equal to the population mean;It states that the standard deviation of a sample will always be equal to the population standard deviation;expert;The Central Limit Theorem in statistics states that for large enough sample sizes, the sampling distribution of the sample mean will be approximately normally distributed. This means that even if the original data is not normally distributed, the distribution of the sample mean will tend towards a normal distribution as the sample size increases. \n\nThis concept is crucial because it allows us to make inferences about a population based on sample data. It also forms the foundation for many statistical techniques and hypothesis testing, as it provides a mathematical explanation for why the normal distribution is so commonly used in statistical analyses.
Which evaluation metric is commonly used for ranking tasks in information retrieval?;Normalized Discounted Cumulative Gain (NDCG);F1 Score;Mean Absolute Error (MAE);Normalized Discounted Cumulative Gain (NDCG);Area Under the Receiver Operating Characteristic Curve (AURO;expert;Normalized Discounted Cumulative Gain (NDCG) is a widely used evaluation metric for ranking tasks in information retrieval. It measures the quality of a ranked list by assigning higher scores to relevant items that appear higher in the list. NDCG takes into consideration not just the relevance of the retrieved items but also their position in the ranking.\n\nNDCG is particularly useful in scenarios where the order of search results matters, such as search engine result pages or recommendation systems. By calculating NDCG, one can assess the effectiveness of a ranking algorithm and make improvements to enhance the user experience in finding relevant information.
How does L1 regularization differ from L2 regularization?;L1 regularization introduces sparsity in the model, while L2 regularization encourages small weights;L1 regularization introduces sparsity in the model, while L2 regularization encourages small weights;L1 regularization penalizes the squared magnitude of coefficients, while L2 regularization penalizes the absolute magnitude;L1 regularization is computationally more efficient than L2 regularization;L1 regularization is better suited for highdimensional datasets, while L2 regularization is better suited for small datasets;expert;L1 regularization, also known as Lasso regression, introduces sparsity in the model by forcing some of the coefficient estimates to be exactly zero. This helps in feature selection and leads to simpler and more interpretable models. In contrast, L2 regularization, commonly known as Ridge regression, controls the size of the coefficients by adding a penalty term proportional to the square of the magnitude of the coefficients. This encourages small weights but does not force them to be exactly zero.\n\nOverall, L1 regularization with its ability to shrink coefficients to zero is more suitable for feature selection as it can eliminate irrelevant features from the model. On the other hand, L2 regularization helps in preventing overfitting by penalizing large coefficients, resulting in more stable and generalized models.
"What does the term ""gradient descent"" refer to in machine learning?";An optimization algorithm used to minimize the loss function;An optimization algorithm used to minimize the loss function;None of the above;A feature engineering technique to preprocess data;A model evaluation metric for regression tasks;expert;Gradient descent is a fundamental optimization algorithm in machine learning used to minimize the loss function. It works by iteratively adjusting the parameters of a model in the direction that reduces the error gradient the most, eventually reaching the optimal values for the parameters. By calculating the gradient of the loss function with respect to the model's parameters, gradient descent helps in updating the parameters in a way that improves the model's performance and reduces prediction errors.\n\nThe key idea behind gradient descent is to move in small steps towards the minimum of the loss function by following the negative gradient. This iterative process continues until convergence, where the algorithm finds the local or global minimum, depending on the problem. Gradient descent plays a crucial role in training machine learning models by efficiently adjusting the model parameters to optimize performance and enhance predictive accuracy.' 
Which algorithm is commonly used for unsupervised learning in clustering tasks?;Kmeans;Decision Trees;Random Forests;Kmeans;Support Vector Machines (SVM);expert;KMeans is a popular algorithm used for unsupervised learning in clustering tasks. It aims to group similar data points into clusters based on their features. The algorithm initializes cluster centers randomly and iteratively assigns data points to the nearest cluster center, followed by updating the cluster centers based on the mean of the assigned data points. This process is repeated until convergence is achieved, resulting in distinct clusters of data points based on their similarities.\n\nThis iterative process makes KMeans scalable and efficient for large datasets. However, the algorithm's performance can be impacted by the number of clusters chosen and the initial placement of cluster centers, requiring careful consideration to achieve optimal results in clustering tasks.'
What is the bias-variance tradeoff?;The tradeoff between the level of bias and variance in a machine learning model;The tradeoff between the number of features and the complexity of the model;The tradeoff between the training accuracy and testing accuracy of a model;None of the above;The tradeoff between the level of bias and variance in a machine learning model;expert;The bias-variance tradeoff refers to the balance that must be achieved between the two sources of error in a machine learning model. Bias is the error introduced by approximating a real-life problem with a simplified model, while variance is the error from model sensitivity to fluctuations in the training data. High bias can lead to underfitting, where the model is too simplistic and fails to capture the underlying patterns in the data, while high variance can result in overfitting, where the model performs well on the training data but fails to generalize to new, unseen data.\n\nAchieving the right balance between bias and variance is crucial for building models that can accurately predict outcomes. It involves adjusting the complexity of the model and the amount of training data to minimize both bias and variance, ultimately leading to better performance and generalization on unseen data. Regularization techniques, cross-validation, and ensemble methods are commonly used to manage the bias-variance tradeoff in machine learning models.
What is the purpose of the ReLU activation function in neural networks?;It introduces nonlinearity into the network;It helps prevent overfitting in the model;It speeds up the convergence of the network during training;It introduces nonlinearity into the network;It scales the input data to a similar range;expert;The purpose of the Rectified Linear Unit (ReLU) activation function in neural networks is to introduce nonlinearity into the network. Nonlinearity allows neural networks to model complex relationships and patterns in data more effectively than linear models. ReLU helps the network learn and adapt to the underlying patterns by setting negative input values to zero, thereby allowing neurons to activate only for positive values. This ability to introduce nonlinearity is crucial for improving the network's performance in tasks like classification and regression, making it a popular choice in deep learning architectures today.\n\nOverall, the ReLU activation function plays a key role in enhancing the network's ability to capture intricate features and relationships within the data, ultimately leading to more accurate predictions and improved model performance in various machine learning tasks.
What is the purpose of the L1 regularization technique in machine learning?;Feature selection and sparsity;Feature selection and sparsity;Reducing model complexity;Minimizing prediction errors;Handling class imbalance;expert;L1 regularization in machine learning involves adding a penalty term to the loss function based on the absolute values of the model's coefficients. The main purpose of L1 regularization is to promote feature selection and sparsity in the model. By introducing this penalty, L1 regularization encourages the model to assign zero weights to less important features, effectively selecting only the most relevant ones for making predictions. This helps in simplifying the model and improving its generalization to unseen data by reducing overfitting.\n\nIn essence, L1 regularization aids in creating simpler and more interpretable models by eliminating redundant features and emphasizing the importance of the most informative ones. This technique is commonly used when dealing with high-dimensional datasets or when the goal is to identify the key variables that contribute significantly to the predictions, thus enhancing model performance and robustness.
What is the difference between bagging and boosting in ensemble methods?;Bagging combines multiple weak models with bootstrapping, while boosting combines multiple weak models sequentially;Bagging reduces the variance of the model, while boosting reduces the bias of the model;Bagging combines multiple weak models with bootstrapping, while boosting combines multiple weak models sequentially;Bagging combines multiple weak models sequentially, while boosting combines multiple weak models with bootstrapping;Bagging reduces the bias of the model, while boosting reduces the variance of the model;expert;Bagging, short for bootstrap aggregating, leverages bootstrapping to train multiple weak models independently and combines their predictions through averaging or voting. This process helps reduce variance and prevent overfitting by introducing diversity in the ensemble. In contrast, boosting builds multiple weak models sequentially, where each subsequent model focuses on correcting errors made by the previous ones. This iterative process assigns higher importance to misclassified data points, effectively improving the overall model performance over iterations.\n\nIn summary, bagging emphasizes parallel model training with equal weights on each base model, aiming to achieve ensemble prediction through diversity and averaging. Boosting, on the other hand, prioritizes sequentially training models where each model learns from its predecessor's mistakes, continuously improving the ensemble's predictive power.
Which performance metric should be used to evaluate imbalanced classification problems?;Area Under the ROC Curve (AUCRO;Accuracy;Mean Squared Error (MSE);Area Under the ROC Curve (AUCRO;D1 Score;expert;In evaluating imbalanced classification problems, the Area Under the ROC Curve (AUCROC) is commonly recommended as a key performance metric. AUCROC considers the trade-off between the true positive rate and the false positive rate, providing a comprehensive assessment of the model's ability to distinguish between classes. It ranges from 0 to 1, where a higher AUCROC value indicates better predictive performance.\n\nAUCROC is particularly suitable for imbalanced datasets as it is not affected by class distribution. It is robust against skewed class proportions and provides a reliable measure of model performance that is not influenced by the prevalence of the minority class. By focusing on model discrimination across all thresholds, AUCROC offers a more nuanced evaluation compared to other metrics like accuracy or precision.
Which technique is used to reduce the dimensionality of a dataset by creating new variables that are linear combinations of the original variables?;Principal Component Analysis (PC;Principal Component Analysis (PC;Support Vector Machines (SVM);Random Forest;Decision Tree;expert;Principal Component Analysis (PCA) is the technique used to reduce the dimensionality of a dataset by creating new variables that are linear combinations of the original variables. PCA works by finding the directions (principal components) in which the data varies the most. It then projects the data onto these directions, effectively creating new features that capture the most important information in the data while discarding less informative variation.\n\nBy transforming the original variables into a new set of uncorrelated variables (principal components), PCA helps in simplifying the complexity of the data while retaining as much of its variation as possible. This reduction in dimensionality is particularly useful in applications where there are large numbers of correlated features or to visualize high-dimensional data in a lower-dimensional space.