Questions;Correct Answer;1;2;3;4;Difficulty;Comment
Which machine learning algorithm is recommended for a classification problem with a large number of features and a small dataset?;Random Forest;Random Forest;Logistic Regression;Support Vector Machines (SVM);KNearest Neighbors (KNN);advanced;Random Forest is a versatile machine learning algorithm suitable for classification tasks with a large number of features and a small dataset. It works well in handling high-dimensional data and is robust against overfitting, which tends to occur when the number of features is much greater than the number of samples. Random Forest builds multiple decision trees and combines their outputs to make predictions, making it effective in capturing complex relationships within the data.\n\nThe algorithm is capable of handling missing values and maintains good performance even with noisy data. By aggregating the predictions of individual trees, Random Forest provides a more accurate and stable outcome compared to a single decision tree. Additionally, it offers insights into feature importance, aiding in feature selection and understanding the impact of different variables on the classification task.
Which algorithm is commonly used for detecting patterns in sequential data?;Recurrent Neural Networks (RNN);Logistic Regression;Random Forests;Recurrent Neural Networks (RNN);Support Vector Machines (SVM);advanced;Recurrent Neural Networks (RNN) are commonly used for detecting patterns in sequential data due to their ability to retain memory and process input sequences of variable lengths. This neural network architecture is designed to handle sequential data by looping information back into the network, allowing it to learn dependencies between data points over time. RNNs are particularly effective in tasks such as natural language processing, speech recognition, time series analysis, and other sequential data modeling applications.\n\nTheir recurrent nature enables them to capture temporal dependencies and learn from past information to make predictions about future data points. Through the use of hidden states that store historical context, RNNs can efficiently analyze sequential patterns and generate relevant insights from the data.
What is the difference between type I and type II errors in hypothesis testing?;Type I error false positive, Type II error false negative;Type I error false positive, Type II error false negative;Type I error false negative, Type II error false positive;Type I error true positive, Type II error true negative;Type I error true negative, Type II error true positive;advanced;In hypothesis testing, a Type I error occurs when the null hypothesis is incorrectly rejected, leading to a false positive result. This means that the test incorrectly concludes there is a significant effect or relationship when there isn't one. On the other hand, a Type II error happens when the null hypothesis is not rejected when it is false, resulting in a false negative outcome. In this case, the test fails to detect a significant effect or relationship that actually exists.\n\nUnderstanding the distinction between Type I and Type II errors is crucial in statistical analysis as it helps in evaluating the reliability of research findings and making informed decisions based on the test results. Researchers need to carefully consider the potential consequences of each type of error and strive to strike a balance between minimizing both types of errors to ensure accurate interpretations of their study outcomes.
Which algorithm is a non-parametric regression algorithm?;Knearest neighbors (KNN);Support Vector Machines (SVM);Linear regression;Knearest neighbors (KNN);Random Forest;advanced;K-nearest neighbors (KNN) is a non-parametric regression algorithm used for making predictions based on similarity to other data points. It does not make any assumptions about the underlying data distribution, unlike parametric regression models such as linear regression. KNN works by finding the K most similar instances (neighbors) to a given data point and predicting the output based on the average of those neighbors' values.\n\nIn KNN, the model's complexity grows with the size of the training data, as it requires all training instances to make predictions. This makes KNN computationally expensive for large datasets but robust to noisy data. Overall, K-nearest neighbors is a flexible and intuitive algorithm well-suited for regression tasks where the relationship between inputs and outputs may not be easily captured by parametric models.
What is the purpose of the Expectation-Maximization (EM) algorithm?;To estimate the parameters of a statistical model with latent variables;To estimate the parameters of a statistical model with latent variables;To compute the gradient of a loss function in optimization problems;To perform clustering analysis on highdimensional data;To reduce the dimensionality of the features in a dataset;advanced;The Expectation-Maximization (EM) algorithm is used to estimate the parameters of a statistical model that involves latent variables. It is particularly useful in situations where some of the variables in the model cannot be observed directly, but they influence the data being analyzed. The EM algorithm iterates between two steps: the E-step, where the algorithm estimates the optimal values of the latent variables given the current parameter estimates, and the M-step, where it updates the model parameters based on the latent variable estimates obtained in the E-step.\n\nBy alternating between these two steps, the EM algorithm converges towards a solution that maximizes the likelihood of the observed data under the statistical model, even in the presence of unobserved latent variables. This iterative process helps in uncovering hidden patterns in the data and accurately estimating the parameters of the model, thus making it a valuable tool in various fields such as machine learning, clustering, and image and signal processing.
In unsupervised learning, which algorithm is commonly used for clustering?;Kmeans;Kmeans;Decision Tree;Naive Bayes;Random Forest;advanced;In unsupervised learning, the K-means algorithm is commonly used for clustering. This algorithm aims to partition data points into K clusters based on their similarities, with each cluster represented by its centroid. K-means works by iteratively assigning data points to the nearest centroid and updating the centroids to minimize the total within-cluster variance.''\n\nK-means is widely utilized for its simplicity, efficiency, and scalability, making it suitable for large datasets. By iteratively optimizing cluster assignments, K-means can identify distinct groups within the data without the need for labeled examples, making it a valuable tool for exploring patterns and structures in unlabeled datasets.
What is the main objective of an ensemble learning algorithm?;To combine multiple models for improved performance;To combine multiple models for improved performance;To reduce the dimensionality of the dataset;To remove outliers from the dataset;To identify the most important features in the dataset;advanced;The main objective of an ensemble learning algorithm is to combine predictions from multiple individual models to achieve better overall performance. By leveraging a group of diverse models, ensemble methods aim to reduce bias, variance, and overfitting, ultimately leading to more accurate and robust predictions. This approach is based on the principle that combining weak learners can create a strong learner that outperforms any individual model.\n\nEnsemble learning techniques such as bagging, boosting, and stacking are commonly used to harness the collective intelligence of multiple models and enhance predictive power. These methods offer a structured approach to blending the strengths of different models, resulting in improved generalization and predictive accuracy for a wide range of machine learning tasks.'
What does it mean when we say a machine learning model is overfitting?;The model has learned the noise in the training data too well and fails to generalize;The model is not learning anything from the training data;The model has learned the noise in the training data too well and fails to generalize;The model has too few parameters and cannot capture the complexity of the data;The model is biased towards certain classes in the training data;advanced;When we say a machine learning model is overfitting, it means that the model has learned the noise in the training data too well and fails to generalize. Essentially, the model is capturing the random fluctuations or outliers in the training dataset as if they are meaningful patterns, leading to poor performance on unseen data. This phenomenon can result in a high accuracy on the training set but low accuracy on new, unseen data, indicating the model's inability to generalize beyond the training examples.\n\nOverfitting can occur when a model is excessively complex or when the training dataset is too small, allowing the model to memorize the noise rather than learn the underlying patterns. To mitigate overfitting, techniques such as regularization, cross-validation, and using a larger and more diverse dataset can help create a more generalized model that performs well on unseen data. It is crucial to address overfitting to ensure the model's effectiveness and reliability in real-world applications.'
When dealing with imbalanced datasets, which evaluation metric is more appropriate to assess model performance?;Area Under the ROC Curve (AUCRO;Accuracy;Mean Absolute Error (MAE);Mean Squared Error (MSE);Area Under the ROC Curve (AUCRO;advanced;When dealing with imbalanced datasets, the Area Under the ROC Curve (AUCROC) is a more appropriate evaluation metric to assess model performance. AUCROC takes into account the trade-off between true positive rate and false positive rate across various thresholds, making it robust to class imbalance. It provides a single scalar value representing the overall performance of the model, regardless of the class distribution.\n\nUnlike accuracy or precision, AUCROC does not get biased by imbalanced class distribution, making it a reliable metric for evaluating the effectiveness of models on imbalanced datasets. A higher AUCROC value indicates better model performance in distinguishing between positive and negative classes, which is crucial when dealing with imbalanced datasets.
Which classification algorithm is based on the concept of finding the best split in every internal node?;Decision Trees;Decision Trees;Logistic Regression;Support Vector Machines;Naive Bayes;advanced;Decision Trees is a classification algorithm that works by recursively splitting the dataset based on the features to create a tree-like structure. At each internal node, the algorithm evaluates different splits and chooses the one that best separates the data into distinct classes. This process is repeated until the algorithm has created a tree that efficiently partitions the data.\n\nThe key concept behind Decision Trees is finding the optimal split at each internal node, which helps in making accurate predictions and understanding the relationships between features. By following a hierarchical structure of splits, Decision Trees can handle both numerical and categorical data, making them versatile for various classification tasks.'
When would you use L1 regularization in a machine learning model?;When you want to perform feature selection and have sparse coefficients;When you want to perform feature selection and have sparse coefficients;When you want to handle missing values in your dataset effectively;When you want to reduce overfitting and have smoother coefficients;When you want to scale and normalize your input features;advanced;L1 regularization is commonly used in machine learning when there is a need for feature selection and when sparse coefficients are desired. This regularization technique adds a penalty equivalent to the absolute value of the magnitude of coefficients, promoting sparsity by driving some coefficients to zero. By encouraging sparsity, L1 regularization helps in selecting the most relevant features while reducing overfitting.\n\n' \n\nUsing L1 regularization can aid in improving the model's interpretability by focusing on a subset of important features that have non-zero coefficients. This regularization technique is particularly beneficial when dealing with high-dimensional datasets where feature selection is crucial to enhance model performance and efficiency.
Which probability distribution is commonly used in Bayesian statistics?;Normal distribution;Poisson distribution;Normal distribution;Exponential distribution;Uniform distribution;advanced;The Normal distribution, also known as the Gaussian distribution, is frequently used in Bayesian statistics due to its mathematical properties and practical applicability. It is characterized by a bell-shaped curve with symmetric tails, making it ideal for modeling continuous random variables in various fields such as finance, economics, and natural sciences. In Bayesian analysis, the Normal distribution serves as a foundational element for modeling prior beliefs and updating them based on observed data through Bayes' theorem.\n\n' \n\nThe Normal distribution's flexibility and well-understood properties allow for efficient computation and interpretation of posterior distributions in Bayesian inference. Its widespread usage stems from its simplicity and the central limit theorem, which states that the distribution of many independent random variables tends towards a Normal distribution, making it a versatile choice for modeling real-world phenomena in a probabilistic framework.
What is the main difference between k-means clustering and hierarchical clustering algorithms?;Kmeans requires the number of clusters to be specified in advance, while hierarchical clustering does not;Kmeans is a deterministic algorithm, while hierarchical clustering is probabilistic in nature;Kmeans requires the number of clusters to be specified in advance, while hierarchical clustering does not;Hierarchical clustering can handle categorical variables, whereas kmeans can only handle numerical variables;Kmeans guarantees convergence to the global optimum, while hierarchical clustering may converge to a local optimum;advanced;The main difference between k-means clustering and hierarchical clustering algorithms lies in the requirement for specifying the number of clusters in advance. In k-means clustering, you need to define the number of clusters before running the algorithm, whereas hierarchical clustering does not have this requirement. \n\nK-means clustering partitions the data into a pre-defined number of non-overlapping clusters, whereas hierarchical clustering builds a tree of clusters by merging or splitting them based on their similarities, allowing for flexibility in determining the number of clusters during the analysis.
Which method is used to select the optimal number of clusters in a clustering algorithm?;Elbow method;Elbow method;Support Vector Machines;Principal Component Analysis;KNearest Neighbors;advanced;The elbow method is a common technique used to determine the optimal number of clusters in a clustering algorithm. It involves plotting the within-cluster sum of squares against the number of clusters and looking for a point on the plot that resembles an elbow shape. This point represents the optimal number of clusters where adding more clusters does not significantly improve the clustering performance.\n\nBy using the elbow method, data scientists can make informed decisions about the number of clusters to use in their analysis, leading to more accurate and meaningful clustering results. This technique helps prevent both underfitting with too few clusters and overfitting with too many clusters, ultimately enhancing the effectiveness of the clustering algorithm.''
Which algorithm is used to find frequent itemsets in transaction datasets?;Apriori;DBSCAN;Apriori;Random Forest;kmeans;advanced;The Apriori algorithm is commonly used to find frequent itemsets in transaction datasets. It follows the apriori principle, which states that any subset of a frequent itemset must also be a frequent itemset. This algorithm works by generating frequent itemsets based on a minimum support threshold, utilizing a candidate generation-and-test approach to efficiently identify frequent itemsets.\n\nApriori starts by identifying single items that meet the support threshold, then gradually extends to larger itemsets. It accomplishes this through iterations of join and prune steps, where candidate itemsets are generated and pruned based on their support levels. By employing this approach, the Apriori algorithm is effective in efficiently mining frequent itemsets in transaction datasets.
Which technique can be used to reduce the dimensionality of a dataset by transforming the original features into a new set of uncorrelated features?;Principal Component Analysis (PC;Principal Component Analysis (PC;KNearest Neighbors (KNN);Gradient Boosting;Random Forests;advanced;Principal Component Analysis (PCA) is a technique used to reduce the dimensionality of a dataset by transforming the original features into a new set of uncorrelated features. This method identifies the directions (principal components) of maximum variance in the data and projects the data onto these components, effectively capturing the most important information in fewer dimensions. By retaining only the principal components that explain the most variance in the data, PCA helps in reducing the complexity of the dataset while preserving as much information as possible.\n\nPCA is widely used in data preprocessing and visualization tasks, as it simplifies the dataset without losing critical information. It is commonly applied in various fields such as image processing, genetics, and finance to handle high-dimensional data and improve computational efficiency. By transforming the features into uncorrelated components, PCA facilitates easier interpretation and analysis of complex datasets, making it a valuable tool in data science and machine learning applications.
Which dimensionality reduction technique tries to find a new representation of the data that maximizes the variance?;Principal Component Analysis (PC;Principal Component Analysis (PC;tSNE;Linear Discriminant Analysis (LD;Factor Analysis;advanced;Principal Component Analysis (PCA) is a dimensionality reduction technique that aims to find a new representation of the data that maximizes the variance. PCA achieves this by transforming the original data into a new set of orthogonal axes, called principal components, where the first principal component captures the most variance in the data. Subsequent components capture decreasing amounts of variance, providing a way to reduce the dimensionality of the data while retaining the most important information.\n\nIn PCA, the principal components are calculated such that they are uncorrelated and ordered in terms of the amount of variance they explain. By selecting only a subset of these components that explain the majority of the variance, PCA can effectively reduce the dimensionality of the data while minimizing information loss. This technique is widely used in various fields such as image processing, finance, and genomics for tasks like data visualization, noise reduction, and feature extraction.
Which algorithm is suitable for handling high-dimensional data and can effectively capture complex relationships between features?;Kmeans clustering;Linear regression;Random forest;Principal Component Analysis (PC;Kmeans clustering;advanced;KMeans clustering is a suitable algorithm for handling high-dimensional data and capturing complex feature relationships. It is a popular unsupervised machine learning algorithm that partitions data into K clusters based on feature similarity. KMeans works well in high-dimensional spaces by efficiently grouping data points by minimizing intra-cluster variance.' \n\n'By iteratively updating cluster centroids and assigning data points to the nearest centroid, KMeans effectively identifies patterns and relationships within the data. It is particularly useful for exploring and understanding complex structures within datasets with numerous features.
How does gradient descent work to optimize a model's parameters?;By iteratively adjusting the parameter values to minimize the loss function;By calculating the average value of all parameters;By randomly selecting parameter values and evaluating their impact on the model;By iteratively adjusting the parameter values to minimize the loss function;By setting the parameters to their initial values and not adjusting them during training;advanced;Gradient descent is an iterative optimization algorithm used to find the optimal values of a model's parameters by minimizing the loss function. It starts by calculating the gradient of the loss function with respect to each parameter, indicating the direction of steepest descent. The algorithm then updates the parameter values in the opposite direction of the gradient, taking small steps to reach the minimum loss.\n\nThis iterative process continues until it converges to a point where further adjustments to the parameters do not significantly reduce the loss function. By following the gradient towards the minimum, gradient descent efficiently optimizes a model's parameters to improve its predictive accuracy and performance.'
What is end-to-end data science?;It refers to the complete data pipeline, from data acquisition to model deployment and maintenance;It is a term used interchangeably with machine learning;It refers to building models without considering the data pipeline;It refers to the complete data pipeline, from data acquisition to model deployment and maintenance;It focuses solely on data preprocessing and cleaning;advanced;End-to-end data science encapsulates the entire process of data analysis, from start to finish. It involves every step of the data pipeline, starting with acquiring raw data, then cleaning, transforming, and preparing it for analysis. Once the data is ready, the next stages involve building and training machine learning models, evaluating their performance, and deploying the successful model into production for real-world use. Additionally, end-to-end data science includes continuous monitoring and maintenance to ensure the model remains accurate and effective over time.' \n\n'By focusing on the entire lifecycle of the data science project, end-to-end data science emphasizes the importance of not only developing a model but also ensuring its practical application and sustainability. This comprehensive approach enables organizations to derive valuable insights from data and make informed decisions based on reliable and robust models.
Which algorithm is commonly used for regression tasks when dealing with non-linear relationships between variables?;Random Forest;Linear regression;Naive Bayes;Decision tree;Random Forest;advanced;Random Forest is a commonly used algorithm for regression tasks involving non-linear relationships between variables. It is an ensemble learning method that builds multiple decision trees during training and outputs the average prediction of individual trees. This algorithm is effective in capturing complex patterns in the data and handling high-dimensional datasets.\n\nRandom Forest operates by combining the predictions of multiple decision trees, thus overcoming the limitations of a single tree model and reducing overfitting. It is known for its robustness to noisy data, ease of use, and ability to provide feature importance rankings for interpretation.
Which method is suitable for handling imbalanced datasets in machine learning?;SMOTE (Synthetic Minority Oversampling Technique);Principal Component Analysis (PC;Feature scaling;Gradient Boosting;SMOTE (Synthetic Minority Oversampling Technique);advanced;SMOTE (Synthetic Minority Oversampling Technique) is a popular method for handling imbalanced datasets in machine learning. It works by generating synthetic samples from the minority class to balance out the class distribution. By creating artificial instances of the minority class, SMOTE helps prevent bias towards the majority class, leading to improved model performance.\n\nThis technique is effective in scenarios where there is a significant class imbalance, as it helps the model learn more about the minority class and make better predictions. SMOTE is widely used in various machine learning algorithms to address the challenges posed by imbalanced datasets.'
Which technique can be used to address overfitting in neural networks?;Dropout;Gradient Boosting;Support Vector Machines (SVM);Principal Component Analysis (PC;Dropout;advanced;Dropout is a technique commonly used to address overfitting in neural networks by randomly deactivating a percentage of neurons during training. This helps to prevent the network from becoming too reliant on specific neurons and features, resulting in a more generalized model that performs well on unseen data. By reducing the interdependencies between neurons, Dropout effectively regularizes the network and improves its ability to generalize to new examples.' \n\n' \n\nThis technique has been shown to improve the overall performance and robustness of neural networks, making them less prone to overfitting and capturing noise in the training data. Dropout is a simple yet powerful method that can be easily implemented in various neural network architectures to improve their generalization capabilities and achieve better results on unseen data.
In machine learning, which algorithm is commonly used for anomaly detection?;Gaussian Mixture Models;Gaussian Mixture Models;Support Vector Machines;Random Forests;Knearest neighbors;advanced;Gaussian Mixture Models are a popular choice for anomaly detection in machine learning. They model the data distribution as a mixture of multiple Gaussian distributions, allowing them to capture complex patterns and identify outliers effectively. By analyzing the probability density function of the data, GMMs can detect anomalies based on deviations from the normal distribution.\n\nThis algorithm is versatile and can handle various types of data, making it suitable for anomaly detection in diverse applications such as fraud detection, network security, and system monitoring. Its ability to capture the underlying structure of data through Gaussian components enables accurate identification of unusual instances that deviate significantly from the expected patterns.
Which algorithm is known for its ability to handle imbalanced datasets by adjusting class weights?;Gradient Boosting Classifier;Naive Bayes Classifier;Decision Tree Classifier;Gradient Boosting Classifier;KMeans Clustering;advanced;The Gradient Boosting Classifier algorithm is notable for its capability to address imbalanced datasets by adjusting class weights. In situations where there is a significant disparity in the number of instances between different classes, this algorithm assigns higher weights to the minority class to give it more importance during the training process. By boosting the performance of weaker classes, Gradient Boosting Classifier enhances the model's ability to make accurate predictions on imbalanced datasets.' \n\n'Gradient Boosting Classifier combines the strength of multiple weak learners to create a strong predictive model, making it particularly effective in handling imbalanced data. By iteratively optimizing the model based on the errors of previous iterations, this algorithm iterates and improves the classification performance, ultimately leading to robust and reliable predictions even in the presence of class imbalances.
What is the difference between random forest and gradient boosting?;Random forests build multiple decision trees, while gradient boosting builds trees sequentially;Random forests use gradient descent algorithm, while gradient boosting uses bagging;Random forests assign weights to the features, while gradient boosting assigns weights to the samples;Random forests build multiple decision trees, while gradient boosting builds trees sequentially;Random forests are primarily used for regression, while gradient boosting is used for classification;advanced;Random forests create multiple decision trees independently and combine their predictions through voting or averaging, aiming to achieve higher accuracy and handle overfitting. On the other hand, gradient boosting builds trees sequentially, where each subsequent tree corrects errors made by the previous ones. This iterative approach helps improve the model's predictive power by focusing on areas of improvement and reducing prediction errors.' \n\n'While both techniques are ensemble learning methods, random forests focus on parallel tree building for diversity, while gradient boosting emphasizes boosting weak learners by sequentially correcting errors for higher accuracy and precision.
What is the purpose of the gradient descent algorithm in training neural networks?;To find the optimal weights that minimize the loss function;To initialize the weights of the neural network;To find the optimal weights that minimize the loss function;To regularize the model to prevent overfitting;To normalize the input features;advanced;The purpose of the gradient descent algorithm in training neural networks is to iteratively adjust the weights to minimize the loss function. By calculating the gradient of the loss function with respect to the weights, the algorithm determines the direction in which the weights should be updated to reach the optimal values that result in minimal loss, effectively optimizing the model's performance. Through repeated iterations, the algorithm converges towards the set of weights that yield the lowest possible loss, enabling the neural network to make accurate predictions and improve its overall efficiency.'''''Gradient descent is a fundamental optimization technique that plays a crucial role in the training process of neural networks. It facilitates the model to learn and adapt by efficiently updating the weights based on the error calculated between the predicted output and the actual target values. By continuously adjusting the weights in the direction that reduces the loss function, gradient descent drives the network towards convergence, enabling it to make more accurate predictions and perform better on a wide range of tasks.'''''
When would you choose to use gradient boosting algorithms over random forests?;When you have a large dataset with limited computational resources;When interpretability of the model is more important than predictive performance;When you want to handle imbalanced classes in a classification problem;When you need to handle categorical features efficiently;When you have a large dataset with limited computational resources;advanced;Gradient boosting algorithms are preferred over random forests when dealing with large datasets and limited computational resources. This is because gradient boosting builds trees sequentially, focusing on the mistakes made by the previous trees, which leads to more accurate predictions with less need for many individual trees. It typically requires fewer trees to achieve high accuracy compared to random forests, making it more computationally efficient.\n\nUnlike random forests that build trees independently, gradient boosting iteratively corrects the errors of predecessor trees, resulting in better predictive performance. However, it's essential to keep in mind that gradient boosting can be more prone to overfitting, so parameter tuning and regularization techniques should be carefully considered to avoid this issue.
In which scenario would you use L1 regularization in linear regression?;When you want to reduce overfitting;When you want to increase the model's interpretability;When you have a large number of irrelevant features;When you have a small dataset;When you want to reduce overfitting;advanced;L1 regularization in linear regression is commonly used when you want to reduce overfitting. Overfitting occurs when the model learns the noise in the training data rather than the underlying pattern. By adding the L1 penalty term to the regression function, the model is encouraged to simplify and select only the most important features, thus preventing overfitting.\n\nThis regularization technique is particularly useful when dealing with high-dimensional data where many features might be irrelevant or have very small effects. By penalizing the absolute values of the regression coefficients, L1 regularization helps to shrink less important coefficients to zero, effectively performing feature selection and simplifying the model.'
In which scenario would you use gradient boosting?;When dealing with imbalanced datasets;When handling text data;When performing sentiment analysis;When working with highdimensional data;When dealing with imbalanced datasets;advanced;Gradient boosting is a powerful ensemble learning technique used for classification and regression tasks. It works well with imbalanced datasets by focusing on the areas where the model is underperforming, ultimately improving the model's predictive performance. By iteratively creating a sequence of weak learners, gradient boosting is able to reduce bias and variance, making it an ideal choice for handling imbalanced data scenarios.\n\nWith its ability to adapt and learn from mistakes, gradient boosting is particularly effective in situations where the dataset has unequal class distributions. It excels at capturing the complexities of imbalanced data and adjusting the model to provide more accurate predictions for the minority class. Using gradient boosting can help address challenges associated with imbalanced datasets, enhancing the overall performance and robustness of the predictive model.'
When dealing with imbalanced datasets in classification problems, which technique can be used to improve the performance of the model on the minority class?;Oversampling the minority class;Applying data normalization techniques;Undersampling the majority class;Using ensemble methods;Oversampling the minority class;advanced;Oversampling the minority class is a common technique used to address imbalanced datasets in classification problems. This method involves increasing the number of instances in the minority class to balance the class distribution. By creating synthetic duplicates or variations of minority class samples, the model can learn more effectively from these instances and improve its predictive performance on the underrepresented class.' \n\n' \n\nOversampling helps prevent the model from being biased towards the majority class and allows it to better recognize patterns and relationships within the minority class. This technique can lead to more accurate and reliable classification results, ultimately enhancing the overall performance of the model in handling imbalanced datasets.
"What does the term ""gradient"" refer to in gradient descent optimization?";The slope of the loss function at a particular point;The learning rate used in updating the model coefficients;The number of iterations required to reach convergence;The rate of convergence for the algorithm;The slope of the loss function at a particular point;advanced;"In the context of gradient descent optimization, the term ""gradient"" refers to the slope of the loss function at a specific point. It represents the rate at which the loss function is changing with respect to the parameters being optimized, indicating the direction of steepest descent towards the minimum of the function. By computing the gradient at each iteration, the algorithm adjusts the parameters in a way that minimizes the loss function, ultimately reaching the optimal solution.'\n\nUnderstanding the gradient is crucial in optimizing machine learning models as it guides the algorithm towards finding the optimal parameters efficiently. It serves as a compass, pointing towards the direction of the greatest decrease in the cost or error function, helping the algorithm take steps that lead to improved model performance."
What is the concept of multicollinearity in regression analysis?;When predictor variables are highly correlated with each other;When the residuals of the regression model do not follow a normal distribution;When outliers are present in the dataset;When the dependent variable is highly correlated with the independent variable;When predictor variables are highly correlated with each other;advanced;Multicollinearity in regression analysis refers to the situation where predictor variables are highly correlated with each other. This high correlation can cause issues such as unstable parameter estimates, difficulty in identifying the individual effects of predictors, and inflated standard errors. Multicollinearity can lead to unreliable model interpretations and predictions, making it crucial to detect and address during the modeling process. Proper techniques such as feature selection, regularization methods, or principal component analysis can help mitigate the effects of multicollinearity and improve the accuracy and reliability of regression models.' 'Ultimately, understanding and managing multicollinearity is essential for building robust regression models that accurately represent the relationships between predictors and the target variable.
Which method can be used to handle multicollinearity in regression analysis?;Principal Component Analysis (PC;Decision trees;Support Vector Machines (SVM);Principal Component Analysis (PC;Knearest neighbors (KNN);advanced;Principal Component Analysis (PCA) is a method commonly used to handle multicollinearity in regression analysis. Multicollinearity occurs when independent variables in a regression model are highly correlated, leading to unstable coefficient estimates. PCA helps mitigate multicollinearity by transforming the original variables into a smaller set of uncorrelated variables, known as principal components, which retain most of the variability in the data. These new components can then be used in the regression analysis instead of the original variables, thus reducing the impact of multicollinearity on the regression results.\n\n\n\nBy reducing the dimensionality of the data through PCA, the risk of overfitting and erroneous coefficient estimates is minimized. PCA also helps in simplifying the interpretation of the regression model by eliminating redundant information and focusing on the most important relationships between variables. Overall, PCA is an effective technique for managing multicollinearity in regression analysis, improving model performance and enhancing the reliability of statistical inferences.
How does the L1 regularization term affect model coefficients in linear regression?;It forces some of the coefficients to be exactly zero;It forces some of the coefficients to be exactly zero ;It encourages sparsity in the model;It has no impact on the model coefficients;It penalizes large coefficients more than small coefficients;advanced;In linear regression, the L1 regularization term, also known as Lasso regularization, penalizes the absolute values of the coefficients. By doing so, it introduces sparsity in the model by forcing some coefficients to be exactly zero. This feature selection property of L1 regularization helps in reducing the complexity of the model, focusing on the most important predictors, and potentially improving the model's interpretability and generalization ability.' \n\n'When the L1 regularization term is applied, it optimizes the model by shrinking less important coefficients to zero while allowing the most influential features to retain their importance in the prediction process. This regularization technique is useful in situations where feature selection is crucial, and it helps in producing simpler and more efficient models with improved predictive performance.
Which of the following evaluation metrics is commonly used for classification models to measure the balance between precision and recall?;F1 score;Accuracy;Rsquared coefficient;F1 score;Mean Squared Error;advanced;The F1 score is a commonly used evaluation metric for classification models that balances precision and recall. It is calculated by taking the harmonic mean of precision and recall, providing a single value that accounts for both metrics simultaneously. F1 score is especially useful when there is an uneven class distribution in the dataset, as it considers both false positives and false negatives.' \n\n'To compute the F1 score, you first calculate precision and recall from the confusion matrix of the model's predictions. By combining these two metrics into a single value, the F1 score helps in assessing the overall performance of a classification model in a balanced manner.
Which algorithm is often used for anomaly detection in unsupervised learning?;Isolation Forest;KNearest Neighbors;Isolation Forest;Support Vector Machines;Decision Tree;advanced;Isolation Forest is a popular algorithm for anomaly detection in unsupervised learning. It works by isolating anomalies in a dataset by randomly selecting a feature and then randomly selecting a split value between the maximum and minimum values of the selected feature.\n\nThis process of isolating anomalies is repeated recursively to form isolation trees. Anomalies are identified as data points that require fewer splits to be isolated, thus having shorter paths in the tree structure. Isolation Forest is efficient, able to handle high-dimensional data, and can work well even with a small sample size.''
Which of the following is an unsupervised learning technique used for dimensionality reduction?;Principal Component Analysis (PC;Random Forest;Knearest neighbors (KNN);Support Vector Machines (SVM);Principal Component Analysis (PC;advanced;Principal Component Analysis (PCA) is a popular unsupervised learning technique used for dimensionality reduction in data analysis. It works by identifying patterns and correlations within the data and transforming it into a new set of variables called principal components. These components capture the maximum amount of variance in the data, allowing for a lower-dimensional representation that retains as much information as possible. PCA is commonly used to simplify complex datasets, visualize high-dimensional data, and improve computational efficiency in machine learning algorithms.\n\nBy employing PCA, one can effectively reduce the number of features without losing significant information, which is crucial for tasks like clustering, visualization, and pattern recognition. This technique is widely utilized in various fields such as image and speech recognition, bioinformatics, and finance to handle large datasets and improve model performance.
Which statistical test is suitable for determining the correlation between two continuous variables?;Pearson correlation coefficient;Student's ttest;ANOVA test;Pearson correlation coefficient;Chisquare test;advanced;The Pearson correlation coefficient is utilized for measuring the strength and direction of a linear relationship between two continuous variables. It ranges from -1 to 1, where 1 indicates a perfect positive linear relationship, 0 shows no linear relationship, and -1 represents a perfect negative linear relationship. The coefficient is commonly employed in various fields such as psychology, finance, and biology.\n\nTo compute the Pearson correlation coefficient, both variables are required to be normally distributed, and the relationship between them should be linear. It is crucial to check the assumptions before using this test to ensure the validity of the results. Pearson correlation is a fundamental statistical tool in data analysis for investigating the association between two continuous variables.'
What is the objective of gradient descent optimization in neural networks?;Minimize the cost function;Determine the optimal number of hidden layers;Minimize the cost function;Regularize the model parameters;Maximize the accuracy metric;advanced;The objective of gradient descent optimization in neural networks is to minimize the cost function. This means finding the optimal values for the model's parameters that result in the lowest possible error between predicted and actual values. \n\nGradient descent works by iteratively adjusting the parameters in the direction of the steepest descent of the cost function. By calculating the gradient of the cost function with respect to the parameters, the algorithm can update the parameters to reach a local or global minimum, improving the model's performance.
What is the advantage of using a Convolutional Neural Network (CNN) for image classification tasks?;CNNs can automatically learn relevant features from the data;CNNs can handle highdimensional data with ease;CNNs are more interpretable and provide clear explanations;CNNs can automatically learn relevant features from the data;CNNs require less computational resources compared to other algorithms;advanced;Using Convolutional Neural Networks (CNNs) for image classification tasks offers the advantage of automated feature extraction. CNNs can autonomously learn relevant patterns and features from raw image data without needing explicit human intervention for feature engineering. This ability to automatically extract features from the data streamlines and enhances the classification process, making CNNs highly efficient for image recognition tasks.\n\nAdditionally, CNNs are designed to capture spatial hierarchies in image data. By leveraging convolutional layers, pooling layers, and fully connected layers, CNNs can effectively learn intricate patterns and structures within images, enabling accurate classification of objects and scenes. This spatial understanding allows CNNs to achieve superior performance in tasks such as image recognition and object detection compared to traditional machine learning algorithms.
What is the main advantage of using random forests over decision trees?;Random forests reduce overfitting compared to decision trees;Random forests reduce overfitting compared to decision trees;Random forests require less memory than decision trees;Random forests are more interpretable than decision trees;Random forests are faster to train than decision trees;advanced;Random forests offer a key advantage over decision trees by reducing overfitting. Decision trees tend to memorize the training data, leading to overfitting issues where the model performs well on training data but poorly on unseen data. Random forests mitigate this by combining multiple decision trees and aggregating their predictions. By averaging out individual tree predictions, random forests offer improved generalization and robustness to unseen data, thus enhancing model performance and reliability.\n\n\n\nIn addition to reducing overfitting, random forests also provide feature importance measures and can handle a large number of features efficiently. This attribute helps in understanding the most impactful predictors in the dataset and aids in feature selection for model optimization and interpretability. Ultimately, the ensemble approach of random forests adds a layer of sophistication to traditional decision trees, leading to more accurate and stable predictions in various machine learning tasks.
Which technique can be used for feature extraction in natural language processing?;Word embeddings;Principal component analysis;Word embeddings;Linear regression;Support vector machines;advanced;Word embeddings are a popular technique for feature extraction in natural language processing. They involve representing words as vectors in a continuous space based on their contextual meanings. By capturing semantic relationships between words, word embeddings can enhance the performance of various NLP tasks such as text classification, sentiment analysis, and language translation. These dense vector representations enable algorithms to better understand and process textual data by capturing the underlying patterns and similarities between words.\n\n'\n\nWord embeddings are typically learned from large textual corpora using techniques like Word2Vec, GloVe, or FastText. These pre-trained embeddings can be fine-tuned or used directly in NLP models to improve their efficiency and accuracy. By encoding words into high-dimensional vectors, word embeddings provide a more meaningful and efficient way to represent text data, enabling machines to better grasp the nuances of human language and perform tasks with enhanced understanding and context.
In deep learning, which activation function is commonly used at the output layer for binary classification tasks?;Sigmoid;Tanh;Softmax;Sigmoid;ReLU;advanced;In deep learning, the sigmoid activation function is commonly used at the output layer for binary classification tasks. The sigmoid function maps any real value between 0 and 1, making it suitable for binary classification where the output probabilities need to be in this range. It is an essential component for binary classification because it models the output as a probability, allowing for clear decision-making based on the threshold chosen.\n\nThe sigmoid function is preferred over other activation functions, such as softmax, for binary classification tasks because it is specifically designed to handle two class outputs. Its smooth, continuous nature aids in gradient-based optimization techniques, ensuring efficient model training and convergence for binary classification tasks.'
Which optimization algorithm is commonly used for training deep learning models?;Adam;Random Forest;Genetic Algorithm;Naive Bayes;Adam;advanced;Adam (Adaptive Moment Estimation) is a popular optimization algorithm used for training deep learning models. It combines the benefits of AdaGrad and RMSprop to adapt learning rates for each parameter. Adam computes exponentially weighted averages of past gradients and squared gradients, adjusting the learning rate accordingly.\ \n\nThis adaptive learning rate algorithm is well-suited for deep learning tasks as it provides fast convergence and better generalization, making it a preferred choice for optimizing neural network models in practice.
Which algorithm is commonly used for solving reinforcement learning problems?;Qlearning;Principal Component Analysis (PC;Support Vector Machines (SVM);Knearest neighbors;Qlearning;advanced;Q-learning is a widely used algorithm in reinforcement learning that enables an agent to learn the optimal policy by iteratively updating the Q-values associated with state-action pairs. At each step, the agent selects an action based on the Q-values and receives a reward, which is used to update the Q-values using the Bellman equation. By repeating this process, the agent learns to make decisions that maximize its cumulative rewards over time.\n\nQ-learning is favored for its simplicity and efficiency in solving reinforcement learning problems, especially in environments with discrete state and action spaces. It can handle stochastic environments, balancing exploration and exploitation to find the optimal policy. With its ability to learn from interactions with the environment without requiring a model, Q-learning is suitable for a wide range of applications in areas such as robotics, game playing, and autonomous systems.
Which data structure is best suited for storing and retrieving large volumes of data efficiently?;Hash Table;Array;Linked List;Tree;Hash Table;advanced;A Hash Table is the most suitable data structure for efficiently storing and retrieving large volumes of data. It offers constant time complexity O(1) for both insertion and retrieval operations, making it ideal for handling a vast amount of data with swift access times. Hash tables use a hashing function to map keys to indexes, allowing for quick lookups and storage of data.\n\nThe main advantage of a hash table is its ability to handle large datasets effectively by reducing search times, resulting in optimal performance for tasks requiring frequent data access. By leveraging hash functions to generate unique indexes, hash tables minimize collisions and enable efficient storage and retrieval of data in a scalable manner.'
Which technique is commonly used for text mining and natural language processing tasks?;Bagofwords;Bagofwords;Support Vector Machines (SVM);Knearest Neighbors (KNN);Principal Component Analysis (PC;advanced;"Bag-of-words is a common technique used in text mining and natural language processing tasks. It involves representing text data as a ""bag"" of its words, disregarding grammar and word order. Each word is treated as a separate entity, and the frequency of each word in the text is counted. This results in a sparse representation of the text data, which can be used for various language processing tasks such as sentiment analysis, text classification, and document clustering.'\n\nThis approach simplifies the text data processing process, making it easier to analyze and work with large volumes of textual information. While it has its limitations, such as disregarding semantics and context, the bag-of-words model serves as a foundational technique for many text mining and NLP applications."
Which algorithm is suitable for anomaly detection in unlabeled data?;Oneclass SVM;Logistic regression;Decision tree;Oneclass SVM;Kmeans clustering;advanced;One-Class Support Vector Machine (One-Class SVM) is a suitable algorithm for anomaly detection in unlabeled data. It is a type of SVM that learns a decision boundary around normal data points without requiring labeled anomalies. One-Class SVM aims to identify outliers and anomalies based on the assumption that the majority of the data belongs to a single class.\n\nThis algorithm is particularly effective when dealing with high-dimensional data and complex patterns. By defining a boundary that encapsulates the normal data, One-Class SVM can effectively detect deviations from the expected behavior, making it a valuable tool for anomaly detection in various applications.'
What is the purpose of evaluating the p-value in hypothesis testing?;To determine the level of statistical significance;To assess the power of the test;To measure the effect size;To estimate the confidence interval;To determine the level of statistical significance;advanced;The purpose of evaluating the p-value in hypothesis testing is to determine the level of statistical significance. The p-value represents the probability that the observed data occurred by random chance if the null hypothesis is true. When the p-value is below a pre-defined significance level (typically 0.05), it indicates that the data is statistically significant, leading to the rejection of the null hypothesis in favor of the alternative hypothesis. This helps researchers make informed decisions based on the strength of evidence against the null hypothesis.' \n\n' Evaluating the p-value in hypothesis testing allows researchers to draw conclusions about the relationship between variables or the effectiveness of an intervention based on the evidence from the data. It provides a quantitative measure to assess whether the results are likely due to a true effect in the population or simply random variability.
How does regularization help in preventing overfitting in machine learning models?;By adding a penalty term to the model's loss function;By decreasing the learning rate during training;By adding a penalty term to the model's loss function;By increasing the complexity of the model;By adding more training data to the model;advanced;Regularization helps in preventing overfitting in machine learning models by adding a penalty term to the model's loss function. This penalty term discourages overly complex models with high variance by imposing constraints on the magnitude of the model weights. As a result, regularization encourages simpler models that generalize well to unseen data, thus reducing the risk of overfitting.\n\nRegularization techniques such as L1 (Lasso) and L2 (Ridge) regularization help in shrinking the coefficients towards zero, effectively reducing model complexity and preventing overfitting. By controlling the model complexity through regularization, machine learning models can achieve better generalization performance and improved reliability in making predictions on new, unseen data.'
Which statistical test is commonly used to determine if two independent samples have significantly different means?;ttest;ANOVA;correlation test;ttest;chisquare test;advanced;The statistical test commonly used to determine if two independent samples have significantly different means is the t-test. This test assesses whether the means of two groups are statistically different from each other based on their sample data. It is particularly useful when comparing the means of two groups, such as control group versus treatment group, to determine if there is a significant difference between them. The t-test calculates the t-statistic by comparing the means of the samples and their variability, providing a p-value that indicates the level of significance of the observed difference. \n\nIn practice, researchers often conduct t-tests to evaluate hypotheses and make inferences about population parameters based on sample data. By applying the t-test, they can determine if the observed difference in means between two groups is due to a real effect or merely a result of random variability. This statistical method is widely used in various fields, such as psychology, biology, economics, and more, to draw meaningful conclusions from experimental data and make informed decisions based on statistical significance.'
In a decision tree, what is the measure used to determine the best split at each node?;Gini impurity;Mean squared error;Gini impurity;Entropy;Chisquare test statistic;advanced;In a decision tree, the measure used to determine the best split at each node is called Gini impurity. Gini impurity is a metric that quantifies the impurity or uncertainty in a given set of data. It evaluates how often a randomly chosen element from the set would be incorrectly classified if it was randomly labeled.\n\nThis measure is calculated by summing the probability of each item being chosen times the probability of a mistake in categorizing that item. The goal is to minimize Gini impurity by selecting the split that results in the greatest reduction in impurity, leading to more homogeneous child nodes.
When would you use L1 regularization (Lasso) for linear regression?;When you want To promote sparsity and automatically select the most important features;When you want To promote sparsity and automatically select the most important features;When you want To handle nonLinear relationships between predictor variables and the outcome;When you want To reduce the complexity of the model and prevent overfitting;When you want To prevent multicollinearity between predictor variables;advanced;L1 regularization, also known as Lasso, is utilized in linear regression when the aim is to promote sparsity in the model and automatically select the most significant features. By incorporating L1 regularization, the model penalizes the absolute values of the coefficients, forcing less important features to have coefficients that are reduced to zero. This facilitates feature selection and simplifies the model by retaining only the essential features for prediction, which can help in enhancing model interpretability and reducing overfitting.' \n\n' \n\nTherefore, when there is a large number of features or when feature selection is crucial to the problem at hand, employing L1 regularization in linear regression can be a beneficial approach to enhance model performance and efficiency by focusing on the most relevant features for prediction.
Which algorithm is typically used for solving regression problems with a large number of input features?;Ridge Regression;KMeans Clustering;Decision Tree;Naive Bayes;Ridge Regression;advanced;Ridge Regression is commonly utilized for addressing regression problems featuring a substantial amount of input features. This algorithm introduces a regularization term to the traditional linear regression model, aiming to prevent overfitting by penalizing large regression coefficients. By including this term, Ridge Regression effectively minimizes the impact of multicollinearity within the dataset and enhances model generalization. As a result, it is particularly advantageous when dealing with high-dimensional datasets that may lead to issues like overfitting.\n\nBy balancing the trade-off between bias and variance, Ridge Regression offers a robust solution for regression tasks with numerous input features. It serves as a valuable tool in handling complex datasets by providing stable and reliable predictions while effectively managing the dimensionality of the input space. Consequently, Ridge Regression is a popular choice in the data science realm for modeling scenarios where the number of input features is large, ensuring accurate and stable regression outcomes.
Which of the following algorithms is most suitable for outlier detection in a dataset?;Isolation Forest;Kmeans clustering;Naive Bayes Classifier;Principal Component Analysis (PC;Isolation Forest;advanced;Isolation Forest is a suitable algorithm for outlier detection in a dataset. It works by creating random forests to isolate outliers efficiently. The algorithm identifies anomalies by isolating observations that are few in number and different from normal instances. By leveraging the isolation technique, Isolation Forest can effectively detect outliers regardless of the dataset's size or dimensionality.\n\nWhile Isolation Forest may not perform as well as other methods in all cases, it is particularly useful when dealing with large datasets containing diverse types of outliers. Its ability to isolate anomalies quickly and efficiently makes it a popular choice for outlier detection tasks in various industries and applications.''
When would you use a random forest algorithm instead of a simple decision tree?;When dealing with large datasets with many features;When conducting regression analysis instead of classification;When the dataset is completely balanced;When interpretability is more important than accuracy;When dealing with large datasets with many features;advanced;You would use a random forest algorithm instead of a simple decision tree when dealing with large datasets with many features. Random forest is a more robust algorithm that can handle high-dimensional data better by aggregating multiple decision trees and reducing overfitting. It also improves accuracy by reducing variance and increasing generalization.'When faced with a complex dataset with numerous variables, the random forest algorithm can provide more accurate predictions by generating multiple decision trees and combining their outputs through voting or averaging.'
How is feature importance measured in a random forest model?;Gini impurity;Information gain;Fscore;Permutation importance;Gini impurity;advanced;In a random forest model, feature importance is measured based on the decrease in the Gini impurity that is achieved by splitting nodes according to a particular feature. The Gini impurity is a metric that quantifies the probability of incorrectly classifying a randomly chosen element in the dataset. When a feature is used to split nodes in the tree, the decrease in Gini impurity indicates the importance of that feature in making accurate predictions within the model.\n\nBy calculating the total decrease in Gini impurity across all nodes for each feature, the random forest model assigns importance scores to the features. Features with higher overall decrease in Gini impurity are considered more important in influencing the predictions made by the random forest model, highlighting their relevance in determining the outcome of the model.
What is the purpose of the t-distributed Stochastic Neighbor Embedding (t-SNE) algorithm?;To visualize highdimensional data in lower dimensions;To perform Feature extraction in deep learning models;To handle missing values in a dataset;To Calculate Feature importance in a Random Forest model;To visualize highdimensional data in lower dimensions;advanced;The purpose of the t-distributed Stochastic Neighbor Embedding (t-SNE) algorithm is to project high-dimensional data into a lower-dimensional space for visualization purposes. This technique aims to maintain the local structure of the data points in the original space while reducing their dimensionality. By doing so, t-SNE allows for the exploration and understanding of complex relationships within the data that may not be easily discernible in high-dimensional spaces.\n\nt-SNE achieves this by modeling the similarities between data points in high-dimensional space and mapping these similarities to a lower-dimensional embedding, leveraging a t-distribution to maintain relative distances. The algorithm is particularly useful for clustering and discovering patterns within the data, making it a popular choice for visualizing and interpreting complex datasets in fields such as data science and machine learning.
What is the purpose of batch normalization in deep learning architectures?;To improve the training speed and stability of deep neural networks;To increase the depth of the neural network architecture;To regularize the weights of the neural network to prevent overfitting;To improve the training speed and stability of deep neural networks;To remove redundant features from the input data;advanced;Batch normalization in deep learning architectures helps to improve the training speed and stability of deep neural networks by normalizing the input layer by adjusting and scaling the activations. This prevents the activations from becoming too large or too small during training, which can slow down or destabilize the learning process. By ensuring that the inputs to each layer are within a desirable range, batch normalization enables the model to learn more efficiently and effectively.\n\nAdditionally, batch normalization helps address the issue of internal covariate shift by reducing the dependence of the model on the initialization of parameters. This allows deep neural networks to converge faster during training, leading to quicker optimization and improved performance. Overall, the purpose of batch normalization is to enhance the training process of deep learning models by promoting speed and stability in learning complex patterns and representations.
Which of the following algorithms is commonly used for dimensionality reduction?;Principal Component Analysis (PC;Principal Component Analysis (PC;KMeans Clustering;Linear Regression;Random Forest;advanced;Principal Component Analysis (PCA) is a commonly used algorithm for dimensionality reduction in data science. PCA works by transforming the original features into a new set of orthogonal features called principal components. These components capture the maximum amount of variation present in the data, allowing for the reduction of dimensions while maintaining key information. By selecting a subset of principal components, PCA helps simplify complex datasets and improve computational efficiency for further analysis.\n\n' \n\nPCA is widely employed in various applications such as image and speech recognition, genetics, and finance. It is beneficial for visualization, noise reduction, and speeding up machine learning algorithms by reducing the number of features. Understanding PCA can significantly enhance data analysis and model building in real-world scenarios where high-dimensional data is common.
Which of the following techniques is used to reduce the number of features in a dataset while preserving its variability?;Principal Component Analysis (PC;Decision Trees;Principal Component Analysis (PC;Naive Bayes;Support Vector Machines (SVM);advanced;Principal Component Analysis (PCA) is a technique used to reduce the dimensionality of a dataset by transforming the original features into a new set of orthogonal variables called principal components. These components retain most of the variability present in the original data, allowing for a reduction in the number of features while still capturing the essential information.\n\nBy selecting a subset of the most significant principal components, PCA helps simplify complex datasets and facilitates easier interpretation and visualization of data patterns. This reduction in dimensionality not only speeds up computations but also helps in avoiding issues related to high-dimensional data such as overfitting and multicollinearity.'
"What does the term ""gradient"" refer to in gradient boosting algorithms?";The rate of change of the loss function;The rate of change of the loss function;The number of decision trees in the ensemble;The weight assigned to each feature;The learning rate of the algorithm;advanced;"In gradient boosting algorithms, the term ""gradient"" refers to the rate of change of the loss function. The gradient represents the direction and magnitude of the steepest ascent of the loss function, indicating how the loss function changes with respect to the predictions made by the previous model in the ensemble. By minimizing this loss function through iterative boosting, the algorithm improves the model by adjusting the predictions based on the gradients of the loss function.\n\nGradient boosting algorithms utilize this gradient information to sequentially build a series of models, with each subsequent model focusing on the residuals or errors left by the previous ones. By incorporating the gradients of the loss function, gradient boosting enhances the model's predictive power and makes it capable of capturing complex patterns within the data."
Which technique is used for dimensionality reduction in high-dimensional datasets?;Principal Component Analysis (PC;Support Vector Machines (SVM);Principal Component Analysis (PC;AdaBoost;Naive Bayes Classification;advanced;Principal Component Analysis (PCA) is a widely used technique for dimensionality reduction in high-dimensional datasets. It works by identifying the principal components that capture the most variance in the data, allowing for a lower-dimensional representation that still preserves much of the original information. By transforming the data into a new coordinate system defined by these principal components, PCA helps simplify complex datasets and improve computational efficiency.\n\n\n\nOne key aspect of PCA is that it seeks to minimize information loss during dimensionality reduction by retaining the most important features of the data. This makes it a powerful tool for data preprocessing, visualization, and pattern recognition tasks in machine learning and data analysis applications.
What is the purpose of gradient descent in deep learning?;To optimize the parameters of a neural network;To evaluate the performance of a model using crossvalidation;To optimize the parameters of a neural network;To perform feature extraction in unsupervised learning;To handle missing data in a dataset;advanced;Gradient descent is a fundamental optimization technique used in deep learning to adjust the parameters of a neural network in order to minimize the error or loss function. It works by iteratively updating the parameters in the direction of the steepest descent of the loss function with respect to those parameters. By doing so, gradient descent aims to reach the optimal set of parameters that result in the best model performance for a given task.'\n\n'\n\nIn essence, gradient descent allows the neural network to learn and adjust its parameters during the training process by continuously seeking to decrease the error. This iterative process enables the model to improve its predictions over time and converge towards the most accurate and optimal solution for the specific problem at hand.
Which technique is commonly used for handling multicollinearity in regression models?;Principal Component Analysis (PC;Principal Component Analysis (PC;Support Vector Machines (SVM);KNearest Neighbors (KNN);Random Forests;advanced;Principal Component Analysis (PCA) is commonly used for handling multicollinearity in regression models. PCA involves transforming correlated variables into a set of linearly uncorrelated variables, known as principal components. These new components capture the maximum amount of information from the original data while eliminating redundancy and multicollinearity issues.\n\nBy reducing the dimensionality of the data, PCA helps in simplifying the model and improving its interpretability. It also aids in preserving important variance in the data, making it a powerful technique for handling multicollinearity in regression models.'
Which evaluation metric is commonly used for recommendation systems?;Mean Average Precision (MAP);Mean Average Precision (MAP);F1 score;Area Under the Curve (AU;Accuracy;advanced;Mean Average Precision (MAP) is a popular evaluation metric for recommendation systems. It measures the average precision at various recall levels. MAP takes into account both the relevance and ranking of recommended items. It provides a comprehensive assessment of a recommendation system's effectiveness by considering not just whether relevant items are recommended, but also their positions in the list of recommendations.\n\nTo calculate MAP, the average precision is computed for each user across all their recommendations, and then an average is taken across all users. A higher MAP score indicates a more accurate and relevant recommendation system. MAP is widely used in information retrieval and machine learning tasks, especially in the context of personalized recommendation systems where the goal is to accurately suggest relevant items to users.
Which algorithm is commonly used for handling text data in natural language processing (NLP) tasks?;Recurrent Neural Networks (RNN);Recurrent Neural Networks (RNN);Kmeans clustering;Decision Trees;Support Vector Machines (SVM);advanced;Recurrent Neural Networks (RNN) is a common algorithm for handling text data in Natural Language Processing (NLP) tasks. RNNs are designed to work with sequential data, making them suitable for processing text which is inherently sequential in nature. RNNs have the ability to retain memory of past inputs, allowing them to capture dependencies and patterns in text that are crucial for understanding language semantics.\n\nRNNs process text by taking in one word at a time and updating their internal state based on the current word as well as the previous words in the sequence. This sequential processing capability enables RNNs to learn complex patterns in text such as context, syntax, and semantics, making them effective for tasks like language modeling, sentiment analysis, machine translation, and speech recognition in NLP.
What is an ROC curve used for in machine learning?;Evaluating the performance of a classification model at different threshold values;Comparing the distributions of two different classes in a dataset;Calculating the correlation between two numerical features;Evaluating the performance of a classification model at different threshold values;Plotting the density distribution of a continuous feature;advanced;An ROC curve is a graphical representation that shows the performance of a classification model at various threshold settings. It plots the true positive rate (sensitivity) against the false positive rate (1-specificity). The curve helps in selecting the optimal threshold value that balances the trade-off between true positive and false positive rates. A model with a higher area under the ROC curve indicates better performance in distinguishing between the classes.\n\nROC curves are essential in understanding the model's ability to discriminate between classes and make informed decisions about the model's performance. They provide a visual way of assessing the classification model across different thresholds, aiding in the selection of an appropriate threshold based on the problem's requirements and constraints. By analyzing the ROC curve, one can evaluate and compare different models to choose the one that best suits the specific task at hand.
Which algorithm is a non-parametric classification and regression tool widely used in data science?;Random Forest;Naive Bayes;Decision Trees;Random Forest;Logistic Regression;advanced;Random Forest is a versatile non-parametric algorithm commonly employed in data science for both classification and regression tasks. It is a popular ensemble learning method that builds multiple decision trees during training and combines their predictions to improve accuracy and robustness. Each tree in the forest is constructed independently using a subset of features, reducing overfitting and increasing generalization performance.\n\nOne of the key strengths of Random Forest is its ability to handle large datasets with high dimensionality while providing reliable and interpretable results. By aggregating the predictions of multiple trees, Random Forest enhances prediction accuracy and reduces the impact of noisy data. This algorithm is favored for its flexibility, ease of use, and effectiveness in a variety of predictive modeling applications in data science.
Which technique is used to handle the curse of dimensionality in machine learning?;Principal Component Analysis (PC;Linear Regression;KNearest Neighbors (KNN);Principal Component Analysis (PC;Support Vector Machines (SVM);advanced;Principal Component Analysis (PCA) is a technique commonly used to handle the curse of dimensionality in machine learning. PCA reduces the dimensionality of a dataset by transforming the original features into a new set of orthogonal variables called principal components. These components capture the most significant variance in the data, allowing for a more efficient representation of the information while minimizing the risk of overfitting.\n\nBy reducing the number of features through PCA, the model complexity is reduced, aiding in better generalization and improved performance. This dimensionality reduction technique is especially beneficial when working with high-dimensional datasets, as it helps in retaining critical information while mitigating the challenges associated with large feature spaces.'
What is the purpose of early stopping in training a neural network?;Preventing overfitting by stopping the training process early;Preventing overfitting by stopping the training process early;Regularizing the weights of the neural network;Enabling faster convergence of the model;Handling missing values in the dataset;advanced;Early stopping in training a neural network refers to the technique of halting the training process before reaching the maximum number of epochs. The primary purpose of implementing early stopping is to prevent overfitting in the model. Overfitting occurs when the network learns noise or irrelevant patterns from the training data, leading to poor generalization on unseen data. By stopping the training early, the model can avoid memorizing the training data too well and instead focus on learning the underlying patterns that are more likely to generalize well.\n\nThis strategy helps in improving the model's performance on unseen data by finding the optimal balance between bias and variance. It allows the neural network to achieve better generalization and avoid deteriorating performance on new data. Early stopping is a valuable tool in the training process of neural networks to help optimize model performance and prevent overfitting issues.
Which method is used to assess the importance of features in a dataset?;Feature Importance;Feature Importance;Principal Component Analysis;Data Exploration;Feature Extraction;advanced;Feature importance is a method used to evaluate the significance of different features within a dataset when predicting outcomes. It helps in understanding which features have a stronger influence on the target variable and contributes the most to the predictive model's performance. By analyzing feature importance, data scientists can prioritize and focus on the most relevant features, potentially improving model accuracy and interpretability.\n\n\n\nThere are various techniques to determine feature importance, such as tree-based algorithms like Random Forest, Gradient Boosting, or XGBoost, as they naturally provide feature importance scores. Additionally, permutation importance and SHAP (SHapley Additive exPlanations) values are popular methods to assess feature relevance in a more precise and detailed manner.
What does feature selection involve in the context of machine learning?;Selecting the most relevant features from a dataset;Applying dimensionality reduction techniques;Selecting the most relevant features from a dataset;Generating new features from existing ones;Preprocessing the features before training a model;advanced;Feature selection in machine learning involves identifying and choosing the most important features from a dataset that contribute significantly to the predictive modeling task. \n\nIt aims to improve model performance, reduce overfitting, and enhance interpretability by selecting only the most relevant features while discarding irrelevant or redundant ones. Feature selection methods can be categorized into filter methods, wrapper methods, and embedded methods, each with its own techniques for evaluating and selecting features.''''''By performing feature selection, machine learning models can focus on the most informative features, leading to enhanced prediction accuracy and more efficient model training. It also helps in reducing the computational complexity of the model, which can be especially crucial when dealing with high-dimensional datasets.
Which activation function is commonly used in the output layer of a binary classification neural network?;Sigmoid;Tanh;Softmax;Sigmoid;ReLU;advanced;The sigmoid activation function is commonly used in the output layer of a binary classification neural network. It squashes the output values between 0 and 1, making it suitable for binary classification tasks where the output is interpreted as a probability score. When the output is closer to 0, it indicates one class, and when closer to 1, it indicates the other class.''\n\nSigmoid activation helps in converting the raw output of the neural network into a probability score, enabling the model to make decisions based on a clear boundary between the two classes. This activation function is advantageous in binary classification tasks due to its ability to provide a smooth and interpretable output that can be easily thresholded to make predictions.
Which type of machine learning algorithm is typically used for outlier detection?;Unsupervised learning;Supervised learning;Semisupervised learning;Reinforcement learning;Unsupervised learning;advanced;Unsupervised learning is typically used for outlier detection in machine learning. This type of algorithm does not rely on labeled data for training, making it well-suited for detecting anomalies or outliers in the data without prior knowledge of what they should look like. Unsupervised learning algorithms such as clustering and density-based methods can identify patterns in the data and isolate instances that deviate significantly from the norm.\n\nOn the other hand, supervised learning algorithms require labeled data for training and are more commonly used for tasks like classification and regression, where the goal is to predict specific outcomes based on input features. Unsupervised learning, including algorithms like isolation forests and k-means clustering, focuses on exploring the data structure and identifying unusual data points that do not conform to the regular patterns in the dataset.
In which scenario is random forest a suitable algorithm to use?;When working with both numerical and categorical data;When the dataset has a small number of features;When there is a linear relationship between the features and target variable;When there are no missing values in the dataset;When working with both numerical and categorical data;advanced;Random forest is a suitable algorithm to use when working with both numerical and categorical data. It is a versatile ensemble learning method that can handle mixed data types effectively. By utilizing a collection of decision trees, random forest can provide robust predictions for complex datasets with a combination of numeric and categorical features. \n\nThis algorithm is preferred in scenarios where the dataset contains a mix of numerical values for continuous variables and categorical values for discrete variables. Random forest's capability to handle both types of data makes it a powerful tool for various machine learning tasks, such as classification and regression, where the inclusion of diverse features is necessary for accurate modeling.
Which algorithm is used for clustering similar data points together?;KMeans;Random Forests;KMeans;Decision Trees;Linear Regression;advanced;KMeans is a popular algorithm used for clustering similar data points together. It partitions the data into K clusters by iteratively assigning each data point to the nearest centroid, then recalculating the centroid based on the mean of the data points in that cluster. The process continues until the centroids no longer change significantly, producing clusters based on proximity.\n\nKMeans is efficient in handling large datasets and works well when clusters are spherical and have similar densities. However, it requires the user to specify the number of clusters (K) beforehand and can be sensitive to initial centroid choices, potentially converging to a local optima. Despite its limitations, KMeans remains widely used in various applications for its simplicity and effectiveness in clustering similar data points.
Which data visualization library in Python allows you to create interactive and aesthetically pleasing plots?;Plotly;Seaborn;Pandas;Plotly;Matplotlib;advanced;Plotly is a powerful data visualization library in Python that enables users to create interactive and visually appealing plots. It offers a wide range of chart types and customization options to improve the aesthetic quality of the plots. Plotly also provides interactive features such as zooming, panning, and hovering, enhancing the overall user experience when exploring the data visually.\n\nThe library integrates seamlessly with popular Python libraries like Pandas and NumPy, making it easy to work with data stored in different formats. With Plotly, users can create informative and engaging plots for presenting data insights effectively in various applications, such as data analysis, scientific research, and business intelligence.'
What is the main advantage of using regularization in machine learning models?;It helps to prevent overfitting;It helps to prevent overfitting;It automatically selects the most relevant features;It improves model interpretability;It guarantees faster convergence;advanced;Regularization in machine learning models offers a significant advantage by helping to prevent overfitting. Overfitting occurs when a model learns the noise in the training data rather than the underlying pattern, leading to poor generalization on unseen data. Regularization techniques introduce a penalty term to the model's objective function, discouraging the learning of complex patterns that could result in overfitting. This ultimately improves the model's ability to generalize well on new, unseen data by balancing model complexity and performance.\n\nBy incorporating regularization, machine learning models can achieve better performance by striking a balance between bias and variance. Regularization techniques, such as L1 (Lasso) and L2 (Ridge) regularization, prevent the model from becoming too complex and overly fitting the training data. This helps in creating more robust and reliable models that exhibit improved generalization capabilities and are less prone to overfitting, ultimately leading to more accurate predictions and better model performance in real-world applications.
Which algorithm is commonly used for regression problems where target variable has a nonlinear relationship with the input features?;Gradient Boosting;Naive Bayes;Gradient Boosting;Linear Regression;Decision Trees;advanced;Gradient Boosting is a popular algorithm for regression tasks involving non-linear relationships between target variables and input features. It works by combining multiple weak learners sequentially to build a strong predictive model. Each new learner focuses on the errors made by the previous ones, hence gradually improving the model's predictive accuracy.' \n\n'Gradient Boosting is efficient in handling complex datasets and outperforms other algorithms when dealing with non-linear relationships in the data. By iteratively correcting errors, it can capture intricate patterns and deliver accurate predictions, making it a common choice for various regression problems in data science.
What is the main drawback of using the k-nearest neighbors (KNN) algorithm?;High computational cost during inference;Sensitivity to feature scaling;High computational cost during inference;Difficulty in handling categorical variables;Poor performance on large datasets;advanced;The main drawback of using the k-nearest neighbors (KNN) algorithm is the high computational cost during inference. This is because KNN requires calculating distances between the query point and all other data points in the training set to find the k-nearest neighbors. As the dataset grows in size, the computation time increases significantly, making KNN less efficient for large datasets.\n\nThis high computational cost can make it impractical to use KNN in real-time applications or scenarios where there are a large number of features or data points. Alternative algorithms like tree-based or dimensionality reduction techniques are often preferred for handling large datasets more efficiently.
Which method is used for feature selection to identify the most relevant features in a dataset?;Recursive Feature Elimination (RFE);Support Vector Machines (SVM);Principal Component Analysis (PC;Recursive Feature Elimination (RFE);Naive Bayes;advanced;Recursive Feature Elimination (RFE) is a method commonly used for feature selection to identify the most relevant features in a dataset. In this technique, the algorithm recursively removes features, starting from all features and eliminating the least important ones until the desired number of features is reached. RFE assigns weights to features and ranks them based on their importance, providing insights into the significance of each feature in predicting the target variable.\n\nRFE is effective for optimizing model performance by selecting only the most relevant features, thereby reducing dimensionality and improving computational efficiency. By iteratively pruning the feature set, RFE helps in creating simpler and more interpretable models while maintaining or even enhancing predictive accuracy.'
In regression analysis, what is the coefficient of determination (R-squared) used for?;Measuring the proportion of variance in the dependent variable explained by the independent variables;Measuring the proportion of variance in the dependent variable explained by the independent variables;Testing the statistical significance of the regression coefficients;Evaluating the multicollinearity between independent variables;Identifying outliers in the dataset;advanced;The coefficient of determination, or R-squared, in regression analysis is used to quantify the extent to which the variation in the dependent variable can be attributed to the variation in the independent variables. It provides a measure of how well the model fits the observed data, indicating the proportion of variability in the dependent variable that is explained by the independent variables. In essence, R-squared helps assess the predictive power of the regression model and evaluate the strength of the relationship between the variables involved.\n\nBy calculating the R-squared value, researchers can determine the percentage of the total variation in the dependent variable that is captured by the independent variables included in the regression model. A higher R-squared value closer to 1 suggests that a larger portion of the variance in the dependent variable is accounted for by the independent variables, indicating a better fit of the model. Conversely, a lower R-squared value closer to 0 indicates that the independent variables do not explain much of the variability in the dependent variable, implying a weaker relationship or a poor fit of the model.'
"In machine learning, what does the term ""overfitting"" refer to?";When a model learns the training data too well and performs poorly on new data;When a model learns the training data too well and performs poorly on new data;When a dataset contains missing values and outliers;When a model is underoptimized and fails to learn from the training data;When a model is too simplistic and fails to capture complex patterns;advanced;"In machine learning, ""overfitting"" occurs when a model excessively fits the training data, capturing noise and outliers instead of underlying patterns. This results in poor performance when applied to new, unseen data as the model is too finely tuned to the training set. Overfitting can be a significant challenge in machine learning as it compromises the model's ability to generalize to new data accurately, hindering its predictive power.\n\nTo mitigate overfitting, techniques like cross-validation, regularization, and proper dataset split into training and validation subsets are commonly employed. These strategies help prevent the model from becoming overly complex and allow it to learn the essential patterns in the data without getting swayed by noise or irrelevant details."
Which of the following is NOT a common step in the data preprocessing phase?;Removing outliers;Scaling features;Imputing missing values;Removing outliers;Selecting the model;advanced;Removing outliers is not a common step in the data preprocessing phase. Outliers are data points that significantly differ from other data points in the dataset, possibly skewing the analysis results. However, outlier removal must be done carefully as it can affect the overall distribution and validity of the data. \n\nIn the data preprocessing phase, common steps include data cleaning, handling missing values, normalization, encoding categorical variables, and feature scaling. These steps aim to ensure that the data is clean, consistent, and suitable for machine learning algorithms to yield accurate and reliable results.'
In classification problems, which evaluation metric is sensitive to the distribution of classes in the dataset?;F1 score;Recall;Precision;Accuracy;F1 score;advanced;The F1 score is an evaluation metric sensitive to the distribution of classes in classification problems. It takes into account both precision and recall, making it suitable for imbalanced datasets where one class dominates the other. \n\nThe F1 score combines precision (the ratio of true positive predictions to all positive predictions) and recall (the ratio of true positive predictions to all actual positives) into a single metric. It provides a balance between these two metrics, giving a more comprehensive evaluation of the classifier's performance.
How does the Lasso regression differ from Ridge regression?;Lasso performs variable selection by shrinking some coefficients to zero;Lasso is only applicable to linear regression models;Ridge regression penalizes the absolute values of the coefficients;Ridge regression performs feature extraction by fitting a lowdimensional subspace;Lasso performs variable selection by shrinking some coefficients to zero;advanced;Lasso regression, unlike Ridge regression, performs variable selection by shrinking some coefficients to zero. This means that Lasso not only helps in predicting the outcome variable but also aids in feature selection by reducing the number of predictors used in the model. On the other hand, Ridge regression encourages small coefficients without actually setting them to zero, which helps in handling multicollinearity by reducing the impact of highly correlated variables in the model. \n\nOverall, the key difference between Lasso and Ridge lies in their approach towards handling the coefficients of the predictors. While Lasso effectively shrinks certain coefficients to zero for variable selection, Ridge primarily focuses on minimizing the impact of variable magnitudes on the overall model performance.
In feature selection, which method is used to calculate the importance of each feature?;Information Gain;Information Gain;Pearson Correlation;Euclidean Distance;Tdistributed Stochastic Neighbor Embedding (tSNE);advanced;In feature selection, Information Gain is a method used to calculate the importance of each feature. Information Gain works by measuring the reduction in entropy or uncertainty in the dataset when a particular feature is known. Essentially, it helps determine how much a feature contributes to making accurate predictions or classifications in a machine learning model. By evaluating the information gain of each feature, data scientists can decide which features are the most relevant and should be included in the model, while discarding less important ones. This process assists in improving the model's performance and efficiency by focusing on the most impactful features.\n\nInformation Gain is commonly used in decision tree algorithms like ID3, where it helps select the best feature to split the data at each node based on how much information they provide about the target variable. Features with higher information gain are preferred as they result in nodes that are more homogeneous with respect to the target variable, leading to better decision-making by the model. It is a crucial concept in feature selection to avoid overfitting and enhance the interpretability and generalization of machine learning models.
Which algorithm is commonly used for classification tasks in the presence of categorical features?;Decision tree;Support Vector Machines;Decision tree;Linear regression;KNearest Neighbors;advanced;Decision tree is a commonly used algorithm for classification tasks involving categorical features. It is a supervised learning algorithm that makes decisions based on splitting the data at different points, creating a tree-like structure. Each internal node represents a feature, each branch a decision rule, and each leaf node an outcome or classification. Decision trees are easy to interpret, handle categorical variables well, and can handle large datasets efficiently.\n\nDecision trees work by iteratively partitioning the feature space into regions and assigning a class label to each region. They are popular in data science due to their simplicity, interpretability, and ability to handle both numerical and categorical data. Decision trees can also be combined into ensemble methods such as Random Forests to improve predictive performance and reduce overfitting.'
Which statistical concept is used to determine the statistical significance of a hypothesis test?;Pvalue;Mean;Pvalue;standard deviation;correlation coefficient;advanced;The statistical concept used to determine the statistical significance of a hypothesis test is the p-value. The p-value is the probability of observing results as extreme as the ones obtained in the data, assuming that the null hypothesis is true. \n\nA low p-value (typically ≤ 0.05) indicates strong evidence against the null hypothesis, leading to its rejection in favor of the alternative hypothesis. Conversely, a high p-value suggests that the observed results are likely to occur by random chance, meaning there is insufficient evidence to reject the null hypothesis.\n\n
Which evaluation metric is commonly used for regression models to measure the discrepancy between predicted and actual values?;Mean Squared Error (MSE);D1 Score;Mean Squared Error (MSE);Precision;Accuracy;advanced;Mean Squared Error (MSE) is a widely-used evaluation metric for regression models that calculates the average of the squared differences between predicted and actual values. It provides a measure of the overall model accuracy by penalizing large errors more heavily, making it a suitable choice for assessing the performance of regression models. The lower the MSE value, the better the model's predictions align with the actual data, indicating a more accurate and reliable model.\n\nMSE is preferred for regression models because it not only captures the magnitude of errors but also puts more weight on larger discrepancies, resulting in a comprehensive measure of predictive performance. By squaring the differences between predicted and actual values, MSE provides a way to assess how well a regression model generalizes to new data points, offering insights into the model's ability to make reliable predictions across a range of values.
Which of the following evaluation metrics is commonly used for classification models to measure the balance between precision and recall?;F1 score;Accuracy;Rsquared coefficient;F1 score;Mean Squared Error;advanced;The F1 score is a common evaluation metric for classification models that balances precision and recall. It is the harmonic mean of precision and recall, providing a single score that considers both aspects. Precision measures the accuracy of positive predictions, while recall assesses the model's ability to capture all positive instances. The F1 score accounts for both false positives and false negatives, making it a robust metric for model performance in classification tasks.\n\nOverall, the F1 score is a reliable metric for evaluating the performance of classification models, especially when there is an imbalance between precision and recall. It is particularly useful in scenarios where both precision and recall are vital, as it strikes a balance between these two metrics, producing a comprehensive assessment of the model's effectiveness.'
What is the difference between correlation and covariance?;Correlation measures the strength and direction of the linear relationship between two variables, while covariance measures the strength of the linear relationship;Correlation measures the strength and direction of the linear relationship between two variables, while covariance measures the strength of the linear relationship;Correlation measures the strength and direction of the linear relationship between two variables, while covariance measures the variability and direction of the relationship;Correlation measures the variability and direction of the relationship between two variables, while covariance measures the variability and direction;Correlation and covariance measure the same thing the strength and direction of the linear relationship between two variables;advanced;Correlation and covariance are both measures of the relationship between two variables, but they differ in their scale and interpretation. Correlation indicates the strength and direction of a linear relationship between variables, ranging from -1 (perfect negative correlation) to 1 (perfect positive correlation). It is a unit-less measure, making it easier to interpret across different datasets. Conversely, covariance measures the strength of the linear relationship between variables but does not provide information on the direction of the relationship. It is affected by the scale of the variables, making it challenging to compare covariance values across different datasets. \n\n' \n\nIn essence, correlation is a standardized version of covariance that provides insight into the strength and direction of the relationship between variables on a common scale. While correlation informs about how closely two variables move together, covariance only indicates how much they vary together. Understanding these concepts is crucial in data analysis to assess the relationships between variables and make informed decisions based on the data.
How does a decision tree algorithm work?;It recursively splits the data based on Feature thresholds To create a treelike structure;It recursively splits the data based on Feature thresholds To create a treelike structure;It uses a system of rules To determine the output for each data point;It assigns each data point To the Nearest cluster centroid;It uses a Vector of probabilities To classify data points;advanced;A decision tree algorithm works by recursively splitting the data based on feature thresholds to create a treelike structure. At each node of the tree, the algorithm selects the feature that best separates the data into distinct classes or groups. This process is repeated for each subset of data until a stopping criterion is met, such as a maximum tree depth or minimum number of data points in a node.\n\nThe splitting process continues until the algorithm reaches the terminal nodes, also known as leaf nodes, where the final predictions or classifications are made. Decision trees are intuitive and easy to interpret, making them a popular choice for various machine learning tasks due to their ability to handle both numerical and categorical data efficiently.'
What is the purpose of the random forest algorithm?;To combine predictions from multiple decision trees to improve overall accuracy;To cluster similar instances together based on their feature similarities;To reduce overfitting in a single decision tree by restricting its depth;To identify important features in a dataset by measuring their importance scores;To combine predictions from multiple decision trees to improve overall accuracy;advanced;The purpose of the random forest algorithm is to enhance predictive accuracy by aggregating the predictions of multiple decision trees. Each tree in the random forest provides an individual prediction, and these predictions are then combined to produce a final output that typically yields a more accurate result compared to a single decision tree model.\n\nRandom forests use a technique called ensemble learning, where several models are trained and their predictions are averaged or voted upon. This approach leverages the diversity of the individual trees to reduce overfitting and increase the overall robustness and accuracy of the model.
Which of the following is a widely used algorithm for anomaly detection?;Isolation Forest;Isolation Forest;Support Vector Machine;Random Forest;Decision Tree;advanced;Isolation Forest is a widely used algorithm for anomaly detection. It works by isolating anomalies in a dataset by randomly selecting a feature and then randomly selecting a split value between the maximum and minimum values of the selected feature.\n\n' \n\nThis process of isolating anomalies is repeated recursively until all data points are isolated, creating a tree structure. Anomalies are identified as data points that require fewer splits to be isolated, making them stand out as anomalies in the dataset.
In decision trees, what is information gain used for?;Measure the reduction in entropy after splitting a dataset;Evaluate the accuracy of a model on test data;Assign weights to features based on their importance;Measure the reduction in entropy after splitting a dataset;Prune unnecessary branches to improve model interpretability;advanced;Information gain in decision trees is a metric used to quantify the decrease in entropy, or the measure of impurity in a dataset, upon splitting the data based on a particular attribute. By calculating the information gain for each attribute, the decision tree algorithm can determine the most informative attribute for making the next split. The attribute with the highest information gain is typically chosen as the splitting criterion at each node, resulting in a more efficient and effective tree structure for making decisions.\n\nWhen a decision tree splits a dataset based on an attribute, the goal is to create nodes that are as pure as possible, meaning that they contain mostly instances of a single class. Information gain helps in selecting the attribute that results in the greatest reduction in entropy, leading to more accurate and insightful splits. Ultimately, information gain plays a crucial role in the construction of decision trees by guiding the algorithm to make informed decisions at each step of the tree-building process.
What is a recurring neural network (RNN) primarily used for in data science?;Sequence prediction and processing;Anomaly detection;Sequence prediction and processing;Text summarization;Image classification;advanced;A Recurrent Neural Network (RNN) is primarily used for sequence prediction and processing in data science. RNNs are designed to handle sequential data, where the order of the input elements is crucial for predicting the next element in the sequence or processing the sequential data efficiently. By maintaining a memory of previous inputs through feedback loops, RNNs can capture patterns in sequential data and make predictions based on the context of past elements.\n\nThis makes RNNs particularly useful for tasks such as language modeling, speech recognition, time series forecasting, and natural language processing, where understanding the sequential nature of the data is essential. The ability of RNNs to process inputs in a time-dependent manner enables them to effectively model dependencies between elements in a sequence, making them a powerful tool for a wide range of sequential processing tasks in data science.'
Which algorithm is commonly used for anomaly detection in a dataset where the majority of instances are not anomalous?;Isolation Forest;Decision Tree;Isolation Forest;Linear Regression;Knearest neighbors;advanced;Isolation Forest is a commonly used algorithm for anomaly detection in datasets where the majority of instances are not anomalous. It works by isolating anomalies in the data by randomly selecting a feature and then randomly selecting a split value between the maximum and minimum values of the feature. This process is repeated recursively for each subset until anomalies are isolated in smaller partitions.\n\nThe algorithm is efficient in identifying anomalies as they require fewer splits to isolate compared to normal instances, making it ideal for datasets where anomalies are the minority. Isolation Forest is also scalable and can handle high-dimensional data well, making it a popular choice for anomaly detection tasks in various domains.'